fecha_reporte,hoja,tabla_idx,tabla_label,dims,fecha,valor
2026-05-01,REPORTE_PRESIDENT,1,Tabla 1 (Producción día),"{""entidad"": ""Crudo"", ""medida"": ""programa_dia""}",,507.7657716
2026-05-01,REPORTE_PRESIDENT,1,Tabla 1 (Producción día),"{""entidad"": ""Gas"", ""medida"": ""programa_dia""}",,75.1507219
2026-05-01,REPORTE_PRESIDENT,1,Tabla 1 (Producción día),"{""entidad"": ""Blancos"", ""medida"": ""programa_dia""}",,13.491479
2026-05-01,REPORTE_PRESIDENT,1,Tabla 1 (Producción día),"{""entidad"": ""Ecopetrol"", ""medida"": ""programa_dia""}",,596.4079725
2026-05-01,REPORTE_PRESIDENT,2,Tabla 2 (Producción mes),"{""entidad"": ""Crudo"", ""medida"": ""real_mes""}",,492.932492011461
2026-05-01,REPORTE_PRESIDENT,2,Tabla 2 (Producción mes),"{""entidad"": ""Crudo"", ""medida"": ""proy_mes""}",,492.932492011461
2026-05-01,REPORTE_PRESIDENT,2,Tabla 2 (Producción mes),"{""entidad"": ""Crudo"", ""medida"": ""base_p50""}",,510.21019389561
2026-05-01,REPORTE_PRESIDENT,2,Tabla 2 (Producción mes),"{""entidad"": ""Crudo"", ""medida"": ""delta_p50""}",,-17.2777018841492
2026-05-01,REPORTE_PRESIDENT,2,Tabla 2 (Producción mes),"{""entidad"": ""Crudo"", ""medida"": ""compromiso""}",,510.21019389561
2026-05-01,REPORTE_PRESIDENT,2,Tabla 2 (Producción mes),"{""entidad"": ""Crudo"", ""medida"": ""delta_compromiso""}",,-17.2777018841492
2026-05-01,REPORTE_PRESIDENT,2,Tabla 2 (Producción mes),"{""entidad"": ""Gas"", ""medida"": ""real_mes""}",,76.6159091333918
2026-05-01,REPORTE_PRESIDENT,2,Tabla 2 (Producción mes),"{""entidad"": ""Gas"", ""medida"": ""proy_mes""}",,76.6159091333918
2026-05-01,REPORTE_PRESIDENT,2,Tabla 2 (Producción mes),"{""entidad"": ""Gas"", ""medida"": ""base_p50""}",,74.1966100403509
2026-05-01,REPORTE_PRESIDENT,2,Tabla 2 (Producción mes),"{""entidad"": ""Gas"", ""medida"": ""delta_p50""}",,2.41929909304093
2026-05-01,REPORTE_PRESIDENT,2,Tabla 2 (Producción mes),"{""entidad"": ""Gas"", ""medida"": ""compromiso""}",,74.1966100403509
2026-05-01,REPORTE_PRESIDENT,2,Tabla 2 (Producción mes),"{""entidad"": ""Gas"", ""medida"": ""delta_compromiso""}",,2.41929909304093
2026-05-01,REPORTE_PRESIDENT,2,Tabla 2 (Producción mes),"{""entidad"": ""Blancos"", ""medida"": ""real_mes""}",,13.7830497333333
2026-05-01,REPORTE_PRESIDENT,2,Tabla 2 (Producción mes),"{""entidad"": ""Blancos"", ""medida"": ""proy_mes""}",,13.7830497333333
2026-05-01,REPORTE_PRESIDENT,2,Tabla 2 (Producción mes),"{""entidad"": ""Blancos"", ""medida"": ""base_p50""}",,14.327636
2026-05-01,REPORTE_PRESIDENT,2,Tabla 2 (Producción mes),"{""entidad"": ""Blancos"", ""medida"": ""delta_p50""}",,-0.544586266666668
2026-05-01,REPORTE_PRESIDENT,2,Tabla 2 (Producción mes),"{""entidad"": ""Blancos"", ""medida"": ""compromiso""}",,14.327636
2026-05-01,REPORTE_PRESIDENT,2,Tabla 2 (Producción mes),"{""entidad"": ""Blancos"", ""medida"": ""delta_compromiso""}",,-0.544586266666668
2026-05-01,REPORTE_PRESIDENT,2,Tabla 2 (Producción mes),"{""entidad"": ""Ecopetrol"", ""medida"": ""real_mes""}",,583.331450878186
2026-05-01,REPORTE_PRESIDENT,2,Tabla 2 (Producción mes),"{""entidad"": ""Ecopetrol"", ""medida"": ""proy_mes""}",,583.331450878186
2026-05-01,REPORTE_PRESIDENT,2,Tabla 2 (Producción mes),"{""entidad"": ""Ecopetrol"", ""medida"": ""base_p50""}",,598.734439935961
2026-05-01,REPORTE_PRESIDENT,2,Tabla 2 (Producción mes),"{""entidad"": ""Ecopetrol"", ""medida"": ""delta_p50""}",,-15.4029890577749
2026-05-01,REPORTE_PRESIDENT,2,Tabla 2 (Producción mes),"{""entidad"": ""Ecopetrol"", ""medida"": ""compromiso""}",,598.734439935961
2026-05-01,REPORTE_PRESIDENT,2,Tabla 2 (Producción mes),"{""entidad"": ""Ecopetrol"", ""medida"": ""delta_compromiso""}",,-15.4029890577749
2026-05-01,REPORTE_PRESIDENT,2,Tabla 2 (Producción mes),"{""entidad"": ""Filiales"", ""medida"": ""real_mes""}",,133.514016934491
2026-05-01,REPORTE_PRESIDENT,2,Tabla 2 (Producción mes),"{""entidad"": ""Filiales"", ""medida"": ""proy_mes""}",,133.514016934491
2026-05-01,REPORTE_PRESIDENT,2,Tabla 2 (Producción mes),"{""entidad"": ""Filiales"", ""medida"": ""base_p50""}",,116.190296769339
2026-05-01,REPORTE_PRESIDENT,2,Tabla 2 (Producción mes),"{""entidad"": ""Filiales"", ""medida"": ""delta_p50""}",,17.3237201651523
2026-05-01,REPORTE_PRESIDENT,2,Tabla 2 (Producción mes),"{""entidad"": ""Filiales"", ""medida"": ""compromiso""}",,116.190296769339
2026-05-01,REPORTE_PRESIDENT,2,Tabla 2 (Producción mes),"{""entidad"": ""Filiales"", ""medida"": ""delta_compromiso""}",,17.3237201651523
2026-05-01,REPORTE_PRESIDENT,2,Tabla 2 (Producción mes),"{""entidad"": ""Upstream"", ""medida"": ""real_mes""}",,716.845467812677
2026-05-01,REPORTE_PRESIDENT,2,Tabla 2 (Producción mes),"{""entidad"": ""Upstream"", ""medida"": ""proy_mes""}",,716.845467812677
2026-05-01,REPORTE_PRESIDENT,2,Tabla 2 (Producción mes),"{""entidad"": ""Upstream"", ""medida"": ""base_p50""}",,714.9247367053
2026-05-01,REPORTE_PRESIDENT,2,Tabla 2 (Producción mes),"{""entidad"": ""Upstream"", ""medida"": ""delta_p50""}",,1.92073110737738
2026-05-01,REPORTE_PRESIDENT,2,Tabla 2 (Producción mes),"{""entidad"": ""Upstream"", ""medida"": ""compromiso""}",,714.9247367053
2026-05-01,REPORTE_PRESIDENT,2,Tabla 2 (Producción mes),"{""entidad"": ""Upstream"", ""medida"": ""delta_compromiso""}",,1.92073110737738
2026-05-02,REPORTE_PRESIDENT,1,Tabla 1 (Producción día),"{""entidad"": ""Crudo"", ""medida"": ""real_dia""}",,499.56439592941
2026-05-02,REPORTE_PRESIDENT,1,Tabla 1 (Producción día),"{""entidad"": ""Crudo"", ""medida"": ""programa_dia""}",,506.6128314
2026-05-02,REPORTE_PRESIDENT,1,Tabla 1 (Producción día),"{""entidad"": ""Crudo"", ""medida"": ""delta_dia""}",,-7.04843547058988
2026-05-02,REPORTE_PRESIDENT,1,Tabla 1 (Producción día),"{""entidad"": ""Gas"", ""medida"": ""real_dia""}",,81.5013472298246
2026-05-02,REPORTE_PRESIDENT,1,Tabla 1 (Producción día),"{""entidad"": ""Gas"", ""medida"": ""programa_dia""}",,77.3220763
2026-05-02,REPORTE_PRESIDENT,1,Tabla 1 (Producción día),"{""entidad"": ""Gas"", ""medida"": ""delta_dia""}",,4.17927092982458
2026-05-02,REPORTE_PRESIDENT,1,Tabla 1 (Producción día),"{""entidad"": ""Blancos"", ""medida"": ""real_dia""}",,13.293356
2026-05-02,REPORTE_PRESIDENT,1,Tabla 1 (Producción día),"{""entidad"": ""Blancos"", ""medida"": ""programa_dia""}",,13.3813337
2026-05-02,REPORTE_PRESIDENT,1,Tabla 1 (Producción día),"{""entidad"": ""Blancos"", ""medida"": ""delta_dia""}",,-0.0879777000000033
2026-05-02,REPORTE_PRESIDENT,1,Tabla 1 (Producción día),"{""entidad"": ""Ecopetrol"", ""medida"": ""real_dia""}",,594.359099159235
2026-05-02,REPORTE_PRESIDENT,1,Tabla 1 (Producción día),"{""entidad"": ""Ecopetrol"", ""medida"": ""programa_dia""}",,597.3162414
2026-05-02,REPORTE_PRESIDENT,1,Tabla 1 (Producción día),"{""entidad"": ""Ecopetrol"", ""medida"": ""delta_dia""}",,-2.95714224076539
2026-05-02,REPORTE_PRESIDENT,1,Tabla 1 (Producción día),"{""entidad"": ""Filiales"", ""medida"": ""real_dia""}",,132.485147873853
2026-05-02,REPORTE_PRESIDENT,1,Tabla 1 (Producción día),"{""entidad"": ""Filiales"", ""medida"": ""programa_dia""}",,125.881322873796
2026-05-02,REPORTE_PRESIDENT,1,Tabla 1 (Producción día),"{""entidad"": ""Filiales"", ""medida"": ""delta_dia""}",,6.60382500005699
2026-05-02,REPORTE_PRESIDENT,1,Tabla 1 (Producción día),"{""entidad"": ""Upstream"", ""medida"": ""real_dia""}",,726.844247033087
2026-05-02,REPORTE_PRESIDENT,1,Tabla 1 (Producción día),"{""entidad"": ""Upstream"", ""medida"": ""programa_dia""}",,723.197564273796
2026-05-02,REPORTE_PRESIDENT,1,Tabla 1 (Producción día),"{""entidad"": ""Upstream"", ""medida"": ""delta_dia""}",,3.64668275929159
2026-05-02,REPORTE_PRESIDENT,2,Tabla 2 (Producción mes),"{""entidad"": ""Crudo"", ""medida"": ""real_mes""}",,499.56439592941
2026-05-02,REPORTE_PRESIDENT,2,Tabla 2 (Producción mes),"{""entidad"": ""Crudo"", ""medida"": ""proy_mes""}",,517.879789429981
2026-05-02,REPORTE_PRESIDENT,2,Tabla 2 (Producción mes),"{""entidad"": ""Crudo"", ""medida"": ""base_p50""}",,521.818690137288
2026-05-02,REPORTE_PRESIDENT,2,Tabla 2 (Producción mes),"{""entidad"": ""Crudo"", ""medida"": ""delta_p50""}",,-3.93890070730708
2026-05-02,REPORTE_PRESIDENT,2,Tabla 2 (Producción mes),"{""entidad"": ""Crudo"", ""medida"": ""compromiso""}",,521.818690137288
2026-05-02,REPORTE_PRESIDENT,2,Tabla 2 (Producción mes),"{""entidad"": ""Crudo"", ""medida"": ""delta_compromiso""}",,-3.93890070730708
2026-05-02,REPORTE_PRESIDENT,2,Tabla 2 (Producción mes),"{""entidad"": ""Gas"", ""medida"": ""real_mes""}",,81.5013472298246
2026-05-02,REPORTE_PRESIDENT,2,Tabla 2 (Producción mes),"{""entidad"": ""Gas"", ""medida"": ""proy_mes""}",,77.8975000977363
2026-05-02,REPORTE_PRESIDENT,2,Tabla 2 (Producción mes),"{""entidad"": ""Gas"", ""medida"": ""base_p50""}",,75.1007532561404
2026-05-02,REPORTE_PRESIDENT,2,Tabla 2 (Producción mes),"{""entidad"": ""Gas"", ""medida"": ""delta_p50""}",,2.7967468415959
2026-05-02,REPORTE_PRESIDENT,2,Tabla 2 (Producción mes),"{""entidad"": ""Gas"", ""medida"": ""compromiso""}",,75.1007532561404
2026-05-02,REPORTE_PRESIDENT,2,Tabla 2 (Producción mes),"{""entidad"": ""Gas"", ""medida"": ""delta_compromiso""}",,2.7967468415959
2026-05-02,REPORTE_PRESIDENT,2,Tabla 2 (Producción mes),"{""entidad"": ""Blancos"", ""medida"": ""real_mes""}",,13.293356
2026-05-02,REPORTE_PRESIDENT,2,Tabla 2 (Producción mes),"{""entidad"": ""Blancos"", ""medida"": ""proy_mes""}",,13.3823511290323
2026-05-02,REPORTE_PRESIDENT,2,Tabla 2 (Producción mes),"{""entidad"": ""Blancos"", ""medida"": ""base_p50""}",,14.092089
2026-05-02,REPORTE_PRESIDENT,2,Tabla 2 (Producción mes),"{""entidad"": ""Blancos"", ""medida"": ""delta_p50""}",,-0.709737870967741
2026-05-02,REPORTE_PRESIDENT,2,Tabla 2 (Producción mes),"{""entidad"": ""Blancos"", ""medida"": ""compromiso""}",,14.092089
2026-05-02,REPORTE_PRESIDENT,2,Tabla 2 (Producción mes),"{""entidad"": ""Blancos"", ""medida"": ""delta_compromiso""}",,-0.709737870967741
2026-05-02,REPORTE_PRESIDENT,2,Tabla 2 (Producción mes),"{""entidad"": ""Ecopetrol"", ""medida"": ""real_mes""}",,594.359099159235
2026-05-02,REPORTE_PRESIDENT,2,Tabla 2 (Producción mes),"{""entidad"": ""Ecopetrol"", ""medida"": ""proy_mes""}",,609.15964065675
2026-05-02,REPORTE_PRESIDENT,2,Tabla 2 (Producción mes),"{""entidad"": ""Ecopetrol"", ""medida"": ""base_p50""}",,611.011532393428
2026-05-02,REPORTE_PRESIDENT,2,Tabla 2 (Producción mes),"{""entidad"": ""Ecopetrol"", ""medida"": ""delta_p50""}",,-1.85189173667891
2026-05-02,REPORTE_PRESIDENT,2,Tabla 2 (Producción mes),"{""entidad"": ""Ecopetrol"", ""medida"": ""compromiso""}",,611.011532393428
2026-05-02,REPORTE_PRESIDENT,2,Tabla 2 (Producción mes),"{""entidad"": ""Ecopetrol"", ""medida"": ""delta_compromiso""}",,-1.85189173667891
2026-05-02,REPORTE_PRESIDENT,2,Tabla 2 (Producción mes),"{""entidad"": ""Filiales"", ""medida"": ""real_mes""}",,132.485147873853
2026-05-02,REPORTE_PRESIDENT,2,Tabla 2 (Producción mes),"{""entidad"": ""Filiales"", ""medida"": ""proy_mes""}",,126.094349486701
2026-05-02,REPORTE_PRESIDENT,2,Tabla 2 (Producción mes),"{""entidad"": ""Filiales"", ""medida"": ""base_p50""}",,115.716112476783
2026-05-02,REPORTE_PRESIDENT,2,Tabla 2 (Producción mes),"{""entidad"": ""Filiales"", ""medida"": ""delta_p50""}",,10.3782370099177
2026-05-02,REPORTE_PRESIDENT,2,Tabla 2 (Producción mes),"{""entidad"": ""Filiales"", ""medida"": ""compromiso""}",,115.716112476783
2026-05-02,REPORTE_PRESIDENT,2,Tabla 2 (Producción mes),"{""entidad"": ""Filiales"", ""medida"": ""delta_compromiso""}",,10.3782370099177
2026-05-02,REPORTE_PRESIDENT,2,Tabla 2 (Producción mes),"{""entidad"": ""Upstream"", ""medida"": ""real_mes""}",,726.844247033087
2026-05-02,REPORTE_PRESIDENT,2,Tabla 2 (Producción mes),"{""entidad"": ""Upstream"", ""medida"": ""proy_mes""}",,735.25399014345
2026-05-02,REPORTE_PRESIDENT,2,Tabla 2 (Producción mes),"{""entidad"": ""Upstream"", ""medida"": ""base_p50""}",,726.727644870211
2026-05-02,REPORTE_PRESIDENT,2,Tabla 2 (Producción mes),"{""entidad"": ""Upstream"", ""medida"": ""delta_p50""}",,8.5263452732388
2026-05-02,REPORTE_PRESIDENT,2,Tabla 2 (Producción mes),"{""entidad"": ""Upstream"", ""medida"": ""compromiso""}",,726.727644870211
2026-05-02,REPORTE_PRESIDENT,2,Tabla 2 (Producción mes),"{""entidad"": ""Upstream"", ""medida"": ""delta_compromiso""}",,8.5263452732388
2026-05-03,REPORTE_PRESIDENT,1,Tabla 1 (Producción día),"{""entidad"": ""Crudo"", ""medida"": ""programa_dia""}",,508.5156527
2026-05-03,REPORTE_PRESIDENT,1,Tabla 1 (Producción día),"{""entidad"": ""Gas"", ""medida"": ""programa_dia""}",,77.0836598
2026-05-03,REPORTE_PRESIDENT,1,Tabla 1 (Producción día),"{""entidad"": ""Blancos"", ""medida"": ""programa_dia""}",,13.3758407
2026-05-03,REPORTE_PRESIDENT,1,Tabla 1 (Producción día),"{""entidad"": ""Ecopetrol"", ""medida"": ""programa_dia""}",,598.9751532
2026-05-03,REPORTE_PRESIDENT,1,Tabla 1 (Producción día),"{""entidad"": ""Filiales"", ""medida"": ""real_dia""}",,0
2026-05-03,REPORTE_PRESIDENT,1,Tabla 1 (Producción día),"{""entidad"": ""Filiales"", ""medida"": ""programa_dia""}",,125.881322873796
2026-05-03,REPORTE_PRESIDENT,1,Tabla 1 (Producción día),"{""entidad"": ""Filiales"", ""medida"": ""delta_dia""}",,-125.881322873796
2026-05-03,REPORTE_PRESIDENT,1,Tabla 1 (Producción día),"{""entidad"": ""Upstream"", ""medida"": ""programa_dia""}",,724.856476073796
2026-05-03,REPORTE_PRESIDENT,2,Tabla 2 (Producción mes),"{""entidad"": ""Crudo"", ""medida"": ""real_mes""}",,503.04546735896
2026-05-03,REPORTE_PRESIDENT,2,Tabla 2 (Producción mes),"{""entidad"": ""Crudo"", ""medida"": ""proy_mes""}",,517.833277323159
2026-05-03,REPORTE_PRESIDENT,2,Tabla 2 (Producción mes),"{""entidad"": ""Crudo"", ""medida"": ""base_p50""}",,521.818690137288
2026-05-03,REPORTE_PRESIDENT,2,Tabla 2 (Producción mes),"{""entidad"": ""Crudo"", ""medida"": ""delta_p50""}",,-3.9854128141294
2026-05-03,REPORTE_PRESIDENT,2,Tabla 2 (Producción mes),"{""entidad"": ""Crudo"", ""medida"": ""compromiso""}",,521.818690137288
2026-05-03,REPORTE_PRESIDENT,2,Tabla 2 (Producción mes),"{""entidad"": ""Crudo"", ""medida"": ""delta_compromiso""}",,-3.9854128141294
2026-05-03,REPORTE_PRESIDENT,2,Tabla 2 (Producción mes),"{""entidad"": ""Gas"", ""medida"": ""real_mes""}",,81.2644587359649
2026-05-03,REPORTE_PRESIDENT,2,Tabla 2 (Producción mes),"{""entidad"": ""Gas"", ""medida"": ""proy_mes""}",,78.0198345152235
2026-05-03,REPORTE_PRESIDENT,2,Tabla 2 (Producción mes),"{""entidad"": ""Gas"", ""medida"": ""base_p50""}",,75.1007532561404
2026-05-03,REPORTE_PRESIDENT,2,Tabla 2 (Producción mes),"{""entidad"": ""Gas"", ""medida"": ""delta_p50""}",,2.91908125908316
2026-05-03,REPORTE_PRESIDENT,2,Tabla 2 (Producción mes),"{""entidad"": ""Gas"", ""medida"": ""compromiso""}",,75.1007532561404
2026-05-03,REPORTE_PRESIDENT,2,Tabla 2 (Producción mes),"{""entidad"": ""Gas"", ""medida"": ""delta_compromiso""}",,2.91908125908316
2026-05-03,REPORTE_PRESIDENT,2,Tabla 2 (Producción mes),"{""entidad"": ""Blancos"", ""medida"": ""real_mes""}",,14.30631705
2026-05-03,REPORTE_PRESIDENT,2,Tabla 2 (Producción mes),"{""entidad"": ""Blancos"", ""medida"": ""proy_mes""}",,13.4449331806452
2026-05-03,REPORTE_PRESIDENT,2,Tabla 2 (Producción mes),"{""entidad"": ""Blancos"", ""medida"": ""base_p50""}",,14.092089
2026-05-03,REPORTE_PRESIDENT,2,Tabla 2 (Producción mes),"{""entidad"": ""Blancos"", ""medida"": ""delta_p50""}",,-0.647155819354838
2026-05-03,REPORTE_PRESIDENT,2,Tabla 2 (Producción mes),"{""entidad"": ""Blancos"", ""medida"": ""compromiso""}",,14.092089
2026-05-03,REPORTE_PRESIDENT,2,Tabla 2 (Producción mes),"{""entidad"": ""Blancos"", ""medida"": ""delta_compromiso""}",,-0.647155819354838
2026-05-03,REPORTE_PRESIDENT,2,Tabla 2 (Producción mes),"{""entidad"": ""Ecopetrol"", ""medida"": ""real_mes""}",,598.616243144925
2026-05-03,REPORTE_PRESIDENT,2,Tabla 2 (Producción mes),"{""entidad"": ""Ecopetrol"", ""medida"": ""proy_mes""}",,609.298045019027
2026-05-03,REPORTE_PRESIDENT,2,Tabla 2 (Producción mes),"{""entidad"": ""Ecopetrol"", ""medida"": ""base_p50""}",,611.011532393428
2026-05-03,REPORTE_PRESIDENT,2,Tabla 2 (Producción mes),"{""entidad"": ""Ecopetrol"", ""medida"": ""delta_p50""}",,-1.7134873744011
2026-05-03,REPORTE_PRESIDENT,2,Tabla 2 (Producción mes),"{""entidad"": ""Ecopetrol"", ""medida"": ""compromiso""}",,611.011532393428
2026-05-03,REPORTE_PRESIDENT,2,Tabla 2 (Producción mes),"{""entidad"": ""Ecopetrol"", ""medida"": ""delta_compromiso""}",,-1.7134873744011
2026-05-03,REPORTE_PRESIDENT,2,Tabla 2 (Producción mes),"{""entidad"": ""Filiales"", ""medida"": ""real_mes""}",,130.467649223853
2026-05-03,REPORTE_PRESIDENT,2,Tabla 2 (Producción mes),"{""entidad"": ""Filiales"", ""medida"": ""proy_mes""}",,126.17721489638
2026-05-03,REPORTE_PRESIDENT,2,Tabla 2 (Producción mes),"{""entidad"": ""Filiales"", ""medida"": ""base_p50""}",,115.716112476783
2026-05-03,REPORTE_PRESIDENT,2,Tabla 2 (Producción mes),"{""entidad"": ""Filiales"", ""medida"": ""delta_p50""}",,10.4611024195969
2026-05-03,REPORTE_PRESIDENT,2,Tabla 2 (Producción mes),"{""entidad"": ""Filiales"", ""medida"": ""compromiso""}",,115.716112476783
2026-05-03,REPORTE_PRESIDENT,2,Tabla 2 (Producción mes),"{""entidad"": ""Filiales"", ""medida"": ""delta_compromiso""}",,10.4611024195969
2026-05-03,REPORTE_PRESIDENT,2,Tabla 2 (Producción mes),"{""entidad"": ""Upstream"", ""medida"": ""real_mes""}",,729.083892368777
2026-05-03,REPORTE_PRESIDENT,2,Tabla 2 (Producción mes),"{""entidad"": ""Upstream"", ""medida"": ""proy_mes""}",,735.475259915407
2026-05-03,REPORTE_PRESIDENT,2,Tabla 2 (Producción mes),"{""entidad"": ""Upstream"", ""medida"": ""base_p50""}",,726.727644870211
2026-05-03,REPORTE_PRESIDENT,2,Tabla 2 (Producción mes),"{""entidad"": ""Upstream"", ""medida"": ""delta_p50""}",,8.74761504519586
2026-05-03,REPORTE_PRESIDENT,2,Tabla 2 (Producción mes),"{""entidad"": ""Upstream"", ""medida"": ""compromiso""}",,726.727644870211
2026-05-03,REPORTE_PRESIDENT,2,Tabla 2 (Producción mes),"{""entidad"": ""Upstream"", ""medida"": ""delta_compromiso""}",,8.74761504519586
2026-05-04,REPORTE_PRESIDENT,1,Tabla 1 (Producción día),"{""entidad"": ""Crudo"", ""medida"": ""programa_dia""}",,509.6341694
2026-05-04,REPORTE_PRESIDENT,1,Tabla 1 (Producción día),"{""entidad"": ""Gas"", ""medida"": ""programa_dia""}",,76.9295122
2026-05-04,REPORTE_PRESIDENT,1,Tabla 1 (Producción día),"{""entidad"": ""Blancos"", ""medida"": ""programa_dia""}",,13.3112305
2026-05-04,REPORTE_PRESIDENT,1,Tabla 1 (Producción día),"{""entidad"": ""Ecopetrol"", ""medida"": ""programa_dia""}",,599.8749121
2026-05-04,REPORTE_PRESIDENT,1,Tabla 1 (Producción día),"{""entidad"": ""Filiales"", ""medida"": ""real_dia""}",,0
2026-05-04,REPORTE_PRESIDENT,1,Tabla 1 (Producción día),"{""entidad"": ""Filiales"", ""medida"": ""programa_dia""}",,125.881322873796
2026-05-04,REPORTE_PRESIDENT,1,Tabla 1 (Producción día),"{""entidad"": ""Filiales"", ""medida"": ""delta_dia""}",,-125.881322873796
2026-05-04,REPORTE_PRESIDENT,1,Tabla 1 (Producción día),"{""entidad"": ""Upstream"", ""medida"": ""programa_dia""}",,725.756234973796
2026-05-04,REPORTE_PRESIDENT,2,Tabla 2 (Producción mes),"{""entidad"": ""Crudo"", ""medida"": ""real_mes""}",,500.11050304853
2026-05-04,REPORTE_PRESIDENT,2,Tabla 2 (Producción mes),"{""entidad"": ""Crudo"", ""medida"": ""proy_mes""}",,517.372790927277
2026-05-04,REPORTE_PRESIDENT,2,Tabla 2 (Producción mes),"{""entidad"": ""Crudo"", ""medida"": ""base_p50""}",,521.818690137288
2026-05-04,REPORTE_PRESIDENT,2,Tabla 2 (Producción mes),"{""entidad"": ""Crudo"", ""medida"": ""delta_p50""}",,-4.44589921001102
2026-05-04,REPORTE_PRESIDENT,2,Tabla 2 (Producción mes),"{""entidad"": ""Crudo"", ""medida"": ""compromiso""}",,521.818690137288
2026-05-04,REPORTE_PRESIDENT,2,Tabla 2 (Producción mes),"{""entidad"": ""Crudo"", ""medida"": ""delta_compromiso""}",,-4.44589921001102
2026-05-04,REPORTE_PRESIDENT,2,Tabla 2 (Producción mes),"{""entidad"": ""Gas"", ""medida"": ""real_mes""}",,81.2363230467836
2026-05-04,REPORTE_PRESIDENT,2,Tabla 2 (Producción mes),"{""entidad"": ""Gas"", ""medida"": ""proy_mes""}",,78.1519761883984
2026-05-04,REPORTE_PRESIDENT,2,Tabla 2 (Producción mes),"{""entidad"": ""Gas"", ""medida"": ""base_p50""}",,75.1007532561404
2026-05-04,REPORTE_PRESIDENT,2,Tabla 2 (Producción mes),"{""entidad"": ""Gas"", ""medida"": ""delta_p50""}",,3.05122293225804
2026-05-04,REPORTE_PRESIDENT,2,Tabla 2 (Producción mes),"{""entidad"": ""Gas"", ""medida"": ""compromiso""}",,75.1007532561404
2026-05-04,REPORTE_PRESIDENT,2,Tabla 2 (Producción mes),"{""entidad"": ""Gas"", ""medida"": ""delta_compromiso""}",,3.05122293225804
2026-05-04,REPORTE_PRESIDENT,2,Tabla 2 (Producción mes),"{""entidad"": ""Blancos"", ""medida"": ""real_mes""}",,14.2378150333333
2026-05-04,REPORTE_PRESIDENT,2,Tabla 2 (Producción mes),"{""entidad"": ""Blancos"", ""medida"": ""proy_mes""}",,13.4683193193548
2026-05-04,REPORTE_PRESIDENT,2,Tabla 2 (Producción mes),"{""entidad"": ""Blancos"", ""medida"": ""base_p50""}",,14.092089
2026-05-04,REPORTE_PRESIDENT,2,Tabla 2 (Producción mes),"{""entidad"": ""Blancos"", ""medida"": ""delta_p50""}",,-0.623769680645161
2026-05-04,REPORTE_PRESIDENT,2,Tabla 2 (Producción mes),"{""entidad"": ""Blancos"", ""medida"": ""compromiso""}",,14.092089
2026-05-04,REPORTE_PRESIDENT,2,Tabla 2 (Producción mes),"{""entidad"": ""Blancos"", ""medida"": ""delta_compromiso""}",,-0.623769680645161
2026-05-04,REPORTE_PRESIDENT,2,Tabla 2 (Producción mes),"{""entidad"": ""Ecopetrol"", ""medida"": ""real_mes""}",,595.584641128647
2026-05-04,REPORTE_PRESIDENT,2,Tabla 2 (Producción mes),"{""entidad"": ""Ecopetrol"", ""medida"": ""proy_mes""}",,608.99308643503
2026-05-04,REPORTE_PRESIDENT,2,Tabla 2 (Producción mes),"{""entidad"": ""Ecopetrol"", ""medida"": ""base_p50""}",,611.011532393428
2026-05-04,REPORTE_PRESIDENT,2,Tabla 2 (Producción mes),"{""entidad"": ""Ecopetrol"", ""medida"": ""delta_p50""}",,-2.01844595839816
2026-05-04,REPORTE_PRESIDENT,2,Tabla 2 (Producción mes),"{""entidad"": ""Ecopetrol"", ""medida"": ""compromiso""}",,611.011532393428
2026-05-04,REPORTE_PRESIDENT,2,Tabla 2 (Producción mes),"{""entidad"": ""Ecopetrol"", ""medida"": ""delta_compromiso""}",,-2.01844595839816
2026-05-04,REPORTE_PRESIDENT,2,Tabla 2 (Producción mes),"{""entidad"": ""Filiales"", ""medida"": ""real_mes""}",,130.439490373853
2026-05-04,REPORTE_PRESIDENT,2,Tabla 2 (Producción mes),"{""entidad"": ""Filiales"", ""medida"": ""proy_mes""}",,126.322435857672
2026-05-04,REPORTE_PRESIDENT,2,Tabla 2 (Producción mes),"{""entidad"": ""Filiales"", ""medida"": ""base_p50""}",,115.716112476783
2026-05-04,REPORTE_PRESIDENT,2,Tabla 2 (Producción mes),"{""entidad"": ""Filiales"", ""medida"": ""delta_p50""}",,10.6063233808891
2026-05-04,REPORTE_PRESIDENT,2,Tabla 2 (Producción mes),"{""entidad"": ""Filiales"", ""medida"": ""compromiso""}",,115.716112476783
2026-05-04,REPORTE_PRESIDENT,2,Tabla 2 (Producción mes),"{""entidad"": ""Filiales"", ""medida"": ""delta_compromiso""}",,10.6063233808891
2026-05-04,REPORTE_PRESIDENT,2,Tabla 2 (Producción mes),"{""entidad"": ""Upstream"", ""medida"": ""real_mes""}",,726.024131502499
2026-05-04,REPORTE_PRESIDENT,2,Tabla 2 (Producción mes),"{""entidad"": ""Upstream"", ""medida"": ""proy_mes""}",,735.315522292702
2026-05-04,REPORTE_PRESIDENT,2,Tabla 2 (Producción mes),"{""entidad"": ""Upstream"", ""medida"": ""base_p50""}",,726.727644870211
2026-05-04,REPORTE_PRESIDENT,2,Tabla 2 (Producción mes),"{""entidad"": ""Upstream"", ""medida"": ""delta_p50""}",,8.58787742249092
2026-05-04,REPORTE_PRESIDENT,2,Tabla 2 (Producción mes),"{""entidad"": ""Upstream"", ""medida"": ""compromiso""}",,726.727644870211
2026-05-04,REPORTE_PRESIDENT,2,Tabla 2 (Producción mes),"{""entidad"": ""Upstream"", ""medida"": ""delta_compromiso""}",,8.58787742249092
2026-05-05,REPORTE_PRESIDENT,1,Tabla 1 (Producción día),"{""entidad"": ""Crudo"", ""medida"": ""real_dia""}",,501.90525897247
2026-05-05,REPORTE_PRESIDENT,1,Tabla 1 (Producción día),"{""entidad"": ""Crudo"", ""medida"": ""programa_dia""}",,509.6341694
2026-05-05,REPORTE_PRESIDENT,1,Tabla 1 (Producción día),"{""entidad"": ""Crudo"", ""medida"": ""delta_dia""}",,-7.72891042753008
2026-05-05,REPORTE_PRESIDENT,1,Tabla 1 (Producción día),"{""entidad"": ""Gas"", ""medida"": ""real_dia""}",,80.6847865842105
2026-05-05,REPORTE_PRESIDENT,1,Tabla 1 (Producción día),"{""entidad"": ""Gas"", ""medida"": ""programa_dia""}",,76.9295122
2026-05-05,REPORTE_PRESIDENT,1,Tabla 1 (Producción día),"{""entidad"": ""Gas"", ""medida"": ""delta_dia""}",,3.75527438421052
2026-05-05,REPORTE_PRESIDENT,1,Tabla 1 (Producción día),"{""entidad"": ""Blancos"", ""medida"": ""real_dia""}",,10.207092
2026-05-05,REPORTE_PRESIDENT,1,Tabla 1 (Producción día),"{""entidad"": ""Blancos"", ""medida"": ""programa_dia""}",,13.3112305
2026-05-05,REPORTE_PRESIDENT,1,Tabla 1 (Producción día),"{""entidad"": ""Blancos"", ""medida"": ""delta_dia""}",,-3.1041385
2026-05-05,REPORTE_PRESIDENT,1,Tabla 1 (Producción día),"{""entidad"": ""Ecopetrol"", ""medida"": ""real_dia""}",,592.79713755668
2026-05-05,REPORTE_PRESIDENT,1,Tabla 1 (Producción día),"{""entidad"": ""Ecopetrol"", ""medida"": ""programa_dia""}",,599.8749121
2026-05-05,REPORTE_PRESIDENT,1,Tabla 1 (Producción día),"{""entidad"": ""Ecopetrol"", ""medida"": ""delta_dia""}",,-7.07777454331949
2026-05-05,REPORTE_PRESIDENT,1,Tabla 1 (Producción día),"{""entidad"": ""Filiales"", ""medida"": ""real_dia""}",,125.974821015402
2026-05-05,REPORTE_PRESIDENT,1,Tabla 1 (Producción día),"{""entidad"": ""Filiales"", ""medida"": ""programa_dia""}",,125.881322873796
2026-05-05,REPORTE_PRESIDENT,1,Tabla 1 (Producción día),"{""entidad"": ""Filiales"", ""medida"": ""delta_dia""}",,0.0934981416066023
2026-05-05,REPORTE_PRESIDENT,1,Tabla 1 (Producción día),"{""entidad"": ""Upstream"", ""medida"": ""real_dia""}",,718.771958572083
2026-05-05,REPORTE_PRESIDENT,1,Tabla 1 (Producción día),"{""entidad"": ""Upstream"", ""medida"": ""programa_dia""}",,725.756234973796
2026-05-05,REPORTE_PRESIDENT,1,Tabla 1 (Producción día),"{""entidad"": ""Upstream"", ""medida"": ""delta_dia""}",,-6.98427640171292
2026-05-05,REPORTE_PRESIDENT,2,Tabla 2 (Producción mes),"{""entidad"": ""Crudo"", ""medida"": ""real_mes""}",,501.116653259265
2026-05-05,REPORTE_PRESIDENT,2,Tabla 2 (Producción mes),"{""entidad"": ""Crudo"", ""medida"": ""proy_mes""}",,517.195401717325
2026-05-05,REPORTE_PRESIDENT,2,Tabla 2 (Producción mes),"{""entidad"": ""Crudo"", ""medida"": ""base_p50""}",,521.818690137288
2026-05-05,REPORTE_PRESIDENT,2,Tabla 2 (Producción mes),"{""entidad"": ""Crudo"", ""medida"": ""delta_p50""}",,-4.6232884199635
2026-05-05,REPORTE_PRESIDENT,2,Tabla 2 (Producción mes),"{""entidad"": ""Crudo"", ""medida"": ""compromiso""}",,521.818690137288
2026-05-05,REPORTE_PRESIDENT,2,Tabla 2 (Producción mes),"{""entidad"": ""Crudo"", ""medida"": ""delta_compromiso""}",,-4.6232884199635
2026-05-05,REPORTE_PRESIDENT,2,Tabla 2 (Producción mes),"{""entidad"": ""Gas"", ""medida"": ""real_mes""}",,81.1127198083333
2026-05-05,REPORTE_PRESIDENT,2,Tabla 2 (Producción mes),"{""entidad"": ""Gas"", ""medida"": ""proy_mes""}",,78.2749567655914
2026-05-05,REPORTE_PRESIDENT,2,Tabla 2 (Producción mes),"{""entidad"": ""Gas"", ""medida"": ""base_p50""}",,75.1007532561404
2026-05-05,REPORTE_PRESIDENT,2,Tabla 2 (Producción mes),"{""entidad"": ""Gas"", ""medida"": ""delta_p50""}",,3.17420350945102
2026-05-05,REPORTE_PRESIDENT,2,Tabla 2 (Producción mes),"{""entidad"": ""Gas"", ""medida"": ""compromiso""}",,75.1007532561404
2026-05-05,REPORTE_PRESIDENT,2,Tabla 2 (Producción mes),"{""entidad"": ""Gas"", ""medida"": ""delta_compromiso""}",,3.17420350945102
2026-05-05,REPORTE_PRESIDENT,2,Tabla 2 (Producción mes),"{""entidad"": ""Blancos"", ""medida"": ""real_mes""}",,13.230134275
2026-05-05,REPORTE_PRESIDENT,2,Tabla 2 (Producción mes),"{""entidad"": ""Blancos"", ""medida"": ""proy_mes""}",,13.3681858193548
2026-05-05,REPORTE_PRESIDENT,2,Tabla 2 (Producción mes),"{""entidad"": ""Blancos"", ""medida"": ""base_p50""}",,14.092089
2026-05-05,REPORTE_PRESIDENT,2,Tabla 2 (Producción mes),"{""entidad"": ""Blancos"", ""medida"": ""delta_p50""}",,-0.723903180645163
2026-05-05,REPORTE_PRESIDENT,2,Tabla 2 (Producción mes),"{""entidad"": ""Blancos"", ""medida"": ""compromiso""}",,14.092089
2026-05-05,REPORTE_PRESIDENT,2,Tabla 2 (Producción mes),"{""entidad"": ""Blancos"", ""medida"": ""delta_compromiso""}",,-0.723903180645163
2026-05-05,REPORTE_PRESIDENT,2,Tabla 2 (Producción mes),"{""entidad"": ""Ecopetrol"", ""medida"": ""real_mes""}",,595.459507342598
2026-05-05,REPORTE_PRESIDENT,2,Tabla 2 (Producción mes),"{""entidad"": ""Ecopetrol"", ""medida"": ""proy_mes""}",,608.838544302271
2026-05-05,REPORTE_PRESIDENT,2,Tabla 2 (Producción mes),"{""entidad"": ""Ecopetrol"", ""medida"": ""base_p50""}",,611.011532393428
2026-05-05,REPORTE_PRESIDENT,2,Tabla 2 (Producción mes),"{""entidad"": ""Ecopetrol"", ""medida"": ""delta_p50""}",,-2.17298809115766
2026-05-05,REPORTE_PRESIDENT,2,Tabla 2 (Producción mes),"{""entidad"": ""Ecopetrol"", ""medida"": ""compromiso""}",,611.011532393428
2026-05-05,REPORTE_PRESIDENT,2,Tabla 2 (Producción mes),"{""entidad"": ""Ecopetrol"", ""medida"": ""delta_compromiso""}",,-2.17298809115766
2026-05-05,REPORTE_PRESIDENT,2,Tabla 2 (Producción mes),"{""entidad"": ""Filiales"", ""medida"": ""real_mes""}",,125.650149499219
2026-05-05,REPORTE_PRESIDENT,2,Tabla 2 (Producción mes),"{""entidad"": ""Filiales"", ""medida"": ""proy_mes""}",,125.85149405127
2026-05-05,REPORTE_PRESIDENT,2,Tabla 2 (Producción mes),"{""entidad"": ""Filiales"", ""medida"": ""base_p50""}",,115.716112476783
2026-05-05,REPORTE_PRESIDENT,2,Tabla 2 (Producción mes),"{""entidad"": ""Filiales"", ""medida"": ""delta_p50""}",,10.1353815744865
2026-05-05,REPORTE_PRESIDENT,2,Tabla 2 (Producción mes),"{""entidad"": ""Filiales"", ""medida"": ""compromiso""}",,115.716112476783
2026-05-05,REPORTE_PRESIDENT,2,Tabla 2 (Producción mes),"{""entidad"": ""Filiales"", ""medida"": ""delta_compromiso""}",,10.1353815744865
2026-05-05,REPORTE_PRESIDENT,2,Tabla 2 (Producción mes),"{""entidad"": ""Upstream"", ""medida"": ""real_mes""}",,721.109656841817
2026-05-05,REPORTE_PRESIDENT,2,Tabla 2 (Producción mes),"{""entidad"": ""Upstream"", ""medida"": ""proy_mes""}",,734.69003835354
2026-05-05,REPORTE_PRESIDENT,2,Tabla 2 (Producción mes),"{""entidad"": ""Upstream"", ""medida"": ""base_p50""}",,726.727644870211
2026-05-05,REPORTE_PRESIDENT,2,Tabla 2 (Producción mes),"{""entidad"": ""Upstream"", ""medida"": ""delta_p50""}",,7.96239348332892
2026-05-05,REPORTE_PRESIDENT,2,Tabla 2 (Producción mes),"{""entidad"": ""Upstream"", ""medida"": ""compromiso""}",,726.727644870211
2026-05-05,REPORTE_PRESIDENT,2,Tabla 2 (Producción mes),"{""entidad"": ""Upstream"", ""medida"": ""delta_compromiso""}",,7.96239348332892
2026-05-06,REPORTE_PRESIDENT,1,Tabla 1 (Producción día),"{""entidad"": ""Crudo"", ""medida"": ""real_dia""}",,499.7781831381
2026-05-06,REPORTE_PRESIDENT,1,Tabla 1 (Producción día),"{""entidad"": ""Crudo"", ""medida"": ""programa_dia""}",,510.2691801
2026-05-06,REPORTE_PRESIDENT,1,Tabla 1 (Producción día),"{""entidad"": ""Crudo"", ""medida"": ""delta_dia""}",,-10.4909969619
2026-05-06,REPORTE_PRESIDENT,1,Tabla 1 (Producción día),"{""entidad"": ""Gas"", ""medida"": ""real_dia""}",,80.5853081245614
2026-05-06,REPORTE_PRESIDENT,1,Tabla 1 (Producción día),"{""entidad"": ""Gas"", ""medida"": ""programa_dia""}",,78.0160273
2026-05-06,REPORTE_PRESIDENT,1,Tabla 1 (Producción día),"{""entidad"": ""Gas"", ""medida"": ""delta_dia""}",,2.5692808245614
2026-05-06,REPORTE_PRESIDENT,1,Tabla 1 (Producción día),"{""entidad"": ""Blancos"", ""medida"": ""real_dia""}",,15.9438565
2026-05-06,REPORTE_PRESIDENT,1,Tabla 1 (Producción día),"{""entidad"": ""Blancos"", ""medida"": ""programa_dia""}",,13.3096624
2026-05-06,REPORTE_PRESIDENT,1,Tabla 1 (Producción día),"{""entidad"": ""Blancos"", ""medida"": ""delta_dia""}",,2.6341941
2026-05-06,REPORTE_PRESIDENT,1,Tabla 1 (Producción día),"{""entidad"": ""Ecopetrol"", ""medida"": ""real_dia""}",,596.307347762661
2026-05-06,REPORTE_PRESIDENT,1,Tabla 1 (Producción día),"{""entidad"": ""Ecopetrol"", ""medida"": ""programa_dia""}",,601.5948698
2026-05-06,REPORTE_PRESIDENT,1,Tabla 1 (Producción día),"{""entidad"": ""Ecopetrol"", ""medida"": ""delta_dia""}",,-5.28752203733848
2026-05-06,REPORTE_PRESIDENT,1,Tabla 1 (Producción día),"{""entidad"": ""Filiales"", ""medida"": ""real_dia""}",,122.860216915402
2026-05-06,REPORTE_PRESIDENT,1,Tabla 1 (Producción día),"{""entidad"": ""Filiales"", ""medida"": ""programa_dia""}",,125.881322873796
2026-05-06,REPORTE_PRESIDENT,1,Tabla 1 (Producción día),"{""entidad"": ""Filiales"", ""medida"": ""delta_dia""}",,-3.02110595839338
2026-05-06,REPORTE_PRESIDENT,1,Tabla 1 (Producción día),"{""entidad"": ""Upstream"", ""medida"": ""real_dia""}",,719.167564678064
2026-05-06,REPORTE_PRESIDENT,1,Tabla 1 (Producción día),"{""entidad"": ""Upstream"", ""medida"": ""programa_dia""}",,727.476192673796
2026-05-06,REPORTE_PRESIDENT,1,Tabla 1 (Producción día),"{""entidad"": ""Upstream"", ""medida"": ""delta_dia""}",,-8.30862799573185
2026-05-06,REPORTE_PRESIDENT,2,Tabla 2 (Producción mes),"{""entidad"": ""Crudo"", ""medida"": ""real_mes""}",,502.027125032904
2026-05-06,REPORTE_PRESIDENT,2,Tabla 2 (Producción mes),"{""entidad"": ""Crudo"", ""medida"": ""proy_mes""}",,517.047009202081
2026-05-06,REPORTE_PRESIDENT,2,Tabla 2 (Producción mes),"{""entidad"": ""Crudo"", ""medida"": ""base_p50""}",,521.818690137288
2026-05-06,REPORTE_PRESIDENT,2,Tabla 2 (Producción mes),"{""entidad"": ""Crudo"", ""medida"": ""delta_p50""}",,-4.77168093520675
2026-05-06,REPORTE_PRESIDENT,2,Tabla 2 (Producción mes),"{""entidad"": ""Crudo"", ""medida"": ""compromiso""}",,521.818690137288
2026-05-06,REPORTE_PRESIDENT,2,Tabla 2 (Producción mes),"{""entidad"": ""Crudo"", ""medida"": ""delta_compromiso""}",,-4.77168093520675
2026-05-06,REPORTE_PRESIDENT,2,Tabla 2 (Producción mes),"{""entidad"": ""Gas"", ""medida"": ""real_mes""}",,81.0149244891228
2026-05-06,REPORTE_PRESIDENT,2,Tabla 2 (Producción mes),"{""entidad"": ""Gas"", ""medida"": ""proy_mes""}",,78.3590766337295
2026-05-06,REPORTE_PRESIDENT,2,Tabla 2 (Producción mes),"{""entidad"": ""Gas"", ""medida"": ""base_p50""}",,75.1007532561404
2026-05-06,REPORTE_PRESIDENT,2,Tabla 2 (Producción mes),"{""entidad"": ""Gas"", ""medida"": ""delta_p50""}",,3.25832337758911
2026-05-06,REPORTE_PRESIDENT,2,Tabla 2 (Producción mes),"{""entidad"": ""Gas"", ""medida"": ""compromiso""}",,75.1007532561404
2026-05-06,REPORTE_PRESIDENT,2,Tabla 2 (Producción mes),"{""entidad"": ""Gas"", ""medida"": ""delta_compromiso""}",,3.25832337758911
2026-05-06,REPORTE_PRESIDENT,2,Tabla 2 (Producción mes),"{""entidad"": ""Blancos"", ""medida"": ""real_mes""}",,13.77287872
2026-05-06,REPORTE_PRESIDENT,2,Tabla 2 (Producción mes),"{""entidad"": ""Blancos"", ""medida"": ""proy_mes""}",,13.4531598225806
2026-05-06,REPORTE_PRESIDENT,2,Tabla 2 (Producción mes),"{""entidad"": ""Blancos"", ""medida"": ""base_p50""}",,14.092089
2026-05-06,REPORTE_PRESIDENT,2,Tabla 2 (Producción mes),"{""entidad"": ""Blancos"", ""medida"": ""delta_p50""}",,-0.638929177419357
2026-05-06,REPORTE_PRESIDENT,2,Tabla 2 (Producción mes),"{""entidad"": ""Blancos"", ""medida"": ""compromiso""}",,14.092089
2026-05-06,REPORTE_PRESIDENT,2,Tabla 2 (Producción mes),"{""entidad"": ""Blancos"", ""medida"": ""delta_compromiso""}",,-0.638929177419357
2026-05-06,REPORTE_PRESIDENT,2,Tabla 2 (Producción mes),"{""entidad"": ""Ecopetrol"", ""medida"": ""real_mes""}",,596.814928242027
2026-05-06,REPORTE_PRESIDENT,2,Tabla 2 (Producción mes),"{""entidad"": ""Ecopetrol"", ""medida"": ""proy_mes""}",,608.859245658392
2026-05-06,REPORTE_PRESIDENT,2,Tabla 2 (Producción mes),"{""entidad"": ""Ecopetrol"", ""medida"": ""base_p50""}",,611.011532393428
2026-05-06,REPORTE_PRESIDENT,2,Tabla 2 (Producción mes),"{""entidad"": ""Ecopetrol"", ""medida"": ""delta_p50""}",,-2.15228673503691
2026-05-06,REPORTE_PRESIDENT,2,Tabla 2 (Producción mes),"{""entidad"": ""Ecopetrol"", ""medida"": ""compromiso""}",,611.011532393428
2026-05-06,REPORTE_PRESIDENT,2,Tabla 2 (Producción mes),"{""entidad"": ""Ecopetrol"", ""medida"": ""delta_compromiso""}",,-2.15228673503691
2026-05-06,REPORTE_PRESIDENT,2,Tabla 2 (Producción mes),"{""entidad"": ""Filiales"", ""medida"": ""real_mes""}",,125.229162982455
2026-05-06,REPORTE_PRESIDENT,2,Tabla 2 (Producción mes),"{""entidad"": ""Filiales"", ""medida"": ""proy_mes""}",,125.776135794547
2026-05-06,REPORTE_PRESIDENT,2,Tabla 2 (Producción mes),"{""entidad"": ""Filiales"", ""medida"": ""base_p50""}",,115.716112476783
2026-05-06,REPORTE_PRESIDENT,2,Tabla 2 (Producción mes),"{""entidad"": ""Filiales"", ""medida"": ""delta_p50""}",,10.0600233177641
2026-05-06,REPORTE_PRESIDENT,2,Tabla 2 (Producción mes),"{""entidad"": ""Filiales"", ""medida"": ""compromiso""}",,115.716112476783
2026-05-06,REPORTE_PRESIDENT,2,Tabla 2 (Producción mes),"{""entidad"": ""Filiales"", ""medida"": ""delta_compromiso""}",,10.0600233177641
2026-05-06,REPORTE_PRESIDENT,2,Tabla 2 (Producción mes),"{""entidad"": ""Upstream"", ""medida"": ""real_mes""}",,722.044091224482
2026-05-06,REPORTE_PRESIDENT,2,Tabla 2 (Producción mes),"{""entidad"": ""Upstream"", ""medida"": ""proy_mes""}",,734.635381452939
2026-05-06,REPORTE_PRESIDENT,2,Tabla 2 (Producción mes),"{""entidad"": ""Upstream"", ""medida"": ""base_p50""}",,726.727644870211
2026-05-06,REPORTE_PRESIDENT,2,Tabla 2 (Producción mes),"{""entidad"": ""Upstream"", ""medida"": ""delta_p50""}",,7.90773658272724
2026-05-06,REPORTE_PRESIDENT,2,Tabla 2 (Producción mes),"{""entidad"": ""Upstream"", ""medida"": ""compromiso""}",,726.727644870211
2026-05-06,REPORTE_PRESIDENT,2,Tabla 2 (Producción mes),"{""entidad"": ""Upstream"", ""medida"": ""delta_compromiso""}",,7.90773658272724
2026-05-07,REPORTE_PRESIDENT,1,Tabla 1 (Producción día),"{""entidad"": ""Crudo"", ""medida"": ""programa_dia""}",,515.8528374
2026-05-07,REPORTE_PRESIDENT,1,Tabla 1 (Producción día),"{""entidad"": ""Gas"", ""medida"": ""programa_dia""}",,77.4769805
2026-05-07,REPORTE_PRESIDENT,1,Tabla 1 (Producción día),"{""entidad"": ""Blancos"", ""medida"": ""programa_dia""}",,13.2992417
2026-05-07,REPORTE_PRESIDENT,1,Tabla 1 (Producción día),"{""entidad"": ""Ecopetrol"", ""medida"": ""programa_dia""}",,606.6290596
2026-05-07,REPORTE_PRESIDENT,1,Tabla 1 (Producción día),"{""entidad"": ""Filiales"", ""medida"": ""real_dia""}",,0
2026-05-07,REPORTE_PRESIDENT,1,Tabla 1 (Producción día),"{""entidad"": ""Filiales"", ""medida"": ""programa_dia""}",,125.881322873796
2026-05-07,REPORTE_PRESIDENT,1,Tabla 1 (Producción día),"{""entidad"": ""Filiales"", ""medida"": ""delta_dia""}",,-125.881322873796
2026-05-07,REPORTE_PRESIDENT,1,Tabla 1 (Producción día),"{""entidad"": ""Upstream"", ""medida"": ""programa_dia""}",,732.510382473796
2026-05-07,REPORTE_PRESIDENT,2,Tabla 2 (Producción mes),"{""entidad"": ""Crudo"", ""medida"": ""real_mes""}",,502.820004525445
2026-05-07,REPORTE_PRESIDENT,2,Tabla 2 (Producción mes),"{""entidad"": ""Crudo"", ""medida"": ""proy_mes""}",,516.896809104925
2026-05-07,REPORTE_PRESIDENT,2,Tabla 2 (Producción mes),"{""entidad"": ""Crudo"", ""medida"": ""base_p50""}",,521.818690137288
2026-05-07,REPORTE_PRESIDENT,2,Tabla 2 (Producción mes),"{""entidad"": ""Crudo"", ""medida"": ""delta_p50""}",,-4.92188103236333
2026-05-07,REPORTE_PRESIDENT,2,Tabla 2 (Producción mes),"{""entidad"": ""Crudo"", ""medida"": ""compromiso""}",,521.818690137288
2026-05-07,REPORTE_PRESIDENT,2,Tabla 2 (Producción mes),"{""entidad"": ""Crudo"", ""medida"": ""delta_compromiso""}",,-4.92188103236333
2026-05-07,REPORTE_PRESIDENT,2,Tabla 2 (Producción mes),"{""entidad"": ""Gas"", ""medida"": ""real_mes""}",,81.0417795619298
2026-05-07,REPORTE_PRESIDENT,2,Tabla 2 (Producción mes),"{""entidad"": ""Gas"", ""medida"": ""proy_mes""}",,78.4700204442445
2026-05-07,REPORTE_PRESIDENT,2,Tabla 2 (Producción mes),"{""entidad"": ""Gas"", ""medida"": ""base_p50""}",,75.1007532561404
2026-05-07,REPORTE_PRESIDENT,2,Tabla 2 (Producción mes),"{""entidad"": ""Gas"", ""medida"": ""delta_p50""}",,3.36926718810412
2026-05-07,REPORTE_PRESIDENT,2,Tabla 2 (Producción mes),"{""entidad"": ""Gas"", ""medida"": ""compromiso""}",,75.1007532561404
2026-05-07,REPORTE_PRESIDENT,2,Tabla 2 (Producción mes),"{""entidad"": ""Gas"", ""medida"": ""delta_compromiso""}",,3.36926718810412
2026-05-07,REPORTE_PRESIDENT,2,Tabla 2 (Producción mes),"{""entidad"": ""Blancos"", ""medida"": ""real_mes""}",,13.7458903666667
2026-05-07,REPORTE_PRESIDENT,2,Tabla 2 (Producción mes),"{""entidad"": ""Blancos"", ""medida"": ""proy_mes""}",,13.4633091096774
2026-05-07,REPORTE_PRESIDENT,2,Tabla 2 (Producción mes),"{""entidad"": ""Blancos"", ""medida"": ""base_p50""}",,14.092089
2026-05-07,REPORTE_PRESIDENT,2,Tabla 2 (Producción mes),"{""entidad"": ""Blancos"", ""medida"": ""delta_p50""}",,-0.62877989032258
2026-05-07,REPORTE_PRESIDENT,2,Tabla 2 (Producción mes),"{""entidad"": ""Blancos"", ""medida"": ""compromiso""}",,14.092089
2026-05-07,REPORTE_PRESIDENT,2,Tabla 2 (Producción mes),"{""entidad"": ""Blancos"", ""medida"": ""delta_compromiso""}",,-0.62877989032258
2026-05-07,REPORTE_PRESIDENT,2,Tabla 2 (Producción mes),"{""entidad"": ""Ecopetrol"", ""medida"": ""real_mes""}",,597.607674454041
2026-05-07,REPORTE_PRESIDENT,2,Tabla 2 (Producción mes),"{""entidad"": ""Ecopetrol"", ""medida"": ""proy_mes""}",,608.830138658847
2026-05-07,REPORTE_PRESIDENT,2,Tabla 2 (Producción mes),"{""entidad"": ""Ecopetrol"", ""medida"": ""base_p50""}",,611.011532393428
2026-05-07,REPORTE_PRESIDENT,2,Tabla 2 (Producción mes),"{""entidad"": ""Ecopetrol"", ""medida"": ""delta_p50""}",,-2.18139373458177
2026-05-07,REPORTE_PRESIDENT,2,Tabla 2 (Producción mes),"{""entidad"": ""Ecopetrol"", ""medida"": ""compromiso""}",,611.011532393428
2026-05-07,REPORTE_PRESIDENT,2,Tabla 2 (Producción mes),"{""entidad"": ""Ecopetrol"", ""medida"": ""delta_compromiso""}",,-2.18139373458177
2026-05-07,REPORTE_PRESIDENT,2,Tabla 2 (Producción mes),"{""entidad"": ""Filiales"", ""medida"": ""real_mes""}",,124.76643797128
2026-05-07,REPORTE_PRESIDENT,2,Tabla 2 (Producción mes),"{""entidad"": ""Filiales"", ""medida"": ""proy_mes""}",,125.665538699115
2026-05-07,REPORTE_PRESIDENT,2,Tabla 2 (Producción mes),"{""entidad"": ""Filiales"", ""medida"": ""base_p50""}",,115.716112476783
2026-05-07,REPORTE_PRESIDENT,2,Tabla 2 (Producción mes),"{""entidad"": ""Filiales"", ""medida"": ""delta_p50""}",,9.94942622233209
2026-05-07,REPORTE_PRESIDENT,2,Tabla 2 (Producción mes),"{""entidad"": ""Filiales"", ""medida"": ""compromiso""}",,115.716112476783
2026-05-07,REPORTE_PRESIDENT,2,Tabla 2 (Producción mes),"{""entidad"": ""Filiales"", ""medida"": ""delta_compromiso""}",,9.94942622233209
2026-05-07,REPORTE_PRESIDENT,2,Tabla 2 (Producción mes),"{""entidad"": ""Upstream"", ""medida"": ""real_mes""}",,722.374112425321
2026-05-07,REPORTE_PRESIDENT,2,Tabla 2 (Producción mes),"{""entidad"": ""Upstream"", ""medida"": ""proy_mes""}",,734.495677357962
2026-05-07,REPORTE_PRESIDENT,2,Tabla 2 (Producción mes),"{""entidad"": ""Upstream"", ""medida"": ""base_p50""}",,726.727644870211
2026-05-07,REPORTE_PRESIDENT,2,Tabla 2 (Producción mes),"{""entidad"": ""Upstream"", ""medida"": ""delta_p50""}",,7.76803248775036
2026-05-07,REPORTE_PRESIDENT,2,Tabla 2 (Producción mes),"{""entidad"": ""Upstream"", ""medida"": ""compromiso""}",,726.727644870211
2026-05-07,REPORTE_PRESIDENT,2,Tabla 2 (Producción mes),"{""entidad"": ""Upstream"", ""medida"": ""delta_compromiso""}",,7.76803248775036
2026-05-08,REPORTE_PRESIDENT,1,Tabla 1 (Producción día),"{""entidad"": ""Crudo"", ""medida"": ""real_dia""}",,505.66115659536
2026-05-08,REPORTE_PRESIDENT,1,Tabla 1 (Producción día),"{""entidad"": ""Crudo"", ""medida"": ""programa_dia""}",,515.8528374
2026-05-08,REPORTE_PRESIDENT,1,Tabla 1 (Producción día),"{""entidad"": ""Crudo"", ""medida"": ""delta_dia""}",,-10.19168080464
2026-05-08,REPORTE_PRESIDENT,1,Tabla 1 (Producción día),"{""entidad"": ""Gas"", ""medida"": ""real_dia""}",,81.0052864026316
2026-05-08,REPORTE_PRESIDENT,1,Tabla 1 (Producción día),"{""entidad"": ""Gas"", ""medida"": ""programa_dia""}",,77.4769805
2026-05-08,REPORTE_PRESIDENT,1,Tabla 1 (Producción día),"{""entidad"": ""Gas"", ""medida"": ""delta_dia""}",,3.52830590263157
2026-05-08,REPORTE_PRESIDENT,1,Tabla 1 (Producción día),"{""entidad"": ""Blancos"", ""medida"": ""real_dia""}",,16.8439815
2026-05-08,REPORTE_PRESIDENT,1,Tabla 1 (Producción día),"{""entidad"": ""Blancos"", ""medida"": ""programa_dia""}",,13.2992417
2026-05-08,REPORTE_PRESIDENT,1,Tabla 1 (Producción día),"{""entidad"": ""Blancos"", ""medida"": ""delta_dia""}",,3.5447398
2026-05-08,REPORTE_PRESIDENT,1,Tabla 1 (Producción día),"{""entidad"": ""Ecopetrol"", ""medida"": ""real_dia""}",,603.510424497992
2026-05-08,REPORTE_PRESIDENT,1,Tabla 1 (Producción día),"{""entidad"": ""Ecopetrol"", ""medida"": ""programa_dia""}",,606.6290596
2026-05-08,REPORTE_PRESIDENT,1,Tabla 1 (Producción día),"{""entidad"": ""Ecopetrol"", ""medida"": ""delta_dia""}",,-3.1186351020084
2026-05-08,REPORTE_PRESIDENT,1,Tabla 1 (Producción día),"{""entidad"": ""Filiales"", ""medida"": ""real_dia""}",,122.809771815402
2026-05-08,REPORTE_PRESIDENT,1,Tabla 1 (Producción día),"{""entidad"": ""Filiales"", ""medida"": ""programa_dia""}",,125.881322873796
2026-05-08,REPORTE_PRESIDENT,1,Tabla 1 (Producción día),"{""entidad"": ""Filiales"", ""medida"": ""delta_dia""}",,-3.0715510583934
2026-05-08,REPORTE_PRESIDENT,1,Tabla 1 (Producción día),"{""entidad"": ""Upstream"", ""medida"": ""real_dia""}",,726.320196313394
2026-05-08,REPORTE_PRESIDENT,1,Tabla 1 (Producción día),"{""entidad"": ""Upstream"", ""medida"": ""programa_dia""}",,732.510382473796
2026-05-08,REPORTE_PRESIDENT,1,Tabla 1 (Producción día),"{""entidad"": ""Upstream"", ""medida"": ""delta_dia""}",,-6.19018616040182
2026-05-08,REPORTE_PRESIDENT,2,Tabla 2 (Producción mes),"{""entidad"": ""Crudo"", ""medida"": ""real_mes""}",,503.223812106861
2026-05-08,REPORTE_PRESIDENT,2,Tabla 2 (Producción mes),"{""entidad"": ""Crudo"", ""medida"": ""proy_mes""}",,516.567577498324
2026-05-08,REPORTE_PRESIDENT,2,Tabla 2 (Producción mes),"{""entidad"": ""Crudo"", ""medida"": ""base_p50""}",,521.818690137288
2026-05-08,REPORTE_PRESIDENT,2,Tabla 2 (Producción mes),"{""entidad"": ""Crudo"", ""medida"": ""delta_p50""}",,-5.25111263896451
2026-05-08,REPORTE_PRESIDENT,2,Tabla 2 (Producción mes),"{""entidad"": ""Crudo"", ""medida"": ""compromiso""}",,521.818690137288
2026-05-08,REPORTE_PRESIDENT,2,Tabla 2 (Producción mes),"{""entidad"": ""Crudo"", ""medida"": ""delta_compromiso""}",,-5.25111263896451
2026-05-08,REPORTE_PRESIDENT,2,Tabla 2 (Producción mes),"{""entidad"": ""Gas"", ""medida"": ""real_mes""}",,81.0350897071429
2026-05-08,REPORTE_PRESIDENT,2,Tabla 2 (Producción mes),"{""entidad"": ""Gas"", ""medida"": ""proy_mes""}",,78.58350335
2026-05-08,REPORTE_PRESIDENT,2,Tabla 2 (Producción mes),"{""entidad"": ""Gas"", ""medida"": ""base_p50""}",,75.1007532561404
2026-05-08,REPORTE_PRESIDENT,2,Tabla 2 (Producción mes),"{""entidad"": ""Gas"", ""medida"": ""delta_p50""}",,3.48275009385962
2026-05-08,REPORTE_PRESIDENT,2,Tabla 2 (Producción mes),"{""entidad"": ""Gas"", ""medida"": ""compromiso""}",,75.1007532561404
2026-05-08,REPORTE_PRESIDENT,2,Tabla 2 (Producción mes),"{""entidad"": ""Gas"", ""medida"": ""delta_compromiso""}",,3.48275009385962
2026-05-08,REPORTE_PRESIDENT,2,Tabla 2 (Producción mes),"{""entidad"": ""Blancos"", ""medida"": ""real_mes""}",,14.1877722142857
2026-05-08,REPORTE_PRESIDENT,2,Tabla 2 (Producción mes),"{""entidad"": ""Blancos"", ""medida"": ""proy_mes""}",,13.5774969032258
2026-05-08,REPORTE_PRESIDENT,2,Tabla 2 (Producción mes),"{""entidad"": ""Blancos"", ""medida"": ""base_p50""}",,14.092089
2026-05-08,REPORTE_PRESIDENT,2,Tabla 2 (Producción mes),"{""entidad"": ""Blancos"", ""medida"": ""delta_p50""}",,-0.514592096774193
2026-05-08,REPORTE_PRESIDENT,2,Tabla 2 (Producción mes),"{""entidad"": ""Blancos"", ""medida"": ""compromiso""}",,14.092089
2026-05-08,REPORTE_PRESIDENT,2,Tabla 2 (Producción mes),"{""entidad"": ""Blancos"", ""medida"": ""delta_compromiso""}",,-0.514592096774193
2026-05-08,REPORTE_PRESIDENT,2,Tabla 2 (Producción mes),"{""entidad"": ""Ecopetrol"", ""medida"": ""real_mes""}",,598.44667402829
2026-05-08,REPORTE_PRESIDENT,2,Tabla 2 (Producción mes),"{""entidad"": ""Ecopetrol"", ""medida"": ""proy_mes""}",,608.728577751549
2026-05-08,REPORTE_PRESIDENT,2,Tabla 2 (Producción mes),"{""entidad"": ""Ecopetrol"", ""medida"": ""base_p50""}",,611.011532393428
2026-05-08,REPORTE_PRESIDENT,2,Tabla 2 (Producción mes),"{""entidad"": ""Ecopetrol"", ""medida"": ""delta_p50""}",,-2.28295464187909
2026-05-08,REPORTE_PRESIDENT,2,Tabla 2 (Producción mes),"{""entidad"": ""Ecopetrol"", ""medida"": ""compromiso""}",,611.011532393428
2026-05-08,REPORTE_PRESIDENT,2,Tabla 2 (Producción mes),"{""entidad"": ""Ecopetrol"", ""medida"": ""delta_compromiso""}",,-2.28295464187909
2026-05-08,REPORTE_PRESIDENT,2,Tabla 2 (Producción mes),"{""entidad"": ""Filiales"", ""medida"": ""real_mes""}",,124.58362852044
2026-05-08,REPORTE_PRESIDENT,2,Tabla 2 (Producción mes),"{""entidad"": ""Filiales"", ""medida"": ""proy_mes""}",,125.588295116586
2026-05-08,REPORTE_PRESIDENT,2,Tabla 2 (Producción mes),"{""entidad"": ""Filiales"", ""medida"": ""base_p50""}",,115.716112476783
2026-05-08,REPORTE_PRESIDENT,2,Tabla 2 (Producción mes),"{""entidad"": ""Filiales"", ""medida"": ""delta_p50""}",,9.87218263980327
2026-05-08,REPORTE_PRESIDENT,2,Tabla 2 (Producción mes),"{""entidad"": ""Filiales"", ""medida"": ""compromiso""}",,115.716112476783
2026-05-08,REPORTE_PRESIDENT,2,Tabla 2 (Producción mes),"{""entidad"": ""Filiales"", ""medida"": ""delta_compromiso""}",,9.87218263980327
2026-05-08,REPORTE_PRESIDENT,2,Tabla 2 (Producción mes),"{""entidad"": ""Upstream"", ""medida"": ""real_mes""}",,723.03030254873
2026-05-08,REPORTE_PRESIDENT,2,Tabla 2 (Producción mes),"{""entidad"": ""Upstream"", ""medida"": ""proy_mes""}",,734.316872868136
2026-05-08,REPORTE_PRESIDENT,2,Tabla 2 (Producción mes),"{""entidad"": ""Upstream"", ""medida"": ""base_p50""}",,726.727644870211
2026-05-08,REPORTE_PRESIDENT,2,Tabla 2 (Producción mes),"{""entidad"": ""Upstream"", ""medida"": ""delta_p50""}",,7.58922799792424
2026-05-08,REPORTE_PRESIDENT,2,Tabla 2 (Producción mes),"{""entidad"": ""Upstream"", ""medida"": ""compromiso""}",,726.727644870211
2026-05-08,REPORTE_PRESIDENT,2,Tabla 2 (Producción mes),"{""entidad"": ""Upstream"", ""medida"": ""delta_compromiso""}",,7.58922799792424
2026-05-09,REPORTE_PRESIDENT,1,Tabla 1 (Producción día),"{""entidad"": ""Crudo"", ""medida"": ""real_dia""}",,502.389219979487
2026-05-09,REPORTE_PRESIDENT,1,Tabla 1 (Producción día),"{""entidad"": ""Crudo"", ""medida"": ""programa_dia""}",,511.10413
2026-05-09,REPORTE_PRESIDENT,1,Tabla 1 (Producción día),"{""entidad"": ""Crudo"", ""medida"": ""delta_dia""}",,-8.71491002051289
2026-05-09,REPORTE_PRESIDENT,1,Tabla 1 (Producción día),"{""entidad"": ""Gas"", ""medida"": ""real_dia""}",,81.2242976253133
2026-05-09,REPORTE_PRESIDENT,1,Tabla 1 (Producción día),"{""entidad"": ""Gas"", ""medida"": ""programa_dia""}",,78.7388573
2026-05-09,REPORTE_PRESIDENT,1,Tabla 1 (Producción día),"{""entidad"": ""Gas"", ""medida"": ""delta_dia""}",,2.48544032531326
2026-05-09,REPORTE_PRESIDENT,1,Tabla 1 (Producción día),"{""entidad"": ""Blancos"", ""medida"": ""real_dia""}",,15.1224691428571
2026-05-09,REPORTE_PRESIDENT,1,Tabla 1 (Producción día),"{""entidad"": ""Blancos"", ""medida"": ""programa_dia""}",,13.358523
2026-05-09,REPORTE_PRESIDENT,1,Tabla 1 (Producción día),"{""entidad"": ""Blancos"", ""medida"": ""delta_dia""}",,1.76394614285714
2026-05-09,REPORTE_PRESIDENT,1,Tabla 1 (Producción día),"{""entidad"": ""Ecopetrol"", ""medida"": ""real_dia""}",,598.735986747658
2026-05-09,REPORTE_PRESIDENT,1,Tabla 1 (Producción día),"{""entidad"": ""Ecopetrol"", ""medida"": ""programa_dia""}",,603.2015103
2026-05-09,REPORTE_PRESIDENT,1,Tabla 1 (Producción día),"{""entidad"": ""Ecopetrol"", ""medida"": ""delta_dia""}",,-4.46552355234246
2026-05-09,REPORTE_PRESIDENT,1,Tabla 1 (Producción día),"{""entidad"": ""Filiales"", ""medida"": ""real_dia""}",,123.696471915402
2026-05-09,REPORTE_PRESIDENT,1,Tabla 1 (Producción día),"{""entidad"": ""Filiales"", ""medida"": ""programa_dia""}",,117.558198798296
2026-05-09,REPORTE_PRESIDENT,1,Tabla 1 (Producción día),"{""entidad"": ""Filiales"", ""medida"": ""delta_dia""}",,6.13827311710574
2026-05-09,REPORTE_PRESIDENT,1,Tabla 1 (Producción día),"{""entidad"": ""Upstream"", ""medida"": ""real_dia""}",,722.43245866306
2026-05-09,REPORTE_PRESIDENT,1,Tabla 1 (Producción día),"{""entidad"": ""Upstream"", ""medida"": ""programa_dia""}",,720.759709098296
2026-05-09,REPORTE_PRESIDENT,1,Tabla 1 (Producción día),"{""entidad"": ""Upstream"", ""medida"": ""delta_dia""}",,1.67274956476331
2026-05-09,REPORTE_PRESIDENT,2,Tabla 2 (Producción mes),"{""entidad"": ""Crudo"", ""medida"": ""real_mes""}",,503.131866908112
2026-05-09,REPORTE_PRESIDENT,2,Tabla 2 (Producción mes),"{""entidad"": ""Crudo"", ""medida"": ""proy_mes""}",,513.447686785964
2026-05-09,REPORTE_PRESIDENT,2,Tabla 2 (Producción mes),"{""entidad"": ""Crudo"", ""medida"": ""base_p50""}",,521.818690137288
2026-05-09,REPORTE_PRESIDENT,2,Tabla 2 (Producción mes),"{""entidad"": ""Crudo"", ""medida"": ""delta_p50""}",,-8.37100335132368
2026-05-09,REPORTE_PRESIDENT,2,Tabla 2 (Producción mes),"{""entidad"": ""Crudo"", ""medida"": ""compromiso""}",,521.818690137288
2026-05-09,REPORTE_PRESIDENT,2,Tabla 2 (Producción mes),"{""entidad"": ""Crudo"", ""medida"": ""delta_compromiso""}",,-8.37100335132368
2026-05-09,REPORTE_PRESIDENT,2,Tabla 2 (Producción mes),"{""entidad"": ""Gas"", ""medida"": ""real_mes""}",,81.0594843577694
2026-05-09,REPORTE_PRESIDENT,2,Tabla 2 (Producción mes),"{""entidad"": ""Gas"", ""medida"": ""proy_mes""}",,78.6638707568437
2026-05-09,REPORTE_PRESIDENT,2,Tabla 2 (Producción mes),"{""entidad"": ""Gas"", ""medida"": ""base_p50""}",,75.1007532561404
2026-05-09,REPORTE_PRESIDENT,2,Tabla 2 (Producción mes),"{""entidad"": ""Gas"", ""medida"": ""delta_p50""}",,3.56311750070334
2026-05-09,REPORTE_PRESIDENT,2,Tabla 2 (Producción mes),"{""entidad"": ""Gas"", ""medida"": ""compromiso""}",,75.1007532561404
2026-05-09,REPORTE_PRESIDENT,2,Tabla 2 (Producción mes),"{""entidad"": ""Gas"", ""medida"": ""delta_compromiso""}",,3.56311750070334
2026-05-09,REPORTE_PRESIDENT,2,Tabla 2 (Producción mes),"{""entidad"": ""Blancos"", ""medida"": ""real_mes""}",,14.3045635178571
2026-05-09,REPORTE_PRESIDENT,2,Tabla 2 (Producción mes),"{""entidad"": ""Blancos"", ""medida"": ""proy_mes""}",,13.7515527658986
2026-05-09,REPORTE_PRESIDENT,2,Tabla 2 (Producción mes),"{""entidad"": ""Blancos"", ""medida"": ""base_p50""}",,14.092089
2026-05-09,REPORTE_PRESIDENT,2,Tabla 2 (Producción mes),"{""entidad"": ""Blancos"", ""medida"": ""delta_p50""}",,-0.340536234101382
2026-05-09,REPORTE_PRESIDENT,2,Tabla 2 (Producción mes),"{""entidad"": ""Blancos"", ""medida"": ""compromiso""}",,14.092089
2026-05-09,REPORTE_PRESIDENT,2,Tabla 2 (Producción mes),"{""entidad"": ""Blancos"", ""medida"": ""delta_compromiso""}",,-0.340536234101382
2026-05-09,REPORTE_PRESIDENT,2,Tabla 2 (Producción mes),"{""entidad"": ""Ecopetrol"", ""medida"": ""real_mes""}",,598.495914783739
2026-05-09,REPORTE_PRESIDENT,2,Tabla 2 (Producción mes),"{""entidad"": ""Ecopetrol"", ""medida"": ""proy_mes""}",,605.863110308707
2026-05-09,REPORTE_PRESIDENT,2,Tabla 2 (Producción mes),"{""entidad"": ""Ecopetrol"", ""medida"": ""base_p50""}",,611.011532393428
2026-05-09,REPORTE_PRESIDENT,2,Tabla 2 (Producción mes),"{""entidad"": ""Ecopetrol"", ""medida"": ""delta_p50""}",,-5.14842208472169
2026-05-09,REPORTE_PRESIDENT,2,Tabla 2 (Producción mes),"{""entidad"": ""Ecopetrol"", ""medida"": ""compromiso""}",,611.011532393428
2026-05-09,REPORTE_PRESIDENT,2,Tabla 2 (Producción mes),"{""entidad"": ""Ecopetrol"", ""medida"": ""delta_compromiso""}",,-5.14842208472169
2026-05-09,REPORTE_PRESIDENT,2,Tabla 2 (Producción mes),"{""entidad"": ""Filiales"", ""medida"": ""real_mes""}",,124.54410894481
2026-05-09,REPORTE_PRESIDENT,2,Tabla 2 (Producción mes),"{""entidad"": ""Filiales"", ""medida"": ""proy_mes""}",,119.361014319977
2026-05-09,REPORTE_PRESIDENT,2,Tabla 2 (Producción mes),"{""entidad"": ""Filiales"", ""medida"": ""base_p50""}",,115.716112476783
2026-05-09,REPORTE_PRESIDENT,2,Tabla 2 (Producción mes),"{""entidad"": ""Filiales"", ""medida"": ""delta_p50""}",,3.64490184319442
2026-05-09,REPORTE_PRESIDENT,2,Tabla 2 (Producción mes),"{""entidad"": ""Filiales"", ""medida"": ""compromiso""}",,115.716112476783
2026-05-09,REPORTE_PRESIDENT,2,Tabla 2 (Producción mes),"{""entidad"": ""Filiales"", ""medida"": ""delta_compromiso""}",,3.64490184319442
2026-05-09,REPORTE_PRESIDENT,2,Tabla 2 (Producción mes),"{""entidad"": ""Upstream"", ""medida"": ""real_mes""}",,723.040023728549
2026-05-09,REPORTE_PRESIDENT,2,Tabla 2 (Producción mes),"{""entidad"": ""Upstream"", ""medida"": ""proy_mes""}",,725.224124628684
2026-05-09,REPORTE_PRESIDENT,2,Tabla 2 (Producción mes),"{""entidad"": ""Upstream"", ""medida"": ""base_p50""}",,726.727644870211
2026-05-09,REPORTE_PRESIDENT,2,Tabla 2 (Producción mes),"{""entidad"": ""Upstream"", ""medida"": ""delta_p50""}",,-1.50352024152721
2026-05-09,REPORTE_PRESIDENT,2,Tabla 2 (Producción mes),"{""entidad"": ""Upstream"", ""medida"": ""compromiso""}",,726.727644870211
2026-05-09,REPORTE_PRESIDENT,2,Tabla 2 (Producción mes),"{""entidad"": ""Upstream"", ""medida"": ""delta_compromiso""}",,-1.50352024152721
2026-05-10,REPORTE_PRESIDENT,1,Tabla 1 (Producción día),"{""entidad"": ""Crudo"", ""medida"": ""programa_dia""}",,512.6340683
2026-05-10,REPORTE_PRESIDENT,1,Tabla 1 (Producción día),"{""entidad"": ""Gas"", ""medida"": ""programa_dia""}",,78.2699805
2026-05-10,REPORTE_PRESIDENT,1,Tabla 1 (Producción día),"{""entidad"": ""Blancos"", ""medida"": ""programa_dia""}",,13.3544904
2026-05-10,REPORTE_PRESIDENT,1,Tabla 1 (Producción día),"{""entidad"": ""Ecopetrol"", ""medida"": ""programa_dia""}",,604.2585392
2026-05-10,REPORTE_PRESIDENT,1,Tabla 1 (Producción día),"{""entidad"": ""Filiales"", ""medida"": ""real_dia""}",,0
2026-05-10,REPORTE_PRESIDENT,1,Tabla 1 (Producción día),"{""entidad"": ""Filiales"", ""medida"": ""programa_dia""}",,117.558198798296
2026-05-10,REPORTE_PRESIDENT,1,Tabla 1 (Producción día),"{""entidad"": ""Filiales"", ""medida"": ""delta_dia""}",,-117.558198798296
2026-05-10,REPORTE_PRESIDENT,1,Tabla 1 (Producción día),"{""entidad"": ""Upstream"", ""medida"": ""programa_dia""}",,721.816737998297
2026-05-10,REPORTE_PRESIDENT,2,Tabla 2 (Producción mes),"{""entidad"": ""Crudo"", ""medida"": ""real_mes""}",,502.561160081337
2026-05-10,REPORTE_PRESIDENT,2,Tabla 2 (Producción mes),"{""entidad"": ""Crudo"", ""medida"": ""proy_mes""}",,513.007077910711
2026-05-10,REPORTE_PRESIDENT,2,Tabla 2 (Producción mes),"{""entidad"": ""Crudo"", ""medida"": ""base_p50""}",,521.818690137288
2026-05-10,REPORTE_PRESIDENT,2,Tabla 2 (Producción mes),"{""entidad"": ""Crudo"", ""medida"": ""delta_p50""}",,-8.81161222657727
2026-05-10,REPORTE_PRESIDENT,2,Tabla 2 (Producción mes),"{""entidad"": ""Crudo"", ""medida"": ""compromiso""}",,521.818690137288
2026-05-10,REPORTE_PRESIDENT,2,Tabla 2 (Producción mes),"{""entidad"": ""Crudo"", ""medida"": ""delta_compromiso""}",,-8.81161222657727
2026-05-10,REPORTE_PRESIDENT,2,Tabla 2 (Producción mes),"{""entidad"": ""Gas"", ""medida"": ""real_mes""}",,81.1167199449318
2026-05-10,REPORTE_PRESIDENT,2,Tabla 2 (Producción mes),"{""entidad"": ""Gas"", ""medida"": ""proy_mes""}",,78.7471839098189
2026-05-10,REPORTE_PRESIDENT,2,Tabla 2 (Producción mes),"{""entidad"": ""Gas"", ""medida"": ""base_p50""}",,75.1007532561404
2026-05-10,REPORTE_PRESIDENT,2,Tabla 2 (Producción mes),"{""entidad"": ""Gas"", ""medida"": ""delta_p50""}",,3.64643065367854
2026-05-10,REPORTE_PRESIDENT,2,Tabla 2 (Producción mes),"{""entidad"": ""Gas"", ""medida"": ""compromiso""}",,75.1007532561404
2026-05-10,REPORTE_PRESIDENT,2,Tabla 2 (Producción mes),"{""entidad"": ""Gas"", ""medida"": ""delta_compromiso""}",,3.64643065367854
2026-05-10,REPORTE_PRESIDENT,2,Tabla 2 (Producción mes),"{""entidad"": ""Blancos"", ""medida"": ""real_mes""}",,14.5627701527778
2026-05-10,REPORTE_PRESIDENT,2,Tabla 2 (Producción mes),"{""entidad"": ""Blancos"", ""medida"": ""proy_mes""}",,13.8571146443548
2026-05-10,REPORTE_PRESIDENT,2,Tabla 2 (Producción mes),"{""entidad"": ""Blancos"", ""medida"": ""base_p50""}",,14.092089
2026-05-10,REPORTE_PRESIDENT,2,Tabla 2 (Producción mes),"{""entidad"": ""Blancos"", ""medida"": ""delta_p50""}",,-0.234974355645166
2026-05-10,REPORTE_PRESIDENT,2,Tabla 2 (Producción mes),"{""entidad"": ""Blancos"", ""medida"": ""compromiso""}",,14.092089
2026-05-10,REPORTE_PRESIDENT,2,Tabla 2 (Producción mes),"{""entidad"": ""Blancos"", ""medida"": ""delta_compromiso""}",,-0.234974355645166
2026-05-10,REPORTE_PRESIDENT,2,Tabla 2 (Producción mes),"{""entidad"": ""Ecopetrol"", ""medida"": ""real_mes""}",,598.240650179046
2026-05-10,REPORTE_PRESIDENT,2,Tabla 2 (Producción mes),"{""entidad"": ""Ecopetrol"", ""medida"": ""proy_mes""}",,605.611376464885
2026-05-10,REPORTE_PRESIDENT,2,Tabla 2 (Producción mes),"{""entidad"": ""Ecopetrol"", ""medida"": ""base_p50""}",,611.011532393428
2026-05-10,REPORTE_PRESIDENT,2,Tabla 2 (Producción mes),"{""entidad"": ""Ecopetrol"", ""medida"": ""delta_p50""}",,-5.40015592854388
2026-05-10,REPORTE_PRESIDENT,2,Tabla 2 (Producción mes),"{""entidad"": ""Ecopetrol"", ""medida"": ""compromiso""}",,611.011532393428
2026-05-10,REPORTE_PRESIDENT,2,Tabla 2 (Producción mes),"{""entidad"": ""Ecopetrol"", ""medida"": ""delta_compromiso""}",,-5.40015592854388
2026-05-10,REPORTE_PRESIDENT,2,Tabla 2 (Producción mes),"{""entidad"": ""Filiales"", ""medida"": ""real_mes""}",,124.630486719321
2026-05-10,REPORTE_PRESIDENT,2,Tabla 2 (Producción mes),"{""entidad"": ""Filiales"", ""medida"": ""proy_mes""}",,119.611443678594
2026-05-10,REPORTE_PRESIDENT,2,Tabla 2 (Producción mes),"{""entidad"": ""Filiales"", ""medida"": ""base_p50""}",,115.716112476783
2026-05-10,REPORTE_PRESIDENT,2,Tabla 2 (Producción mes),"{""entidad"": ""Filiales"", ""medida"": ""delta_p50""}",,3.89533120181075
2026-05-10,REPORTE_PRESIDENT,2,Tabla 2 (Producción mes),"{""entidad"": ""Filiales"", ""medida"": ""compromiso""}",,115.716112476783
2026-05-10,REPORTE_PRESIDENT,2,Tabla 2 (Producción mes),"{""entidad"": ""Filiales"", ""medida"": ""delta_compromiso""}",,3.89533120181075
2026-05-10,REPORTE_PRESIDENT,2,Tabla 2 (Producción mes),"{""entidad"": ""Upstream"", ""medida"": ""real_mes""}",,722.871136898367
2026-05-10,REPORTE_PRESIDENT,2,Tabla 2 (Producción mes),"{""entidad"": ""Upstream"", ""medida"": ""proy_mes""}",,725.222820143478
2026-05-10,REPORTE_PRESIDENT,2,Tabla 2 (Producción mes),"{""entidad"": ""Upstream"", ""medida"": ""base_p50""}",,726.727644870211
2026-05-10,REPORTE_PRESIDENT,2,Tabla 2 (Producción mes),"{""entidad"": ""Upstream"", ""medida"": ""delta_p50""}",,-1.50482472673309
2026-05-10,REPORTE_PRESIDENT,2,Tabla 2 (Producción mes),"{""entidad"": ""Upstream"", ""medida"": ""compromiso""}",,726.727644870211
2026-05-10,REPORTE_PRESIDENT,2,Tabla 2 (Producción mes),"{""entidad"": ""Upstream"", ""medida"": ""delta_compromiso""}",,-1.50482472673309
2026-05-11,REPORTE_PRESIDENT,1,Tabla 1 (Producción día),"{""entidad"": ""Crudo"", ""medida"": ""programa_dia""}",,512.7054256
2026-05-11,REPORTE_PRESIDENT,1,Tabla 1 (Producción día),"{""entidad"": ""Gas"", ""medida"": ""programa_dia""}",,78.1163349
2026-05-11,REPORTE_PRESIDENT,1,Tabla 1 (Producción día),"{""entidad"": ""Blancos"", ""medida"": ""programa_dia""}",,13.3484942
2026-05-11,REPORTE_PRESIDENT,1,Tabla 1 (Producción día),"{""entidad"": ""Ecopetrol"", ""medida"": ""programa_dia""}",,604.1702547
2026-05-11,REPORTE_PRESIDENT,1,Tabla 1 (Producción día),"{""entidad"": ""Filiales"", ""medida"": ""real_dia""}",,0
2026-05-11,REPORTE_PRESIDENT,1,Tabla 1 (Producción día),"{""entidad"": ""Filiales"", ""medida"": ""programa_dia""}",,117.558198798296
2026-05-11,REPORTE_PRESIDENT,1,Tabla 1 (Producción día),"{""entidad"": ""Filiales"", ""medida"": ""delta_dia""}",,-117.558198798296
2026-05-11,REPORTE_PRESIDENT,1,Tabla 1 (Producción día),"{""entidad"": ""Upstream"", ""medida"": ""programa_dia""}",,721.728453498297
2026-05-11,REPORTE_PRESIDENT,2,Tabla 2 (Producción mes),"{""entidad"": ""Crudo"", ""medida"": ""real_mes""}",,502.377652800827
2026-05-11,REPORTE_PRESIDENT,2,Tabla 2 (Producción mes),"{""entidad"": ""Crudo"", ""medida"": ""proy_mes""}",,512.622949490589
2026-05-11,REPORTE_PRESIDENT,2,Tabla 2 (Producción mes),"{""entidad"": ""Crudo"", ""medida"": ""base_p50""}",,521.818690137288
2026-05-11,REPORTE_PRESIDENT,2,Tabla 2 (Producción mes),"{""entidad"": ""Crudo"", ""medida"": ""delta_p50""}",,-9.1957406466986
2026-05-11,REPORTE_PRESIDENT,2,Tabla 2 (Producción mes),"{""entidad"": ""Crudo"", ""medida"": ""compromiso""}",,521.818690137288
2026-05-11,REPORTE_PRESIDENT,2,Tabla 2 (Producción mes),"{""entidad"": ""Crudo"", ""medida"": ""delta_compromiso""}",,-9.1957406466986
2026-05-11,REPORTE_PRESIDENT,2,Tabla 2 (Producción mes),"{""entidad"": ""Gas"", ""medida"": ""real_mes""}",,81.1510347203509
2026-05-11,REPORTE_PRESIDENT,2,Tabla 2 (Producción mes),"{""entidad"": ""Gas"", ""medida"": ""proy_mes""}",,78.8500834968874
2026-05-11,REPORTE_PRESIDENT,2,Tabla 2 (Producción mes),"{""entidad"": ""Gas"", ""medida"": ""base_p50""}",,75.1007532561404
2026-05-11,REPORTE_PRESIDENT,2,Tabla 2 (Producción mes),"{""entidad"": ""Gas"", ""medida"": ""delta_p50""}",,3.74933024074701
2026-05-11,REPORTE_PRESIDENT,2,Tabla 2 (Producción mes),"{""entidad"": ""Gas"", ""medida"": ""compromiso""}",,75.1007532561404
2026-05-11,REPORTE_PRESIDENT,2,Tabla 2 (Producción mes),"{""entidad"": ""Gas"", ""medida"": ""delta_compromiso""}",,3.74933024074701
2026-05-11,REPORTE_PRESIDENT,2,Tabla 2 (Producción mes),"{""entidad"": ""Blancos"", ""medida"": ""real_mes""}",,14.5108929
2026-05-11,REPORTE_PRESIDENT,2,Tabla 2 (Producción mes),"{""entidad"": ""Blancos"", ""medida"": ""proy_mes""}",,13.8793568129032
2026-05-11,REPORTE_PRESIDENT,2,Tabla 2 (Producción mes),"{""entidad"": ""Blancos"", ""medida"": ""base_p50""}",,14.092089
2026-05-11,REPORTE_PRESIDENT,2,Tabla 2 (Producción mes),"{""entidad"": ""Blancos"", ""medida"": ""delta_p50""}",,-0.212732187096776
2026-05-11,REPORTE_PRESIDENT,2,Tabla 2 (Producción mes),"{""entidad"": ""Blancos"", ""medida"": ""compromiso""}",,14.092089
2026-05-11,REPORTE_PRESIDENT,2,Tabla 2 (Producción mes),"{""entidad"": ""Blancos"", ""medida"": ""delta_compromiso""}",,-0.212732187096776
2026-05-11,REPORTE_PRESIDENT,2,Tabla 2 (Producción mes),"{""entidad"": ""Ecopetrol"", ""medida"": ""real_mes""}",,598.039580421178
2026-05-11,REPORTE_PRESIDENT,2,Tabla 2 (Producción mes),"{""entidad"": ""Ecopetrol"", ""medida"": ""proy_mes""}",,605.35238980038
2026-05-11,REPORTE_PRESIDENT,2,Tabla 2 (Producción mes),"{""entidad"": ""Ecopetrol"", ""medida"": ""base_p50""}",,611.011532393428
2026-05-11,REPORTE_PRESIDENT,2,Tabla 2 (Producción mes),"{""entidad"": ""Ecopetrol"", ""medida"": ""delta_p50""}",,-5.65914259304839
2026-05-11,REPORTE_PRESIDENT,2,Tabla 2 (Producción mes),"{""entidad"": ""Ecopetrol"", ""medida"": ""compromiso""}",,611.011532393428
2026-05-11,REPORTE_PRESIDENT,2,Tabla 2 (Producción mes),"{""entidad"": ""Ecopetrol"", ""medida"": ""delta_compromiso""}",,-5.65914259304839
2026-05-11,REPORTE_PRESIDENT,2,Tabla 2 (Producción mes),"{""entidad"": ""Filiales"", ""medida"": ""real_mes""}",,124.975961858929
2026-05-11,REPORTE_PRESIDENT,2,Tabla 2 (Producción mes),"{""entidad"": ""Filiales"", ""medida"": ""proy_mes""}",,119.951025592049
2026-05-11,REPORTE_PRESIDENT,2,Tabla 2 (Producción mes),"{""entidad"": ""Filiales"", ""medida"": ""base_p50""}",,115.716112476783
2026-05-11,REPORTE_PRESIDENT,2,Tabla 2 (Producción mes),"{""entidad"": ""Filiales"", ""medida"": ""delta_p50""}",,4.23491311526577
2026-05-11,REPORTE_PRESIDENT,2,Tabla 2 (Producción mes),"{""entidad"": ""Filiales"", ""medida"": ""compromiso""}",,115.716112476783
2026-05-11,REPORTE_PRESIDENT,2,Tabla 2 (Producción mes),"{""entidad"": ""Filiales"", ""medida"": ""delta_compromiso""}",,4.23491311526577
2026-05-11,REPORTE_PRESIDENT,2,Tabla 2 (Producción mes),"{""entidad"": ""Upstream"", ""medida"": ""real_mes""}",,723.015542280107
2026-05-11,REPORTE_PRESIDENT,2,Tabla 2 (Producción mes),"{""entidad"": ""Upstream"", ""medida"": ""proy_mes""}",,725.303415392429
2026-05-11,REPORTE_PRESIDENT,2,Tabla 2 (Producción mes),"{""entidad"": ""Upstream"", ""medida"": ""base_p50""}",,726.727644870211
2026-05-11,REPORTE_PRESIDENT,2,Tabla 2 (Producción mes),"{""entidad"": ""Upstream"", ""medida"": ""delta_p50""}",,-1.42422947778255
2026-05-11,REPORTE_PRESIDENT,2,Tabla 2 (Producción mes),"{""entidad"": ""Upstream"", ""medida"": ""compromiso""}",,726.727644870211
2026-05-11,REPORTE_PRESIDENT,2,Tabla 2 (Producción mes),"{""entidad"": ""Upstream"", ""medida"": ""delta_compromiso""}",,-1.42422947778255
2026-05-12,REPORTE_PRESIDENT,1,Tabla 1 (Producción día),"{""entidad"": ""Crudo"", ""medida"": ""programa_dia""}",,512.7697434
2026-05-12,REPORTE_PRESIDENT,1,Tabla 1 (Producción día),"{""entidad"": ""Gas"", ""medida"": ""programa_dia""}",,78.7970471
2026-05-12,REPORTE_PRESIDENT,1,Tabla 1 (Producción día),"{""entidad"": ""Blancos"", ""medida"": ""programa_dia""}",,13.187264
2026-05-12,REPORTE_PRESIDENT,1,Tabla 1 (Producción día),"{""entidad"": ""Ecopetrol"", ""medida"": ""programa_dia""}",,604.7540545
2026-05-12,REPORTE_PRESIDENT,1,Tabla 1 (Producción día),"{""entidad"": ""Filiales"", ""medida"": ""real_dia""}",,0
2026-05-12,REPORTE_PRESIDENT,1,Tabla 1 (Producción día),"{""entidad"": ""Filiales"", ""medida"": ""programa_dia""}",,117.558198798296
2026-05-12,REPORTE_PRESIDENT,1,Tabla 1 (Producción día),"{""entidad"": ""Filiales"", ""medida"": ""delta_dia""}",,-117.558198798296
2026-05-12,REPORTE_PRESIDENT,1,Tabla 1 (Producción día),"{""entidad"": ""Upstream"", ""medida"": ""programa_dia""}",,722.312253298296
2026-05-12,REPORTE_PRESIDENT,2,Tabla 2 (Producción mes),"{""entidad"": ""Crudo"", ""medida"": ""real_mes""}",,502.250828305947
2026-05-12,REPORTE_PRESIDENT,2,Tabla 2 (Producción mes),"{""entidad"": ""Crudo"", ""medida"": ""proy_mes""}",,512.244793289207
2026-05-12,REPORTE_PRESIDENT,2,Tabla 2 (Producción mes),"{""entidad"": ""Crudo"", ""medida"": ""base_p50""}",,521.818690137288
2026-05-12,REPORTE_PRESIDENT,2,Tabla 2 (Producción mes),"{""entidad"": ""Crudo"", ""medida"": ""delta_p50""}",,-9.57389684808095
2026-05-12,REPORTE_PRESIDENT,2,Tabla 2 (Producción mes),"{""entidad"": ""Crudo"", ""medida"": ""compromiso""}",,521.818690137288
2026-05-12,REPORTE_PRESIDENT,2,Tabla 2 (Producción mes),"{""entidad"": ""Crudo"", ""medida"": ""delta_compromiso""}",,-9.57389684808095
2026-05-12,REPORTE_PRESIDENT,2,Tabla 2 (Producción mes),"{""entidad"": ""Gas"", ""medida"": ""real_mes""}",,81.1915322293621
2026-05-12,REPORTE_PRESIDENT,2,Tabla 2 (Producción mes),"{""entidad"": ""Gas"", ""medida"": ""proy_mes""}",,78.962347123322
2026-05-12,REPORTE_PRESIDENT,2,Tabla 2 (Producción mes),"{""entidad"": ""Gas"", ""medida"": ""base_p50""}",,75.1007532561404
2026-05-12,REPORTE_PRESIDENT,2,Tabla 2 (Producción mes),"{""entidad"": ""Gas"", ""medida"": ""delta_p50""}",,3.86159386718167
2026-05-12,REPORTE_PRESIDENT,2,Tabla 2 (Producción mes),"{""entidad"": ""Gas"", ""medida"": ""compromiso""}",,75.1007532561404
2026-05-12,REPORTE_PRESIDENT,2,Tabla 2 (Producción mes),"{""entidad"": ""Gas"", ""medida"": ""delta_compromiso""}",,3.86159386718167
2026-05-12,REPORTE_PRESIDENT,2,Tabla 2 (Producción mes),"{""entidad"": ""Blancos"", ""medida"": ""real_mes""}",,14.4734564909091
2026-05-12,REPORTE_PRESIDENT,2,Tabla 2 (Producción mes),"{""entidad"": ""Blancos"", ""medida"": ""proy_mes""}",,13.9035696580645
2026-05-12,REPORTE_PRESIDENT,2,Tabla 2 (Producción mes),"{""entidad"": ""Blancos"", ""medida"": ""base_p50""}",,14.092089
2026-05-12,REPORTE_PRESIDENT,2,Tabla 2 (Producción mes),"{""entidad"": ""Blancos"", ""medida"": ""delta_p50""}",,-0.188519341935487
2026-05-12,REPORTE_PRESIDENT,2,Tabla 2 (Producción mes),"{""entidad"": ""Blancos"", ""medida"": ""compromiso""}",,14.092089
2026-05-12,REPORTE_PRESIDENT,2,Tabla 2 (Producción mes),"{""entidad"": ""Blancos"", ""medida"": ""delta_compromiso""}",,-0.188519341935487
2026-05-12,REPORTE_PRESIDENT,2,Tabla 2 (Producción mes),"{""entidad"": ""Ecopetrol"", ""medida"": ""real_mes""}",,597.915817026219
2026-05-12,REPORTE_PRESIDENT,2,Tabla 2 (Producción mes),"{""entidad"": ""Ecopetrol"", ""medida"": ""proy_mes""}",,605.110710070594
2026-05-12,REPORTE_PRESIDENT,2,Tabla 2 (Producción mes),"{""entidad"": ""Ecopetrol"", ""medida"": ""base_p50""}",,611.011532393428
2026-05-12,REPORTE_PRESIDENT,2,Tabla 2 (Producción mes),"{""entidad"": ""Ecopetrol"", ""medida"": ""delta_p50""}",,-5.90082232283476
2026-05-12,REPORTE_PRESIDENT,2,Tabla 2 (Producción mes),"{""entidad"": ""Ecopetrol"", ""medida"": ""compromiso""}",,611.011532393428
2026-05-12,REPORTE_PRESIDENT,2,Tabla 2 (Producción mes),"{""entidad"": ""Ecopetrol"", ""medida"": ""delta_compromiso""}",,-5.90082232283476
2026-05-12,REPORTE_PRESIDENT,2,Tabla 2 (Producción mes),"{""entidad"": ""Filiales"", ""medida"": ""real_mes""}",,125.665060785762
2026-05-12,REPORTE_PRESIDENT,2,Tabla 2 (Producción mes),"{""entidad"": ""Filiales"", ""medida"": ""proy_mes""}",,120.434827245461
2026-05-12,REPORTE_PRESIDENT,2,Tabla 2 (Producción mes),"{""entidad"": ""Filiales"", ""medida"": ""base_p50""}",,115.716112476783
2026-05-12,REPORTE_PRESIDENT,2,Tabla 2 (Producción mes),"{""entidad"": ""Filiales"", ""medida"": ""delta_p50""}",,4.71871476867844
2026-05-12,REPORTE_PRESIDENT,2,Tabla 2 (Producción mes),"{""entidad"": ""Filiales"", ""medida"": ""compromiso""}",,115.716112476783
2026-05-12,REPORTE_PRESIDENT,2,Tabla 2 (Producción mes),"{""entidad"": ""Filiales"", ""medida"": ""delta_compromiso""}",,4.71871476867844
2026-05-12,REPORTE_PRESIDENT,2,Tabla 2 (Producción mes),"{""entidad"": ""Upstream"", ""medida"": ""real_mes""}",,723.58087781198
2026-05-12,REPORTE_PRESIDENT,2,Tabla 2 (Producción mes),"{""entidad"": ""Upstream"", ""medida"": ""proy_mes""}",,725.545537316055
2026-05-12,REPORTE_PRESIDENT,2,Tabla 2 (Producción mes),"{""entidad"": ""Upstream"", ""medida"": ""base_p50""}",,726.727644870211
2026-05-12,REPORTE_PRESIDENT,2,Tabla 2 (Producción mes),"{""entidad"": ""Upstream"", ""medida"": ""delta_p50""}",,-1.18210755415635
2026-05-12,REPORTE_PRESIDENT,2,Tabla 2 (Producción mes),"{""entidad"": ""Upstream"", ""medida"": ""compromiso""}",,726.727644870211
2026-05-12,REPORTE_PRESIDENT,2,Tabla 2 (Producción mes),"{""entidad"": ""Upstream"", ""medida"": ""delta_compromiso""}",,-1.18210755415635
2026-05-13,REPORTE_PRESIDENT,1,Tabla 1 (Producción día),"{""entidad"": ""Crudo"", ""medida"": ""programa_dia""}",,514.6898347
2026-05-13,REPORTE_PRESIDENT,1,Tabla 1 (Producción día),"{""entidad"": ""Gas"", ""medida"": ""programa_dia""}",,78.7713774
2026-05-13,REPORTE_PRESIDENT,1,Tabla 1 (Producción día),"{""entidad"": ""Blancos"", ""medida"": ""programa_dia""}",,13.4441743
2026-05-13,REPORTE_PRESIDENT,1,Tabla 1 (Producción día),"{""entidad"": ""Ecopetrol"", ""medida"": ""programa_dia""}",,606.9053864
2026-05-13,REPORTE_PRESIDENT,1,Tabla 1 (Producción día),"{""entidad"": ""Filiales"", ""medida"": ""real_dia""}",,0
2026-05-13,REPORTE_PRESIDENT,1,Tabla 1 (Producción día),"{""entidad"": ""Filiales"", ""medida"": ""programa_dia""}",,117.558198798296
2026-05-13,REPORTE_PRESIDENT,1,Tabla 1 (Producción día),"{""entidad"": ""Filiales"", ""medida"": ""delta_dia""}",,-117.558198798296
2026-05-13,REPORTE_PRESIDENT,1,Tabla 1 (Producción día),"{""entidad"": ""Upstream"", ""medida"": ""programa_dia""}",,724.463585198296
2026-05-13,REPORTE_PRESIDENT,2,Tabla 2 (Producción mes),"{""entidad"": ""Crudo"", ""medida"": ""real_mes""}",,501.802924909956
2026-05-13,REPORTE_PRESIDENT,2,Tabla 2 (Producción mes),"{""entidad"": ""Crudo"", ""medida"": ""proy_mes""}",,511.732091487725
2026-05-13,REPORTE_PRESIDENT,2,Tabla 2 (Producción mes),"{""entidad"": ""Crudo"", ""medida"": ""base_p50""}",,521.818690137288
2026-05-13,REPORTE_PRESIDENT,2,Tabla 2 (Producción mes),"{""entidad"": ""Crudo"", ""medida"": ""delta_p50""}",,-10.0865986495631
2026-05-13,REPORTE_PRESIDENT,2,Tabla 2 (Producción mes),"{""entidad"": ""Crudo"", ""medida"": ""compromiso""}",,521.818690137288
2026-05-13,REPORTE_PRESIDENT,2,Tabla 2 (Producción mes),"{""entidad"": ""Crudo"", ""medida"": ""delta_compromiso""}",,-10.0865986495631
2026-05-13,REPORTE_PRESIDENT,2,Tabla 2 (Producción mes),"{""entidad"": ""Gas"", ""medida"": ""real_mes""}",,81.192206347807
2026-05-13,REPORTE_PRESIDENT,2,Tabla 2 (Producción mes),"{""entidad"": ""Gas"", ""medida"": ""proy_mes""}",,79.0398495281834
2026-05-13,REPORTE_PRESIDENT,2,Tabla 2 (Producción mes),"{""entidad"": ""Gas"", ""medida"": ""base_p50""}",,75.1007532561404
2026-05-13,REPORTE_PRESIDENT,2,Tabla 2 (Producción mes),"{""entidad"": ""Gas"", ""medida"": ""delta_p50""}",,3.939096272043
2026-05-13,REPORTE_PRESIDENT,2,Tabla 2 (Producción mes),"{""entidad"": ""Gas"", ""medida"": ""compromiso""}",,75.1007532561404
2026-05-13,REPORTE_PRESIDENT,2,Tabla 2 (Producción mes),"{""entidad"": ""Gas"", ""medida"": ""delta_compromiso""}",,3.939096272043
2026-05-13,REPORTE_PRESIDENT,2,Tabla 2 (Producción mes),"{""entidad"": ""Blancos"", ""medida"": ""real_mes""}",,14.3379693333333
2026-05-13,REPORTE_PRESIDENT,2,Tabla 2 (Producción mes),"{""entidad"": ""Blancos"", ""medida"": ""proy_mes""}",,13.8926130967742
2026-05-13,REPORTE_PRESIDENT,2,Tabla 2 (Producción mes),"{""entidad"": ""Blancos"", ""medida"": ""base_p50""}",,14.092089
2026-05-13,REPORTE_PRESIDENT,2,Tabla 2 (Producción mes),"{""entidad"": ""Blancos"", ""medida"": ""delta_p50""}",,-0.199475903225812
2026-05-13,REPORTE_PRESIDENT,2,Tabla 2 (Producción mes),"{""entidad"": ""Blancos"", ""medida"": ""compromiso""}",,14.092089
2026-05-13,REPORTE_PRESIDENT,2,Tabla 2 (Producción mes),"{""entidad"": ""Blancos"", ""medida"": ""delta_compromiso""}",,-0.199475903225812
2026-05-13,REPORTE_PRESIDENT,2,Tabla 2 (Producción mes),"{""entidad"": ""Ecopetrol"", ""medida"": ""real_mes""}",,597.333100591096
2026-05-13,REPORTE_PRESIDENT,2,Tabla 2 (Producción mes),"{""entidad"": ""Ecopetrol"", ""medida"": ""proy_mes""}",,604.664554112682
2026-05-13,REPORTE_PRESIDENT,2,Tabla 2 (Producción mes),"{""entidad"": ""Ecopetrol"", ""medida"": ""base_p50""}",,611.011532393428
2026-05-13,REPORTE_PRESIDENT,2,Tabla 2 (Producción mes),"{""entidad"": ""Ecopetrol"", ""medida"": ""delta_p50""}",,-6.34697828074593
2026-05-13,REPORTE_PRESIDENT,2,Tabla 2 (Producción mes),"{""entidad"": ""Ecopetrol"", ""medida"": ""compromiso""}",,611.011532393428
2026-05-13,REPORTE_PRESIDENT,2,Tabla 2 (Producción mes),"{""entidad"": ""Ecopetrol"", ""medida"": ""delta_compromiso""}",,-6.34697828074593
2026-05-13,REPORTE_PRESIDENT,2,Tabla 2 (Producción mes),"{""entidad"": ""Filiales"", ""medida"": ""real_mes""}",,126.116404238951
2026-05-13,REPORTE_PRESIDENT,2,Tabla 2 (Producción mes),"{""entidad"": ""Filiales"", ""medida"": ""proy_mes""}",,120.871052517259
2026-05-13,REPORTE_PRESIDENT,2,Tabla 2 (Producción mes),"{""entidad"": ""Filiales"", ""medida"": ""base_p50""}",,115.716112476783
2026-05-13,REPORTE_PRESIDENT,2,Tabla 2 (Producción mes),"{""entidad"": ""Filiales"", ""medida"": ""delta_p50""}",,5.15494004047639
2026-05-13,REPORTE_PRESIDENT,2,Tabla 2 (Producción mes),"{""entidad"": ""Filiales"", ""medida"": ""compromiso""}",,115.716112476783
2026-05-13,REPORTE_PRESIDENT,2,Tabla 2 (Producción mes),"{""entidad"": ""Filiales"", ""medida"": ""delta_compromiso""}",,5.15494004047639
2026-05-13,REPORTE_PRESIDENT,2,Tabla 2 (Producción mes),"{""entidad"": ""Upstream"", ""medida"": ""real_mes""}",,723.449504830047
2026-05-13,REPORTE_PRESIDENT,2,Tabla 2 (Producción mes),"{""entidad"": ""Upstream"", ""medida"": ""proy_mes""}",,725.535606629942
2026-05-13,REPORTE_PRESIDENT,2,Tabla 2 (Producción mes),"{""entidad"": ""Upstream"", ""medida"": ""base_p50""}",,726.727644870211
2026-05-13,REPORTE_PRESIDENT,2,Tabla 2 (Producción mes),"{""entidad"": ""Upstream"", ""medida"": ""delta_p50""}",,-1.19203824026954
2026-05-13,REPORTE_PRESIDENT,2,Tabla 2 (Producción mes),"{""entidad"": ""Upstream"", ""medida"": ""compromiso""}",,726.727644870211
2026-05-13,REPORTE_PRESIDENT,2,Tabla 2 (Producción mes),"{""entidad"": ""Upstream"", ""medida"": ""delta_compromiso""}",,-1.19203824026954
2026-05-14,REPORTE_PRESIDENT,1,Tabla 1 (Producción día),"{""entidad"": ""Crudo"", ""medida"": ""programa_dia""}",,514.6898347
2026-05-14,REPORTE_PRESIDENT,1,Tabla 1 (Producción día),"{""entidad"": ""Gas"", ""medida"": ""programa_dia""}",,78.7713774
2026-05-14,REPORTE_PRESIDENT,1,Tabla 1 (Producción día),"{""entidad"": ""Blancos"", ""medida"": ""programa_dia""}",,13.4441743
2026-05-14,REPORTE_PRESIDENT,1,Tabla 1 (Producción día),"{""entidad"": ""Ecopetrol"", ""medida"": ""programa_dia""}",,606.9053864
2026-05-14,REPORTE_PRESIDENT,1,Tabla 1 (Producción día),"{""entidad"": ""Filiales"", ""medida"": ""real_dia""}",,0
2026-05-14,REPORTE_PRESIDENT,1,Tabla 1 (Producción día),"{""entidad"": ""Filiales"", ""medida"": ""programa_dia""}",,117.558198798296
2026-05-14,REPORTE_PRESIDENT,1,Tabla 1 (Producción día),"{""entidad"": ""Filiales"", ""medida"": ""delta_dia""}",,-117.558198798296
2026-05-14,REPORTE_PRESIDENT,1,Tabla 1 (Producción día),"{""entidad"": ""Upstream"", ""medida"": ""programa_dia""}",,724.463585198296
2026-05-14,REPORTE_PRESIDENT,2,Tabla 2 (Producción mes),"{""entidad"": ""Crudo"", ""medida"": ""real_mes""}",,501.791085441619
2026-05-14,REPORTE_PRESIDENT,2,Tabla 2 (Producción mes),"{""entidad"": ""Crudo"", ""medida"": ""proy_mes""}",,511.36966734326
2026-05-14,REPORTE_PRESIDENT,2,Tabla 2 (Producción mes),"{""entidad"": ""Crudo"", ""medida"": ""base_p50""}",,521.818690137288
2026-05-14,REPORTE_PRESIDENT,2,Tabla 2 (Producción mes),"{""entidad"": ""Crudo"", ""medida"": ""delta_p50""}",,-10.4490227940285
2026-05-14,REPORTE_PRESIDENT,2,Tabla 2 (Producción mes),"{""entidad"": ""Crudo"", ""medida"": ""compromiso""}",,521.818690137288
2026-05-14,REPORTE_PRESIDENT,2,Tabla 2 (Producción mes),"{""entidad"": ""Crudo"", ""medida"": ""delta_compromiso""}",,-10.4490227940285
2026-05-14,REPORTE_PRESIDENT,2,Tabla 2 (Producción mes),"{""entidad"": ""Gas"", ""medida"": ""real_mes""}",,81.3247054490328
2026-05-14,REPORTE_PRESIDENT,2,Tabla 2 (Producción mes),"{""entidad"": ""Gas"", ""medida"": ""proy_mes""}",,79.1722887883041
2026-05-14,REPORTE_PRESIDENT,2,Tabla 2 (Producción mes),"{""entidad"": ""Gas"", ""medida"": ""base_p50""}",,75.1007532561404
2026-05-14,REPORTE_PRESIDENT,2,Tabla 2 (Producción mes),"{""entidad"": ""Gas"", ""medida"": ""delta_p50""}",,4.07153553216372
2026-05-14,REPORTE_PRESIDENT,2,Tabla 2 (Producción mes),"{""entidad"": ""Gas"", ""medida"": ""compromiso""}",,75.1007532561404
2026-05-14,REPORTE_PRESIDENT,2,Tabla 2 (Producción mes),"{""entidad"": ""Gas"", ""medida"": ""delta_compromiso""}",,4.07153553216372
2026-05-14,REPORTE_PRESIDENT,2,Tabla 2 (Producción mes),"{""entidad"": ""Blancos"", ""medida"": ""real_mes""}",,14.1959597179487
2026-05-14,REPORTE_PRESIDENT,2,Tabla 2 (Producción mes),"{""entidad"": ""Blancos"", ""medida"": ""proy_mes""}",,13.869646288172
2026-05-14,REPORTE_PRESIDENT,2,Tabla 2 (Producción mes),"{""entidad"": ""Blancos"", ""medida"": ""base_p50""}",,14.092089
2026-05-14,REPORTE_PRESIDENT,2,Tabla 2 (Producción mes),"{""entidad"": ""Blancos"", ""medida"": ""delta_p50""}",,-0.222442711827963
2026-05-14,REPORTE_PRESIDENT,2,Tabla 2 (Producción mes),"{""entidad"": ""Blancos"", ""medida"": ""compromiso""}",,14.092089
2026-05-14,REPORTE_PRESIDENT,2,Tabla 2 (Producción mes),"{""entidad"": ""Blancos"", ""medida"": ""delta_compromiso""}",,-0.222442711827963
2026-05-14,REPORTE_PRESIDENT,2,Tabla 2 (Producción mes),"{""entidad"": ""Ecopetrol"", ""medida"": ""real_mes""}",,597.311750608601
2026-05-14,REPORTE_PRESIDENT,2,Tabla 2 (Producción mes),"{""entidad"": ""Ecopetrol"", ""medida"": ""proy_mes""}",,604.411602419736
2026-05-14,REPORTE_PRESIDENT,2,Tabla 2 (Producción mes),"{""entidad"": ""Ecopetrol"", ""medida"": ""base_p50""}",,611.011532393428
2026-05-14,REPORTE_PRESIDENT,2,Tabla 2 (Producción mes),"{""entidad"": ""Ecopetrol"", ""medida"": ""delta_p50""}",,-6.59992997369272
2026-05-14,REPORTE_PRESIDENT,2,Tabla 2 (Producción mes),"{""entidad"": ""Ecopetrol"", ""medida"": ""compromiso""}",,611.011532393428
2026-05-14,REPORTE_PRESIDENT,2,Tabla 2 (Producción mes),"{""entidad"": ""Ecopetrol"", ""medida"": ""delta_compromiso""}",,-6.59992997369272
2026-05-14,REPORTE_PRESIDENT,2,Tabla 2 (Producción mes),"{""entidad"": ""Filiales"", ""medida"": ""real_mes""}",,126.452567207034
2026-05-14,REPORTE_PRESIDENT,2,Tabla 2 (Producción mes),"{""entidad"": ""Filiales"", ""medida"": ""proy_mes""}",,121.288095227767
2026-05-14,REPORTE_PRESIDENT,2,Tabla 2 (Producción mes),"{""entidad"": ""Filiales"", ""medida"": ""base_p50""}",,115.716112476783
2026-05-14,REPORTE_PRESIDENT,2,Tabla 2 (Producción mes),"{""entidad"": ""Filiales"", ""medida"": ""delta_p50""}",,5.57198275098405
2026-05-14,REPORTE_PRESIDENT,2,Tabla 2 (Producción mes),"{""entidad"": ""Filiales"", ""medida"": ""compromiso""}",,115.716112476783
2026-05-14,REPORTE_PRESIDENT,2,Tabla 2 (Producción mes),"{""entidad"": ""Filiales"", ""medida"": ""delta_compromiso""}",,5.57198275098405
2026-05-14,REPORTE_PRESIDENT,2,Tabla 2 (Producción mes),"{""entidad"": ""Upstream"", ""medida"": ""real_mes""}",,723.764317815635
2026-05-14,REPORTE_PRESIDENT,2,Tabla 2 (Producción mes),"{""entidad"": ""Upstream"", ""medida"": ""proy_mes""}",,725.699697647503
2026-05-14,REPORTE_PRESIDENT,2,Tabla 2 (Producción mes),"{""entidad"": ""Upstream"", ""medida"": ""base_p50""}",,726.727644870211
2026-05-14,REPORTE_PRESIDENT,2,Tabla 2 (Producción mes),"{""entidad"": ""Upstream"", ""medida"": ""delta_p50""}",,-1.02794722270869
2026-05-14,REPORTE_PRESIDENT,2,Tabla 2 (Producción mes),"{""entidad"": ""Upstream"", ""medida"": ""compromiso""}",,726.727644870211
2026-05-14,REPORTE_PRESIDENT,2,Tabla 2 (Producción mes),"{""entidad"": ""Upstream"", ""medida"": ""delta_compromiso""}",,-1.02794722270869
2026-05-15,REPORTE_PRESIDENT,1,Tabla 1 (Producción día),"{""entidad"": ""Crudo"", ""medida"": ""real_dia""}",,497.146308701403
2026-05-15,REPORTE_PRESIDENT,1,Tabla 1 (Producción día),"{""entidad"": ""Crudo"", ""medida"": ""programa_dia""}",,514.6898347
2026-05-15,REPORTE_PRESIDENT,1,Tabla 1 (Producción día),"{""entidad"": ""Crudo"", ""medida"": ""delta_dia""}",,-17.5435259985973
2026-05-15,REPORTE_PRESIDENT,1,Tabla 1 (Producción día),"{""entidad"": ""Gas"", ""medida"": ""real_dia""}",,81.814343722807
2026-05-15,REPORTE_PRESIDENT,1,Tabla 1 (Producción día),"{""entidad"": ""Gas"", ""medida"": ""programa_dia""}",,78.7713774
2026-05-15,REPORTE_PRESIDENT,1,Tabla 1 (Producción día),"{""entidad"": ""Gas"", ""medida"": ""delta_dia""}",,3.04296632280699
2026-05-15,REPORTE_PRESIDENT,1,Tabla 1 (Producción día),"{""entidad"": ""Blancos"", ""medida"": ""real_dia""}",,12.423428
2026-05-15,REPORTE_PRESIDENT,1,Tabla 1 (Producción día),"{""entidad"": ""Blancos"", ""medida"": ""programa_dia""}",,13.4441743
2026-05-15,REPORTE_PRESIDENT,1,Tabla 1 (Producción día),"{""entidad"": ""Blancos"", ""medida"": ""delta_dia""}",,-1.0207463
2026-05-15,REPORTE_PRESIDENT,1,Tabla 1 (Producción día),"{""entidad"": ""Ecopetrol"", ""medida"": ""real_dia""}",,591.38408042421
2026-05-15,REPORTE_PRESIDENT,1,Tabla 1 (Producción día),"{""entidad"": ""Ecopetrol"", ""medida"": ""programa_dia""}",,606.9053864
2026-05-15,REPORTE_PRESIDENT,1,Tabla 1 (Producción día),"{""entidad"": ""Ecopetrol"", ""medida"": ""delta_dia""}",,-15.5213059757903
2026-05-15,REPORTE_PRESIDENT,1,Tabla 1 (Producción día),"{""entidad"": ""Filiales"", ""medida"": ""real_dia""}",,127.259348716028
2026-05-15,REPORTE_PRESIDENT,1,Tabla 1 (Producción día),"{""entidad"": ""Filiales"", ""medida"": ""programa_dia""}",,117.558198798296
2026-05-15,REPORTE_PRESIDENT,1,Tabla 1 (Producción día),"{""entidad"": ""Filiales"", ""medida"": ""delta_dia""}",,9.7011499177314
2026-05-15,REPORTE_PRESIDENT,1,Tabla 1 (Producción día),"{""entidad"": ""Upstream"", ""medida"": ""real_dia""}",,718.643429140238
2026-05-15,REPORTE_PRESIDENT,1,Tabla 1 (Producción día),"{""entidad"": ""Upstream"", ""medida"": ""programa_dia""}",,724.463585198296
2026-05-15,REPORTE_PRESIDENT,1,Tabla 1 (Producción día),"{""entidad"": ""Upstream"", ""medida"": ""delta_dia""}",,-5.82015605805884
2026-05-15,REPORTE_PRESIDENT,2,Tabla 2 (Producción mes),"{""entidad"": ""Crudo"", ""medida"": ""real_mes""}",,501.479062479283
2026-05-15,REPORTE_PRESIDENT,2,Tabla 2 (Producción mes),"{""entidad"": ""Crudo"", ""medida"": ""proy_mes""}",,510.812665061612
2026-05-15,REPORTE_PRESIDENT,2,Tabla 2 (Producción mes),"{""entidad"": ""Crudo"", ""medida"": ""base_p50""}",,521.818690137288
2026-05-15,REPORTE_PRESIDENT,2,Tabla 2 (Producción mes),"{""entidad"": ""Crudo"", ""medida"": ""delta_p50""}",,-11.0060250756765
2026-05-15,REPORTE_PRESIDENT,2,Tabla 2 (Producción mes),"{""entidad"": ""Crudo"", ""medida"": ""compromiso""}",,521.818690137288
2026-05-15,REPORTE_PRESIDENT,2,Tabla 2 (Producción mes),"{""entidad"": ""Crudo"", ""medida"": ""delta_compromiso""}",,-11.0060250756765
2026-05-15,REPORTE_PRESIDENT,2,Tabla 2 (Producción mes),"{""entidad"": ""Gas"", ""medida"": ""real_mes""}",,81.3597017814536
2026-05-15,REPORTE_PRESIDENT,2,Tabla 2 (Producción mes),"{""entidad"": ""Gas"", ""medida"": ""proy_mes""}",,79.2704590045275
2026-05-15,REPORTE_PRESIDENT,2,Tabla 2 (Producción mes),"{""entidad"": ""Gas"", ""medida"": ""base_p50""}",,75.1007532561404
2026-05-15,REPORTE_PRESIDENT,2,Tabla 2 (Producción mes),"{""entidad"": ""Gas"", ""medida"": ""delta_p50""}",,4.16970574838709
2026-05-15,REPORTE_PRESIDENT,2,Tabla 2 (Producción mes),"{""entidad"": ""Gas"", ""medida"": ""compromiso""}",,75.1007532561404
2026-05-15,REPORTE_PRESIDENT,2,Tabla 2 (Producción mes),"{""entidad"": ""Gas"", ""medida"": ""delta_compromiso""}",,4.16970574838709
2026-05-15,REPORTE_PRESIDENT,2,Tabla 2 (Producción mes),"{""entidad"": ""Blancos"", ""medida"": ""real_mes""}",,14.0613511428571
2026-05-15,REPORTE_PRESIDENT,2,Tabla 2 (Producción mes),"{""entidad"": ""Blancos"", ""medida"": ""proy_mes""}",,13.8331064612903
2026-05-15,REPORTE_PRESIDENT,2,Tabla 2 (Producción mes),"{""entidad"": ""Blancos"", ""medida"": ""base_p50""}",,14.092089
2026-05-15,REPORTE_PRESIDENT,2,Tabla 2 (Producción mes),"{""entidad"": ""Blancos"", ""medida"": ""delta_p50""}",,-0.258982538709684
2026-05-15,REPORTE_PRESIDENT,2,Tabla 2 (Producción mes),"{""entidad"": ""Blancos"", ""medida"": ""compromiso""}",,14.092089
2026-05-15,REPORTE_PRESIDENT,2,Tabla 2 (Producción mes),"{""entidad"": ""Blancos"", ""medida"": ""delta_compromiso""}",,-0.258982538709684
2026-05-15,REPORTE_PRESIDENT,2,Tabla 2 (Producción mes),"{""entidad"": ""Ecopetrol"", ""medida"": ""real_mes""}",,596.900115403594
2026-05-15,REPORTE_PRESIDENT,2,Tabla 2 (Producción mes),"{""entidad"": ""Ecopetrol"", ""medida"": ""proy_mes""}",,603.916230527429
2026-05-15,REPORTE_PRESIDENT,2,Tabla 2 (Producción mes),"{""entidad"": ""Ecopetrol"", ""medida"": ""base_p50""}",,611.011532393428
2026-05-15,REPORTE_PRESIDENT,2,Tabla 2 (Producción mes),"{""entidad"": ""Ecopetrol"", ""medida"": ""delta_p50""}",,-7.09530186599909
2026-05-15,REPORTE_PRESIDENT,2,Tabla 2 (Producción mes),"{""entidad"": ""Ecopetrol"", ""medida"": ""compromiso""}",,611.011532393428
2026-05-15,REPORTE_PRESIDENT,2,Tabla 2 (Producción mes),"{""entidad"": ""Ecopetrol"", ""medida"": ""delta_compromiso""}",,-7.09530186599909
2026-05-15,REPORTE_PRESIDENT,2,Tabla 2 (Producción mes),"{""entidad"": ""Filiales"", ""medida"": ""real_mes""}",,125.508056374165
2026-05-15,REPORTE_PRESIDENT,2,Tabla 2 (Producción mes),"{""entidad"": ""Filiales"", ""medida"": ""proy_mes""}",,121.148457058366
2026-05-15,REPORTE_PRESIDENT,2,Tabla 2 (Producción mes),"{""entidad"": ""Filiales"", ""medida"": ""base_p50""}",,115.716112476783
2026-05-15,REPORTE_PRESIDENT,2,Tabla 2 (Producción mes),"{""entidad"": ""Filiales"", ""medida"": ""delta_p50""}",,5.43234458158328
2026-05-15,REPORTE_PRESIDENT,2,Tabla 2 (Producción mes),"{""entidad"": ""Filiales"", ""medida"": ""compromiso""}",,115.716112476783
2026-05-15,REPORTE_PRESIDENT,2,Tabla 2 (Producción mes),"{""entidad"": ""Filiales"", ""medida"": ""delta_compromiso""}",,5.43234458158328
2026-05-15,REPORTE_PRESIDENT,2,Tabla 2 (Producción mes),"{""entidad"": ""Upstream"", ""medida"": ""real_mes""}",,722.408171777759
2026-05-15,REPORTE_PRESIDENT,2,Tabla 2 (Producción mes),"{""entidad"": ""Upstream"", ""medida"": ""proy_mes""}",,725.064687585796
2026-05-15,REPORTE_PRESIDENT,2,Tabla 2 (Producción mes),"{""entidad"": ""Upstream"", ""medida"": ""base_p50""}",,726.727644870211
2026-05-15,REPORTE_PRESIDENT,2,Tabla 2 (Producción mes),"{""entidad"": ""Upstream"", ""medida"": ""delta_p50""}",,-1.66295728441582
2026-05-15,REPORTE_PRESIDENT,2,Tabla 2 (Producción mes),"{""entidad"": ""Upstream"", ""medida"": ""compromiso""}",,726.727644870211
2026-05-15,REPORTE_PRESIDENT,2,Tabla 2 (Producción mes),"{""entidad"": ""Upstream"", ""medida"": ""delta_compromiso""}",,-1.66295728441582
2026-05-16,REPORTE_PRESIDENT,1,Tabla 1 (Producción día),"{""entidad"": ""Crudo"", ""medida"": ""programa_dia""}",,505.6820605
2026-05-16,REPORTE_PRESIDENT,1,Tabla 1 (Producción día),"{""entidad"": ""Gas"", ""medida"": ""programa_dia""}",,79.8960414
2026-05-16,REPORTE_PRESIDENT,1,Tabla 1 (Producción día),"{""entidad"": ""Blancos"", ""medida"": ""programa_dia""}",,13.6559594
2026-05-16,REPORTE_PRESIDENT,1,Tabla 1 (Producción día),"{""entidad"": ""Ecopetrol"", ""medida"": ""programa_dia""}",,599.2340613
2026-05-16,REPORTE_PRESIDENT,1,Tabla 1 (Producción día),"{""entidad"": ""Filiales"", ""medida"": ""real_dia""}",,0
2026-05-16,REPORTE_PRESIDENT,1,Tabla 1 (Producción día),"{""entidad"": ""Filiales"", ""medida"": ""programa_dia""}",,117.558198798296
2026-05-16,REPORTE_PRESIDENT,1,Tabla 1 (Producción día),"{""entidad"": ""Filiales"", ""medida"": ""delta_dia""}",,-117.558198798296
2026-05-16,REPORTE_PRESIDENT,1,Tabla 1 (Producción día),"{""entidad"": ""Upstream"", ""medida"": ""programa_dia""}",,716.792260098297
2026-05-16,REPORTE_PRESIDENT,2,Tabla 2 (Producción mes),"{""entidad"": ""Crudo"", ""medida"": ""real_mes""}",,501.593619040915
2026-05-16,REPORTE_PRESIDENT,2,Tabla 2 (Producción mes),"{""entidad"": ""Crudo"", ""medida"": ""proy_mes""}",,506.858362981088
2026-05-16,REPORTE_PRESIDENT,2,Tabla 2 (Producción mes),"{""entidad"": ""Crudo"", ""medida"": ""base_p50""}",,521.818690137288
2026-05-16,REPORTE_PRESIDENT,2,Tabla 2 (Producción mes),"{""entidad"": ""Crudo"", ""medida"": ""delta_p50""}",,-14.9603271562003
2026-05-16,REPORTE_PRESIDENT,2,Tabla 2 (Producción mes),"{""entidad"": ""Crudo"", ""medida"": ""compromiso""}",,521.818690137288
2026-05-16,REPORTE_PRESIDENT,2,Tabla 2 (Producción mes),"{""entidad"": ""Crudo"", ""medida"": ""delta_compromiso""}",,-14.9603271562003
2026-05-16,REPORTE_PRESIDENT,2,Tabla 2 (Producción mes),"{""entidad"": ""Gas"", ""medida"": ""real_mes""}",,81.4318209195656
2026-05-16,REPORTE_PRESIDENT,2,Tabla 2 (Producción mes),"{""entidad"": ""Gas"", ""medida"": ""proy_mes""}",,80.2626405868866
2026-05-16,REPORTE_PRESIDENT,2,Tabla 2 (Producción mes),"{""entidad"": ""Gas"", ""medida"": ""base_p50""}",,75.1007532561404
2026-05-16,REPORTE_PRESIDENT,2,Tabla 2 (Producción mes),"{""entidad"": ""Gas"", ""medida"": ""delta_p50""}",,5.1618873307462
2026-05-16,REPORTE_PRESIDENT,2,Tabla 2 (Producción mes),"{""entidad"": ""Gas"", ""medida"": ""compromiso""}",,75.1007532561404
2026-05-16,REPORTE_PRESIDENT,2,Tabla 2 (Producción mes),"{""entidad"": ""Gas"", ""medida"": ""delta_compromiso""}",,5.1618873307462
2026-05-16,REPORTE_PRESIDENT,2,Tabla 2 (Producción mes),"{""entidad"": ""Blancos"", ""medida"": ""real_mes""}",,14.1431892
2026-05-16,REPORTE_PRESIDENT,2,Tabla 2 (Producción mes),"{""entidad"": ""Blancos"", ""medida"": ""proy_mes""}",,13.9684510967742
2026-05-16,REPORTE_PRESIDENT,2,Tabla 2 (Producción mes),"{""entidad"": ""Blancos"", ""medida"": ""base_p50""}",,14.092089
2026-05-16,REPORTE_PRESIDENT,2,Tabla 2 (Producción mes),"{""entidad"": ""Blancos"", ""medida"": ""delta_p50""}",,-0.123637903225804
2026-05-16,REPORTE_PRESIDENT,2,Tabla 2 (Producción mes),"{""entidad"": ""Blancos"", ""medida"": ""compromiso""}",,14.092089
2026-05-16,REPORTE_PRESIDENT,2,Tabla 2 (Producción mes),"{""entidad"": ""Blancos"", ""medida"": ""delta_compromiso""}",,-0.123637903225804
2026-05-16,REPORTE_PRESIDENT,2,Tabla 2 (Producción mes),"{""entidad"": ""Ecopetrol"", ""medida"": ""real_mes""}",,597.16862916048
2026-05-16,REPORTE_PRESIDENT,2,Tabla 2 (Producción mes),"{""entidad"": ""Ecopetrol"", ""medida"": ""proy_mes""}",,601.089454664748
2026-05-16,REPORTE_PRESIDENT,2,Tabla 2 (Producción mes),"{""entidad"": ""Ecopetrol"", ""medida"": ""base_p50""}",,611.011532393428
2026-05-16,REPORTE_PRESIDENT,2,Tabla 2 (Producción mes),"{""entidad"": ""Ecopetrol"", ""medida"": ""delta_p50""}",,-9.92207772867994
2026-05-16,REPORTE_PRESIDENT,2,Tabla 2 (Producción mes),"{""entidad"": ""Ecopetrol"", ""medida"": ""compromiso""}",,611.011532393428
2026-05-16,REPORTE_PRESIDENT,2,Tabla 2 (Producción mes),"{""entidad"": ""Ecopetrol"", ""medida"": ""delta_compromiso""}",,-9.92207772867994
2026-05-16,REPORTE_PRESIDENT,2,Tabla 2 (Producción mes),"{""entidad"": ""Filiales"", ""medida"": ""real_mes""}",,125.620545263623
2026-05-16,REPORTE_PRESIDENT,2,Tabla 2 (Producción mes),"{""entidad"": ""Filiales"", ""medida"": ""proy_mes""}",,121.459334184745
2026-05-16,REPORTE_PRESIDENT,2,Tabla 2 (Producción mes),"{""entidad"": ""Filiales"", ""medida"": ""base_p50""}",,115.716112476783
2026-05-16,REPORTE_PRESIDENT,2,Tabla 2 (Producción mes),"{""entidad"": ""Filiales"", ""medida"": ""delta_p50""}",,5.74322170796172
2026-05-16,REPORTE_PRESIDENT,2,Tabla 2 (Producción mes),"{""entidad"": ""Filiales"", ""medida"": ""compromiso""}",,115.716112476783
2026-05-16,REPORTE_PRESIDENT,2,Tabla 2 (Producción mes),"{""entidad"": ""Filiales"", ""medida"": ""delta_compromiso""}",,5.74322170796172
2026-05-16,REPORTE_PRESIDENT,2,Tabla 2 (Producción mes),"{""entidad"": ""Upstream"", ""medida"": ""real_mes""}",,722.789174424103
2026-05-16,REPORTE_PRESIDENT,2,Tabla 2 (Producción mes),"{""entidad"": ""Upstream"", ""medida"": ""proy_mes""}",,722.548788849493
2026-05-16,REPORTE_PRESIDENT,2,Tabla 2 (Producción mes),"{""entidad"": ""Upstream"", ""medida"": ""base_p50""}",,726.727644870211
2026-05-16,REPORTE_PRESIDENT,2,Tabla 2 (Producción mes),"{""entidad"": ""Upstream"", ""medida"": ""delta_p50""}",,-4.17885602071817
2026-05-16,REPORTE_PRESIDENT,2,Tabla 2 (Producción mes),"{""entidad"": ""Upstream"", ""medida"": ""compromiso""}",,726.727644870211
2026-05-16,REPORTE_PRESIDENT,2,Tabla 2 (Producción mes),"{""entidad"": ""Upstream"", ""medida"": ""delta_compromiso""}",,-4.17885602071817
2026-05-17,REPORTE_PRESIDENT,1,Tabla 1 (Producción día),"{""entidad"": ""Crudo"", ""medida"": ""programa_dia""}",,504.8346458
2026-05-17,REPORTE_PRESIDENT,1,Tabla 1 (Producción día),"{""entidad"": ""Gas"", ""medida"": ""programa_dia""}",,79.8928267
2026-05-17,REPORTE_PRESIDENT,1,Tabla 1 (Producción día),"{""entidad"": ""Blancos"", ""medida"": ""programa_dia""}",,13.6541014
2026-05-17,REPORTE_PRESIDENT,1,Tabla 1 (Producción día),"{""entidad"": ""Ecopetrol"", ""medida"": ""programa_dia""}",,598.3815739
2026-05-17,REPORTE_PRESIDENT,1,Tabla 1 (Producción día),"{""entidad"": ""Filiales"", ""medida"": ""real_dia""}",,0
2026-05-17,REPORTE_PRESIDENT,1,Tabla 1 (Producción día),"{""entidad"": ""Filiales"", ""medida"": ""programa_dia""}",,117.558198798296
2026-05-17,REPORTE_PRESIDENT,1,Tabla 1 (Producción día),"{""entidad"": ""Filiales"", ""medida"": ""delta_dia""}",,-117.558198798296
2026-05-17,REPORTE_PRESIDENT,1,Tabla 1 (Producción día),"{""entidad"": ""Upstream"", ""medida"": ""programa_dia""}",,715.939772698296
2026-05-17,REPORTE_PRESIDENT,2,Tabla 2 (Producción mes),"{""entidad"": ""Crudo"", ""medida"": ""real_mes""}",,501.77295032036
2026-05-17,REPORTE_PRESIDENT,2,Tabla 2 (Producción mes),"{""entidad"": ""Crudo"", ""medida"": ""proy_mes""}",,506.819035852444
2026-05-17,REPORTE_PRESIDENT,2,Tabla 2 (Producción mes),"{""entidad"": ""Crudo"", ""medida"": ""base_p50""}",,521.818690137288
2026-05-17,REPORTE_PRESIDENT,2,Tabla 2 (Producción mes),"{""entidad"": ""Crudo"", ""medida"": ""delta_p50""}",,-14.9996542848442
2026-05-17,REPORTE_PRESIDENT,2,Tabla 2 (Producción mes),"{""entidad"": ""Crudo"", ""medida"": ""compromiso""}",,521.818690137288
2026-05-17,REPORTE_PRESIDENT,2,Tabla 2 (Producción mes),"{""entidad"": ""Crudo"", ""medida"": ""delta_compromiso""}",,-14.9996542848442
2026-05-17,REPORTE_PRESIDENT,2,Tabla 2 (Producción mes),"{""entidad"": ""Gas"", ""medida"": ""real_mes""}",,81.508595465095
2026-05-17,REPORTE_PRESIDENT,2,Tabla 2 (Producción mes),"{""entidad"": ""Gas"", ""medida"": ""proy_mes""}",,80.3518074335974
2026-05-17,REPORTE_PRESIDENT,2,Tabla 2 (Producción mes),"{""entidad"": ""Gas"", ""medida"": ""base_p50""}",,75.1007532561404
2026-05-17,REPORTE_PRESIDENT,2,Tabla 2 (Producción mes),"{""entidad"": ""Gas"", ""medida"": ""delta_p50""}",,5.25105417745708
2026-05-17,REPORTE_PRESIDENT,2,Tabla 2 (Producción mes),"{""entidad"": ""Gas"", ""medida"": ""compromiso""}",,75.1007532561404
2026-05-17,REPORTE_PRESIDENT,2,Tabla 2 (Producción mes),"{""entidad"": ""Gas"", ""medida"": ""delta_compromiso""}",,5.25105417745708
2026-05-17,REPORTE_PRESIDENT,2,Tabla 2 (Producción mes),"{""entidad"": ""Blancos"", ""medida"": ""real_mes""}",,14.1242095625
2026-05-17,REPORTE_PRESIDENT,2,Tabla 2 (Producción mes),"{""entidad"": ""Blancos"", ""medida"": ""proy_mes""}",,13.9743722451613
2026-05-17,REPORTE_PRESIDENT,2,Tabla 2 (Producción mes),"{""entidad"": ""Blancos"", ""medida"": ""base_p50""}",,14.092089
2026-05-17,REPORTE_PRESIDENT,2,Tabla 2 (Producción mes),"{""entidad"": ""Blancos"", ""medida"": ""delta_p50""}",,-0.117716754838707
2026-05-17,REPORTE_PRESIDENT,2,Tabla 2 (Producción mes),"{""entidad"": ""Blancos"", ""medida"": ""compromiso""}",,14.092089
2026-05-17,REPORTE_PRESIDENT,2,Tabla 2 (Producción mes),"{""entidad"": ""Blancos"", ""medida"": ""delta_compromiso""}",,-0.117716754838707
2026-05-17,REPORTE_PRESIDENT,2,Tabla 2 (Producción mes),"{""entidad"": ""Ecopetrol"", ""medida"": ""real_mes""}",,597.405755347955
2026-05-17,REPORTE_PRESIDENT,2,Tabla 2 (Producción mes),"{""entidad"": ""Ecopetrol"", ""medida"": ""proy_mes""}",,601.145215531203
2026-05-17,REPORTE_PRESIDENT,2,Tabla 2 (Producción mes),"{""entidad"": ""Ecopetrol"", ""medida"": ""base_p50""}",,611.011532393428
2026-05-17,REPORTE_PRESIDENT,2,Tabla 2 (Producción mes),"{""entidad"": ""Ecopetrol"", ""medida"": ""delta_p50""}",,-9.86631686222586
2026-05-17,REPORTE_PRESIDENT,2,Tabla 2 (Producción mes),"{""entidad"": ""Ecopetrol"", ""medida"": ""compromiso""}",,611.011532393428
2026-05-17,REPORTE_PRESIDENT,2,Tabla 2 (Producción mes),"{""entidad"": ""Ecopetrol"", ""medida"": ""delta_compromiso""}",,-9.86631686222586
2026-05-17,REPORTE_PRESIDENT,2,Tabla 2 (Producción mes),"{""entidad"": ""Filiales"", ""medida"": ""real_mes""}",,125.768349029398
2026-05-17,REPORTE_PRESIDENT,2,Tabla 2 (Producción mes),"{""entidad"": ""Filiales"", ""medida"": ""proy_mes""}",,121.795695691768
2026-05-17,REPORTE_PRESIDENT,2,Tabla 2 (Producción mes),"{""entidad"": ""Filiales"", ""medida"": ""base_p50""}",,115.716112476783
2026-05-17,REPORTE_PRESIDENT,2,Tabla 2 (Producción mes),"{""entidad"": ""Filiales"", ""medida"": ""delta_p50""}",,6.07958321498531
2026-05-17,REPORTE_PRESIDENT,2,Tabla 2 (Producción mes),"{""entidad"": ""Filiales"", ""medida"": ""compromiso""}",,115.716112476783
2026-05-17,REPORTE_PRESIDENT,2,Tabla 2 (Producción mes),"{""entidad"": ""Filiales"", ""medida"": ""delta_compromiso""}",,6.07958321498531
2026-05-17,REPORTE_PRESIDENT,2,Tabla 2 (Producción mes),"{""entidad"": ""Upstream"", ""medida"": ""real_mes""}",,723.174104377354
2026-05-17,REPORTE_PRESIDENT,2,Tabla 2 (Producción mes),"{""entidad"": ""Upstream"", ""medida"": ""proy_mes""}",,722.940911222971
2026-05-17,REPORTE_PRESIDENT,2,Tabla 2 (Producción mes),"{""entidad"": ""Upstream"", ""medida"": ""base_p50""}",,726.727644870211
2026-05-17,REPORTE_PRESIDENT,2,Tabla 2 (Producción mes),"{""entidad"": ""Upstream"", ""medida"": ""delta_p50""}",,-3.78673364724057
2026-05-17,REPORTE_PRESIDENT,2,Tabla 2 (Producción mes),"{""entidad"": ""Upstream"", ""medida"": ""compromiso""}",,726.727644870211
2026-05-17,REPORTE_PRESIDENT,2,Tabla 2 (Producción mes),"{""entidad"": ""Upstream"", ""medida"": ""delta_compromiso""}",,-3.78673364724057
2026-05-18,REPORTE_PRESIDENT,1,Tabla 1 (Producción día),"{""entidad"": ""Crudo"", ""medida"": ""programa_dia""}",,504.8595814
2026-05-18,REPORTE_PRESIDENT,1,Tabla 1 (Producción día),"{""entidad"": ""Gas"", ""medida"": ""programa_dia""}",,79.8978544
2026-05-18,REPORTE_PRESIDENT,1,Tabla 1 (Producción día),"{""entidad"": ""Blancos"", ""medida"": ""programa_dia""}",,13.6522776
2026-05-18,REPORTE_PRESIDENT,1,Tabla 1 (Producción día),"{""entidad"": ""Ecopetrol"", ""medida"": ""programa_dia""}",,598.4097134
2026-05-18,REPORTE_PRESIDENT,1,Tabla 1 (Producción día),"{""entidad"": ""Filiales"", ""medida"": ""real_dia""}",,0
2026-05-18,REPORTE_PRESIDENT,1,Tabla 1 (Producción día),"{""entidad"": ""Filiales"", ""medida"": ""programa_dia""}",,117.558198798296
2026-05-18,REPORTE_PRESIDENT,1,Tabla 1 (Producción día),"{""entidad"": ""Filiales"", ""medida"": ""delta_dia""}",,-117.558198798296
2026-05-18,REPORTE_PRESIDENT,1,Tabla 1 (Producción día),"{""entidad"": ""Upstream"", ""medida"": ""programa_dia""}",,715.967912198297
2026-05-18,REPORTE_PRESIDENT,2,Tabla 2 (Producción mes),"{""entidad"": ""Crudo"", ""medida"": ""real_mes""}",,501.716530334266
2026-05-18,REPORTE_PRESIDENT,2,Tabla 2 (Producción mes),"{""entidad"": ""Crudo"", ""medida"": ""proy_mes""}",,506.689331489759
2026-05-18,REPORTE_PRESIDENT,2,Tabla 2 (Producción mes),"{""entidad"": ""Crudo"", ""medida"": ""base_p50""}",,521.818690137288
2026-05-18,REPORTE_PRESIDENT,2,Tabla 2 (Producción mes),"{""entidad"": ""Crudo"", ""medida"": ""delta_p50""}",,-15.129358647529
2026-05-18,REPORTE_PRESIDENT,2,Tabla 2 (Producción mes),"{""entidad"": ""Crudo"", ""medida"": ""compromiso""}",,521.818690137288
2026-05-18,REPORTE_PRESIDENT,2,Tabla 2 (Producción mes),"{""entidad"": ""Crudo"", ""medida"": ""delta_compromiso""}",,-15.129358647529
2026-05-18,REPORTE_PRESIDENT,2,Tabla 2 (Producción mes),"{""entidad"": ""Gas"", ""medida"": ""real_mes""}",,81.5508152978328
2026-05-18,REPORTE_PRESIDENT,2,Tabla 2 (Producción mes),"{""entidad"": ""Gas"", ""medida"": ""proy_mes""}",,80.4270818181664
2026-05-18,REPORTE_PRESIDENT,2,Tabla 2 (Producción mes),"{""entidad"": ""Gas"", ""medida"": ""base_p50""}",,75.1007532561404
2026-05-18,REPORTE_PRESIDENT,2,Tabla 2 (Producción mes),"{""entidad"": ""Gas"", ""medida"": ""delta_p50""}",,5.32632856202602
2026-05-18,REPORTE_PRESIDENT,2,Tabla 2 (Producción mes),"{""entidad"": ""Gas"", ""medida"": ""compromiso""}",,75.1007532561404
2026-05-18,REPORTE_PRESIDENT,2,Tabla 2 (Producción mes),"{""entidad"": ""Gas"", ""medida"": ""delta_compromiso""}",,5.32632856202602
2026-05-18,REPORTE_PRESIDENT,2,Tabla 2 (Producción mes),"{""entidad"": ""Blancos"", ""medida"": ""real_mes""}",,14.2320840588235
2026-05-18,REPORTE_PRESIDENT,2,Tabla 2 (Producción mes),"{""entidad"": ""Blancos"", ""medida"": ""proy_mes""}",,14.0486940064516
2026-05-18,REPORTE_PRESIDENT,2,Tabla 2 (Producción mes),"{""entidad"": ""Blancos"", ""medida"": ""base_p50""}",,14.092089
2026-05-18,REPORTE_PRESIDENT,2,Tabla 2 (Producción mes),"{""entidad"": ""Blancos"", ""medida"": ""delta_p50""}",,-0.0433949935483824
2026-05-18,REPORTE_PRESIDENT,2,Tabla 2 (Producción mes),"{""entidad"": ""Blancos"", ""medida"": ""compromiso""}",,14.092089
2026-05-18,REPORTE_PRESIDENT,2,Tabla 2 (Producción mes),"{""entidad"": ""Blancos"", ""medida"": ""delta_compromiso""}",,-0.0433949935483824
2026-05-18,REPORTE_PRESIDENT,2,Tabla 2 (Producción mes),"{""entidad"": ""Ecopetrol"", ""medida"": ""real_mes""}",,597.499429690923
2026-05-18,REPORTE_PRESIDENT,2,Tabla 2 (Producción mes),"{""entidad"": ""Ecopetrol"", ""medida"": ""proy_mes""}",,601.165107314377
2026-05-18,REPORTE_PRESIDENT,2,Tabla 2 (Producción mes),"{""entidad"": ""Ecopetrol"", ""medida"": ""base_p50""}",,611.011532393428
2026-05-18,REPORTE_PRESIDENT,2,Tabla 2 (Producción mes),"{""entidad"": ""Ecopetrol"", ""medida"": ""delta_p50""}",,-9.84642507905141
2026-05-18,REPORTE_PRESIDENT,2,Tabla 2 (Producción mes),"{""entidad"": ""Ecopetrol"", ""medida"": ""compromiso""}",,611.011532393428
2026-05-18,REPORTE_PRESIDENT,2,Tabla 2 (Producción mes),"{""entidad"": ""Ecopetrol"", ""medida"": ""delta_compromiso""}",,-9.84642507905141
2026-05-18,REPORTE_PRESIDENT,2,Tabla 2 (Producción mes),"{""entidad"": ""Filiales"", ""medida"": ""real_mes""}",,125.845120987435
2026-05-18,REPORTE_PRESIDENT,2,Tabla 2 (Producción mes),"{""entidad"": ""Filiales"", ""medida"": ""proy_mes""}",,122.102639998792
2026-05-18,REPORTE_PRESIDENT,2,Tabla 2 (Producción mes),"{""entidad"": ""Filiales"", ""medida"": ""base_p50""}",,115.716112476783
2026-05-18,REPORTE_PRESIDENT,2,Tabla 2 (Producción mes),"{""entidad"": ""Filiales"", ""medida"": ""delta_p50""}",,6.38652752200892
2026-05-18,REPORTE_PRESIDENT,2,Tabla 2 (Producción mes),"{""entidad"": ""Filiales"", ""medida"": ""compromiso""}",,115.716112476783
2026-05-18,REPORTE_PRESIDENT,2,Tabla 2 (Producción mes),"{""entidad"": ""Filiales"", ""medida"": ""delta_compromiso""}",,6.38652752200892
2026-05-18,REPORTE_PRESIDENT,2,Tabla 2 (Producción mes),"{""entidad"": ""Upstream"", ""medida"": ""real_mes""}",,723.344550678358
2026-05-18,REPORTE_PRESIDENT,2,Tabla 2 (Producción mes),"{""entidad"": ""Upstream"", ""medida"": ""proy_mes""}",,723.267747313169
2026-05-18,REPORTE_PRESIDENT,2,Tabla 2 (Producción mes),"{""entidad"": ""Upstream"", ""medida"": ""base_p50""}",,726.727644870211
2026-05-18,REPORTE_PRESIDENT,2,Tabla 2 (Producción mes),"{""entidad"": ""Upstream"", ""medida"": ""delta_p50""}",,-3.4598975570425
2026-05-18,REPORTE_PRESIDENT,2,Tabla 2 (Producción mes),"{""entidad"": ""Upstream"", ""medida"": ""compromiso""}",,726.727644870211
2026-05-18,REPORTE_PRESIDENT,2,Tabla 2 (Producción mes),"{""entidad"": ""Upstream"", ""medida"": ""delta_compromiso""}",,-3.4598975570425
2026-03-01,REPORTE_PRESIDENT,1,Tabla 1 (Producción día),"{""entidad"": ""Crudo"", ""medida"": ""programa_dia""}",,506.73841
2026-03-01,REPORTE_PRESIDENT,1,Tabla 1 (Producción día),"{""entidad"": ""Gas"", ""medida"": ""programa_dia""}",,74.9248572
2026-03-01,REPORTE_PRESIDENT,1,Tabla 1 (Producción día),"{""entidad"": ""Blancos"", ""medida"": ""programa_dia""}",,14.5382626
2026-03-01,REPORTE_PRESIDENT,1,Tabla 1 (Producción día),"{""entidad"": ""Ecopetrol"", ""medida"": ""programa_dia""}",,596.2015298
2026-03-01,REPORTE_PRESIDENT,2,Tabla 2 (Producción mes),"{""entidad"": ""Crudo"", ""medida"": ""real_mes""}",,496.993759689096
2026-03-01,REPORTE_PRESIDENT,2,Tabla 2 (Producción mes),"{""entidad"": ""Crudo"", ""medida"": ""proy_mes""}",,496.993759689096
2026-03-01,REPORTE_PRESIDENT,2,Tabla 2 (Producción mes),"{""entidad"": ""Crudo"", ""medida"": ""base_p50""}",,519.713795499476
2026-03-01,REPORTE_PRESIDENT,2,Tabla 2 (Producción mes),"{""entidad"": ""Crudo"", ""medida"": ""delta_p50""}",,-22.7200358103801
2026-03-01,REPORTE_PRESIDENT,2,Tabla 2 (Producción mes),"{""entidad"": ""Crudo"", ""medida"": ""compromiso""}",,519.713795499476
2026-03-01,REPORTE_PRESIDENT,2,Tabla 2 (Producción mes),"{""entidad"": ""Crudo"", ""medida"": ""delta_compromiso""}",,-22.7200358103801
2026-03-01,REPORTE_PRESIDENT,2,Tabla 2 (Producción mes),"{""entidad"": ""Gas"", ""medida"": ""real_mes""}",,79.053987171089
2026-03-01,REPORTE_PRESIDENT,2,Tabla 2 (Producción mes),"{""entidad"": ""Gas"", ""medida"": ""proy_mes""}",,79.053987171089
2026-03-01,REPORTE_PRESIDENT,2,Tabla 2 (Producción mes),"{""entidad"": ""Gas"", ""medida"": ""base_p50""}",,79.1410575929824
2026-03-01,REPORTE_PRESIDENT,2,Tabla 2 (Producción mes),"{""entidad"": ""Gas"", ""medida"": ""delta_p50""}",,-0.0870704218934151
2026-03-01,REPORTE_PRESIDENT,2,Tabla 2 (Producción mes),"{""entidad"": ""Gas"", ""medida"": ""compromiso""}",,79.1410575929824
2026-03-01,REPORTE_PRESIDENT,2,Tabla 2 (Producción mes),"{""entidad"": ""Gas"", ""medida"": ""delta_compromiso""}",,-0.0870704218934151
2026-03-01,REPORTE_PRESIDENT,2,Tabla 2 (Producción mes),"{""entidad"": ""Blancos"", ""medida"": ""real_mes""}",,15.052922309127
2026-03-01,REPORTE_PRESIDENT,2,Tabla 2 (Producción mes),"{""entidad"": ""Blancos"", ""medida"": ""proy_mes""}",,15.052922309127
2026-03-01,REPORTE_PRESIDENT,2,Tabla 2 (Producción mes),"{""entidad"": ""Blancos"", ""medida"": ""base_p50""}",,15.652176
2026-03-01,REPORTE_PRESIDENT,2,Tabla 2 (Producción mes),"{""entidad"": ""Blancos"", ""medida"": ""delta_p50""}",,-0.599253690873018
2026-03-01,REPORTE_PRESIDENT,2,Tabla 2 (Producción mes),"{""entidad"": ""Blancos"", ""medida"": ""compromiso""}",,15.652176
2026-03-01,REPORTE_PRESIDENT,2,Tabla 2 (Producción mes),"{""entidad"": ""Blancos"", ""medida"": ""delta_compromiso""}",,-0.599253690873018
2026-03-01,REPORTE_PRESIDENT,2,Tabla 2 (Producción mes),"{""entidad"": ""Ecopetrol"", ""medida"": ""real_mes""}",,591.100669169312
2026-03-01,REPORTE_PRESIDENT,2,Tabla 2 (Producción mes),"{""entidad"": ""Ecopetrol"", ""medida"": ""proy_mes""}",,591.100669169312
2026-03-01,REPORTE_PRESIDENT,2,Tabla 2 (Producción mes),"{""entidad"": ""Ecopetrol"", ""medida"": ""base_p50""}",,614.507029092459
2026-03-01,REPORTE_PRESIDENT,2,Tabla 2 (Producción mes),"{""entidad"": ""Ecopetrol"", ""medida"": ""delta_p50""}",,-23.4063599231465
2026-03-01,REPORTE_PRESIDENT,2,Tabla 2 (Producción mes),"{""entidad"": ""Ecopetrol"", ""medida"": ""compromiso""}",,614.507029092459
2026-03-01,REPORTE_PRESIDENT,2,Tabla 2 (Producción mes),"{""entidad"": ""Ecopetrol"", ""medida"": ""delta_compromiso""}",,-23.4063599231465
2026-03-01,REPORTE_PRESIDENT,2,Tabla 2 (Producción mes),"{""entidad"": ""Filiales"", ""medida"": ""real_mes""}",,135.173667601226
2026-03-01,REPORTE_PRESIDENT,2,Tabla 2 (Producción mes),"{""entidad"": ""Filiales"", ""medida"": ""proy_mes""}",,135.173667601226
2026-03-01,REPORTE_PRESIDENT,2,Tabla 2 (Producción mes),"{""entidad"": ""Filiales"", ""medida"": ""base_p50""}",,126.672249450377
2026-03-01,REPORTE_PRESIDENT,2,Tabla 2 (Producción mes),"{""entidad"": ""Filiales"", ""medida"": ""delta_p50""}",,8.5014181508494
2026-03-01,REPORTE_PRESIDENT,2,Tabla 2 (Producción mes),"{""entidad"": ""Filiales"", ""medida"": ""compromiso""}",,126.672249450377
2026-03-01,REPORTE_PRESIDENT,2,Tabla 2 (Producción mes),"{""entidad"": ""Filiales"", ""medida"": ""delta_compromiso""}",,8.5014181508494
2026-03-01,REPORTE_PRESIDENT,2,Tabla 2 (Producción mes),"{""entidad"": ""Upstream"", ""medida"": ""real_mes""}",,726.274336770538
2026-03-01,REPORTE_PRESIDENT,2,Tabla 2 (Producción mes),"{""entidad"": ""Upstream"", ""medida"": ""proy_mes""}",,726.274336770538
2026-03-01,REPORTE_PRESIDENT,2,Tabla 2 (Producción mes),"{""entidad"": ""Upstream"", ""medida"": ""base_p50""}",,741.179278542835
2026-03-01,REPORTE_PRESIDENT,2,Tabla 2 (Producción mes),"{""entidad"": ""Upstream"", ""medida"": ""delta_p50""}",,-14.9049417722971
2026-03-01,REPORTE_PRESIDENT,2,Tabla 2 (Producción mes),"{""entidad"": ""Upstream"", ""medida"": ""compromiso""}",,741.179278542835
2026-03-01,REPORTE_PRESIDENT,2,Tabla 2 (Producción mes),"{""entidad"": ""Upstream"", ""medida"": ""delta_compromiso""}",,-14.9049417722971
2026-03-02,REPORTE_PRESIDENT,1,Tabla 1 (Producción día),"{""entidad"": ""Crudo"", ""medida"": ""real_dia""}",,495.60764863278
2026-03-02,REPORTE_PRESIDENT,1,Tabla 1 (Producción día),"{""entidad"": ""Crudo"", ""medida"": ""programa_dia""}",,505.7880482
2026-03-02,REPORTE_PRESIDENT,1,Tabla 1 (Producción día),"{""entidad"": ""Crudo"", ""medida"": ""delta_dia""}",,-10.18039956722
2026-03-02,REPORTE_PRESIDENT,1,Tabla 1 (Producción día),"{""entidad"": ""Gas"", ""medida"": ""real_dia""}",,79.2915603859649
2026-03-02,REPORTE_PRESIDENT,1,Tabla 1 (Producción día),"{""entidad"": ""Gas"", ""medida"": ""programa_dia""}",,75.3042907
2026-03-02,REPORTE_PRESIDENT,1,Tabla 1 (Producción día),"{""entidad"": ""Gas"", ""medida"": ""delta_dia""}",,3.98726968596493
2026-03-02,REPORTE_PRESIDENT,1,Tabla 1 (Producción día),"{""entidad"": ""Blancos"", ""medida"": ""real_dia""}",,12.359545
2026-03-02,REPORTE_PRESIDENT,1,Tabla 1 (Producción día),"{""entidad"": ""Blancos"", ""medida"": ""programa_dia""}",,14.5260267
2026-03-02,REPORTE_PRESIDENT,1,Tabla 1 (Producción día),"{""entidad"": ""Blancos"", ""medida"": ""delta_dia""}",,-2.1664817
2026-03-02,REPORTE_PRESIDENT,1,Tabla 1 (Producción día),"{""entidad"": ""Ecopetrol"", ""medida"": ""real_dia""}",,587.258754018745
2026-03-02,REPORTE_PRESIDENT,1,Tabla 1 (Producción día),"{""entidad"": ""Ecopetrol"", ""medida"": ""programa_dia""}",,595.6183656
2026-03-02,REPORTE_PRESIDENT,1,Tabla 1 (Producción día),"{""entidad"": ""Ecopetrol"", ""medida"": ""delta_dia""}",,-8.35961158125508
2026-03-02,REPORTE_PRESIDENT,1,Tabla 1 (Producción día),"{""entidad"": ""Filiales"", ""medida"": ""real_dia""}",,132.221757783556
2026-03-02,REPORTE_PRESIDENT,1,Tabla 1 (Producción día),"{""entidad"": ""Filiales"", ""medida"": ""programa_dia""}",,122.86109626211
2026-03-02,REPORTE_PRESIDENT,1,Tabla 1 (Producción día),"{""entidad"": ""Filiales"", ""medida"": ""delta_dia""}",,9.36066152144589
2026-03-02,REPORTE_PRESIDENT,1,Tabla 1 (Producción día),"{""entidad"": ""Upstream"", ""medida"": ""real_dia""}",,719.480511802301
2026-03-02,REPORTE_PRESIDENT,1,Tabla 1 (Producción día),"{""entidad"": ""Upstream"", ""medida"": ""programa_dia""}",,718.47946186211
2026-03-02,REPORTE_PRESIDENT,1,Tabla 1 (Producción día),"{""entidad"": ""Upstream"", ""medida"": ""delta_dia""}",,1.0010499401908
2026-03-02,REPORTE_PRESIDENT,2,Tabla 2 (Producción mes),"{""entidad"": ""Crudo"", ""medida"": ""real_mes""}",,495.60764863278
2026-03-02,REPORTE_PRESIDENT,2,Tabla 2 (Producción mes),"{""entidad"": ""Crudo"", ""medida"": ""proy_mes""}",,509.013391839767
2026-03-02,REPORTE_PRESIDENT,2,Tabla 2 (Producción mes),"{""entidad"": ""Crudo"", ""medida"": ""base_p50""}",,516.713204239543
2026-03-02,REPORTE_PRESIDENT,2,Tabla 2 (Producción mes),"{""entidad"": ""Crudo"", ""medida"": ""delta_p50""}",,-7.69981239977619
2026-03-02,REPORTE_PRESIDENT,2,Tabla 2 (Producción mes),"{""entidad"": ""Crudo"", ""medida"": ""compromiso""}",,516.713204239543
2026-03-02,REPORTE_PRESIDENT,2,Tabla 2 (Producción mes),"{""entidad"": ""Crudo"", ""medida"": ""delta_compromiso""}",,-7.69981239977619
2026-03-02,REPORTE_PRESIDENT,2,Tabla 2 (Producción mes),"{""entidad"": ""Gas"", ""medida"": ""real_mes""}",,79.2915603859649
2026-03-02,REPORTE_PRESIDENT,2,Tabla 2 (Producción mes),"{""entidad"": ""Gas"", ""medida"": ""proy_mes""}",,77.3871946092247
2026-03-02,REPORTE_PRESIDENT,2,Tabla 2 (Producción mes),"{""entidad"": ""Gas"", ""medida"": ""base_p50""}",,77.4634358912281
2026-03-02,REPORTE_PRESIDENT,2,Tabla 2 (Producción mes),"{""entidad"": ""Gas"", ""medida"": ""delta_p50""}",,-0.0762412820034086
2026-03-02,REPORTE_PRESIDENT,2,Tabla 2 (Producción mes),"{""entidad"": ""Gas"", ""medida"": ""compromiso""}",,77.4634358912281
2026-03-02,REPORTE_PRESIDENT,2,Tabla 2 (Producción mes),"{""entidad"": ""Gas"", ""medida"": ""delta_compromiso""}",,-0.0762412820034086
2026-03-02,REPORTE_PRESIDENT,2,Tabla 2 (Producción mes),"{""entidad"": ""Blancos"", ""medida"": ""real_mes""}",,12.359545
2026-03-02,REPORTE_PRESIDENT,2,Tabla 2 (Producción mes),"{""entidad"": ""Blancos"", ""medida"": ""proy_mes""}",,14.2662348806452
2026-03-02,REPORTE_PRESIDENT,2,Tabla 2 (Producción mes),"{""entidad"": ""Blancos"", ""medida"": ""base_p50""}",,14.340728
2026-03-02,REPORTE_PRESIDENT,2,Tabla 2 (Producción mes),"{""entidad"": ""Blancos"", ""medida"": ""delta_p50""}",,-0.0744931193548375
2026-03-02,REPORTE_PRESIDENT,2,Tabla 2 (Producción mes),"{""entidad"": ""Blancos"", ""medida"": ""compromiso""}",,14.340728
2026-03-02,REPORTE_PRESIDENT,2,Tabla 2 (Producción mes),"{""entidad"": ""Blancos"", ""medida"": ""delta_compromiso""}",,-0.0744931193548375
2026-03-02,REPORTE_PRESIDENT,2,Tabla 2 (Producción mes),"{""entidad"": ""Ecopetrol"", ""medida"": ""real_mes""}",,587.258754018745
2026-03-02,REPORTE_PRESIDENT,2,Tabla 2 (Producción mes),"{""entidad"": ""Ecopetrol"", ""medida"": ""proy_mes""}",,600.666821329637
2026-03-02,REPORTE_PRESIDENT,2,Tabla 2 (Producción mes),"{""entidad"": ""Ecopetrol"", ""medida"": ""base_p50""}",,608.517368130771
2026-03-02,REPORTE_PRESIDENT,2,Tabla 2 (Producción mes),"{""entidad"": ""Ecopetrol"", ""medida"": ""delta_p50""}",,-7.85054680113444
2026-03-02,REPORTE_PRESIDENT,2,Tabla 2 (Producción mes),"{""entidad"": ""Ecopetrol"", ""medida"": ""compromiso""}",,608.517368130771
2026-03-02,REPORTE_PRESIDENT,2,Tabla 2 (Producción mes),"{""entidad"": ""Ecopetrol"", ""medida"": ""delta_compromiso""}",,-7.85054680113444
2026-03-02,REPORTE_PRESIDENT,2,Tabla 2 (Producción mes),"{""entidad"": ""Filiales"", ""medida"": ""real_mes""}",,132.221757783556
2026-03-02,REPORTE_PRESIDENT,2,Tabla 2 (Producción mes),"{""entidad"": ""Filiales"", ""medida"": ""proy_mes""}",,123.163053085383
2026-03-02,REPORTE_PRESIDENT,2,Tabla 2 (Producción mes),"{""entidad"": ""Filiales"", ""medida"": ""base_p50""}",,124.319138744245
2026-03-02,REPORTE_PRESIDENT,2,Tabla 2 (Producción mes),"{""entidad"": ""Filiales"", ""medida"": ""delta_p50""}",,-1.15608565886244
2026-03-02,REPORTE_PRESIDENT,2,Tabla 2 (Producción mes),"{""entidad"": ""Filiales"", ""medida"": ""compromiso""}",,124.319138744245
2026-03-02,REPORTE_PRESIDENT,2,Tabla 2 (Producción mes),"{""entidad"": ""Filiales"", ""medida"": ""delta_compromiso""}",,-1.15608565886244
2026-03-02,REPORTE_PRESIDENT,2,Tabla 2 (Producción mes),"{""entidad"": ""Upstream"", ""medida"": ""real_mes""}",,719.480511802301
2026-03-02,REPORTE_PRESIDENT,2,Tabla 2 (Producción mes),"{""entidad"": ""Upstream"", ""medida"": ""proy_mes""}",,723.829874415019
2026-03-02,REPORTE_PRESIDENT,2,Tabla 2 (Producción mes),"{""entidad"": ""Upstream"", ""medida"": ""base_p50""}",,732.836506875016
2026-03-02,REPORTE_PRESIDENT,2,Tabla 2 (Producción mes),"{""entidad"": ""Upstream"", ""medida"": ""delta_p50""}",,-9.00663245999692
2026-03-02,REPORTE_PRESIDENT,2,Tabla 2 (Producción mes),"{""entidad"": ""Upstream"", ""medida"": ""compromiso""}",,732.836506875016
2026-03-02,REPORTE_PRESIDENT,2,Tabla 2 (Producción mes),"{""entidad"": ""Upstream"", ""medida"": ""delta_compromiso""}",,-9.00663245999692
2026-03-03,REPORTE_PRESIDENT,1,Tabla 1 (Producción día),"{""entidad"": ""Crudo"", ""medida"": ""programa_dia""}",,506.0643248
2026-03-03,REPORTE_PRESIDENT,1,Tabla 1 (Producción día),"{""entidad"": ""Gas"", ""medida"": ""programa_dia""}",,74.9200307
2026-03-03,REPORTE_PRESIDENT,1,Tabla 1 (Producción día),"{""entidad"": ""Blancos"", ""medida"": ""programa_dia""}",,14.5313775
2026-03-03,REPORTE_PRESIDENT,1,Tabla 1 (Producción día),"{""entidad"": ""Ecopetrol"", ""medida"": ""programa_dia""}",,595.515733
2026-03-03,REPORTE_PRESIDENT,1,Tabla 1 (Producción día),"{""entidad"": ""Filiales"", ""medida"": ""real_dia""}",,0
2026-03-03,REPORTE_PRESIDENT,1,Tabla 1 (Producción día),"{""entidad"": ""Filiales"", ""medida"": ""programa_dia""}",,122.86109626211
2026-03-03,REPORTE_PRESIDENT,1,Tabla 1 (Producción día),"{""entidad"": ""Filiales"", ""medida"": ""delta_dia""}",,-122.86109626211
2026-03-03,REPORTE_PRESIDENT,1,Tabla 1 (Producción día),"{""entidad"": ""Upstream"", ""medida"": ""programa_dia""}",,718.37682926211
2026-03-03,REPORTE_PRESIDENT,2,Tabla 2 (Producción mes),"{""entidad"": ""Crudo"", ""medida"": ""real_mes""}",,498.63347086382
2026-03-03,REPORTE_PRESIDENT,2,Tabla 2 (Producción mes),"{""entidad"": ""Crudo"", ""medida"": ""proy_mes""}",,508.849549358956
2026-03-03,REPORTE_PRESIDENT,2,Tabla 2 (Producción mes),"{""entidad"": ""Crudo"", ""medida"": ""base_p50""}",,516.713204239543
2026-03-03,REPORTE_PRESIDENT,2,Tabla 2 (Producción mes),"{""entidad"": ""Crudo"", ""medida"": ""delta_p50""}",,-7.86365488058715
2026-03-03,REPORTE_PRESIDENT,2,Tabla 2 (Producción mes),"{""entidad"": ""Crudo"", ""medida"": ""compromiso""}",,516.713204239543
2026-03-03,REPORTE_PRESIDENT,2,Tabla 2 (Producción mes),"{""entidad"": ""Crudo"", ""medida"": ""delta_compromiso""}",,-7.86365488058715
2026-03-03,REPORTE_PRESIDENT,2,Tabla 2 (Producción mes),"{""entidad"": ""Gas"", ""medida"": ""real_mes""}",,79.2189308307017
2026-03-03,REPORTE_PRESIDENT,2,Tabla 2 (Producción mes),"{""entidad"": ""Gas"", ""medida"": ""proy_mes""}",,77.5233702245614
2026-03-03,REPORTE_PRESIDENT,2,Tabla 2 (Producción mes),"{""entidad"": ""Gas"", ""medida"": ""base_p50""}",,77.4634358912281
2026-03-03,REPORTE_PRESIDENT,2,Tabla 2 (Producción mes),"{""entidad"": ""Gas"", ""medida"": ""delta_p50""}",,0.0599343333333167
2026-03-03,REPORTE_PRESIDENT,2,Tabla 2 (Producción mes),"{""entidad"": ""Gas"", ""medida"": ""compromiso""}",,77.4634358912281
2026-03-03,REPORTE_PRESIDENT,2,Tabla 2 (Producción mes),"{""entidad"": ""Gas"", ""medida"": ""delta_compromiso""}",,0.0599343333333167
2026-03-03,REPORTE_PRESIDENT,2,Tabla 2 (Producción mes),"{""entidad"": ""Blancos"", ""medida"": ""real_mes""}",,14.35466295
2026-03-03,REPORTE_PRESIDENT,2,Tabla 2 (Producción mes),"{""entidad"": ""Blancos"", ""medida"": ""proy_mes""}",,14.3246709548387
2026-03-03,REPORTE_PRESIDENT,2,Tabla 2 (Producción mes),"{""entidad"": ""Blancos"", ""medida"": ""base_p50""}",,14.340728
2026-03-03,REPORTE_PRESIDENT,2,Tabla 2 (Producción mes),"{""entidad"": ""Blancos"", ""medida"": ""delta_p50""}",,-0.0160570451612898
2026-03-03,REPORTE_PRESIDENT,2,Tabla 2 (Producción mes),"{""entidad"": ""Blancos"", ""medida"": ""compromiso""}",,14.340728
2026-03-03,REPORTE_PRESIDENT,2,Tabla 2 (Producción mes),"{""entidad"": ""Blancos"", ""medida"": ""delta_compromiso""}",,-0.0160570451612898
2026-03-03,REPORTE_PRESIDENT,2,Tabla 2 (Producción mes),"{""entidad"": ""Ecopetrol"", ""medida"": ""real_mes""}",,592.207064644522
2026-03-03,REPORTE_PRESIDENT,2,Tabla 2 (Producción mes),"{""entidad"": ""Ecopetrol"", ""medida"": ""proy_mes""}",,600.697590538356
2026-03-03,REPORTE_PRESIDENT,2,Tabla 2 (Producción mes),"{""entidad"": ""Ecopetrol"", ""medida"": ""base_p50""}",,608.517368130771
2026-03-03,REPORTE_PRESIDENT,2,Tabla 2 (Producción mes),"{""entidad"": ""Ecopetrol"", ""medida"": ""delta_p50""}",,-7.81977759241522
2026-03-03,REPORTE_PRESIDENT,2,Tabla 2 (Producción mes),"{""entidad"": ""Ecopetrol"", ""medida"": ""compromiso""}",,608.517368130771
2026-03-03,REPORTE_PRESIDENT,2,Tabla 2 (Producción mes),"{""entidad"": ""Ecopetrol"", ""medida"": ""delta_compromiso""}",,-7.81977759241522
2026-03-03,REPORTE_PRESIDENT,2,Tabla 2 (Producción mes),"{""entidad"": ""Filiales"", ""medida"": ""real_mes""}",,134.32965142739
2026-03-03,REPORTE_PRESIDENT,2,Tabla 2 (Producción mes),"{""entidad"": ""Filiales"", ""medida"": ""proy_mes""}",,123.601003046967
2026-03-03,REPORTE_PRESIDENT,2,Tabla 2 (Producción mes),"{""entidad"": ""Filiales"", ""medida"": ""base_p50""}",,124.319138744245
2026-03-03,REPORTE_PRESIDENT,2,Tabla 2 (Producción mes),"{""entidad"": ""Filiales"", ""medida"": ""delta_p50""}",,-0.718135697278143
2026-03-03,REPORTE_PRESIDENT,2,Tabla 2 (Producción mes),"{""entidad"": ""Filiales"", ""medida"": ""compromiso""}",,124.319138744245
2026-03-03,REPORTE_PRESIDENT,2,Tabla 2 (Producción mes),"{""entidad"": ""Filiales"", ""medida"": ""delta_compromiso""}",,-0.718135697278143
2026-03-03,REPORTE_PRESIDENT,2,Tabla 2 (Producción mes),"{""entidad"": ""Upstream"", ""medida"": ""real_mes""}",,726.536716071912
2026-03-03,REPORTE_PRESIDENT,2,Tabla 2 (Producción mes),"{""entidad"": ""Upstream"", ""medida"": ""proy_mes""}",,724.298593585323
2026-03-03,REPORTE_PRESIDENT,2,Tabla 2 (Producción mes),"{""entidad"": ""Upstream"", ""medida"": ""base_p50""}",,732.836506875016
2026-03-03,REPORTE_PRESIDENT,2,Tabla 2 (Producción mes),"{""entidad"": ""Upstream"", ""medida"": ""delta_p50""}",,-8.53791328969339
2026-03-03,REPORTE_PRESIDENT,2,Tabla 2 (Producción mes),"{""entidad"": ""Upstream"", ""medida"": ""compromiso""}",,732.836506875016
2026-03-03,REPORTE_PRESIDENT,2,Tabla 2 (Producción mes),"{""entidad"": ""Upstream"", ""medida"": ""delta_compromiso""}",,-8.53791328969339
2026-03-04,REPORTE_PRESIDENT,1,Tabla 1 (Producción día),"{""entidad"": ""Crudo"", ""medida"": ""programa_dia""}",,508.5392237
2026-03-04,REPORTE_PRESIDENT,1,Tabla 1 (Producción día),"{""entidad"": ""Gas"", ""medida"": ""programa_dia""}",,76.3503168
2026-03-04,REPORTE_PRESIDENT,1,Tabla 1 (Producción día),"{""entidad"": ""Blancos"", ""medida"": ""programa_dia""}",,14.5282239
2026-03-04,REPORTE_PRESIDENT,1,Tabla 1 (Producción día),"{""entidad"": ""Ecopetrol"", ""medida"": ""programa_dia""}",,599.4177644
2026-03-04,REPORTE_PRESIDENT,1,Tabla 1 (Producción día),"{""entidad"": ""Filiales"", ""medida"": ""real_dia""}",,0
2026-03-04,REPORTE_PRESIDENT,1,Tabla 1 (Producción día),"{""entidad"": ""Filiales"", ""medida"": ""programa_dia""}",,122.86109626211
2026-03-04,REPORTE_PRESIDENT,1,Tabla 1 (Producción día),"{""entidad"": ""Filiales"", ""medida"": ""delta_dia""}",,-122.86109626211
2026-03-04,REPORTE_PRESIDENT,1,Tabla 1 (Producción día),"{""entidad"": ""Upstream"", ""medida"": ""programa_dia""}",,722.27886066211
2026-03-04,REPORTE_PRESIDENT,2,Tabla 2 (Producción mes),"{""entidad"": ""Crudo"", ""medida"": ""real_mes""}",,501.781380433433
2026-03-04,REPORTE_PRESIDENT,2,Tabla 2 (Producción mes),"{""entidad"": ""Crudo"", ""medida"": ""proy_mes""}",,508.914480803235
2026-03-04,REPORTE_PRESIDENT,2,Tabla 2 (Producción mes),"{""entidad"": ""Crudo"", ""medida"": ""base_p50""}",,516.713204239543
2026-03-04,REPORTE_PRESIDENT,2,Tabla 2 (Producción mes),"{""entidad"": ""Crudo"", ""medida"": ""delta_p50""}",,-7.7987234363078
2026-03-04,REPORTE_PRESIDENT,2,Tabla 2 (Producción mes),"{""entidad"": ""Crudo"", ""medida"": ""compromiso""}",,516.713204239543
2026-03-04,REPORTE_PRESIDENT,2,Tabla 2 (Producción mes),"{""entidad"": ""Crudo"", ""medida"": ""delta_compromiso""}",,-7.7987234363078
2026-03-04,REPORTE_PRESIDENT,2,Tabla 2 (Producción mes),"{""entidad"": ""Gas"", ""medida"": ""real_mes""}",,79.5088921865497
2026-03-04,REPORTE_PRESIDENT,2,Tabla 2 (Producción mes),"{""entidad"": ""Gas"", ""medida"": ""proy_mes""}",,77.6901051986984
2026-03-04,REPORTE_PRESIDENT,2,Tabla 2 (Producción mes),"{""entidad"": ""Gas"", ""medida"": ""base_p50""}",,77.4634358912281
2026-03-04,REPORTE_PRESIDENT,2,Tabla 2 (Producción mes),"{""entidad"": ""Gas"", ""medida"": ""delta_p50""}",,0.226669307470289
2026-03-04,REPORTE_PRESIDENT,2,Tabla 2 (Producción mes),"{""entidad"": ""Gas"", ""medida"": ""compromiso""}",,77.4634358912281
2026-03-04,REPORTE_PRESIDENT,2,Tabla 2 (Producción mes),"{""entidad"": ""Gas"", ""medida"": ""delta_compromiso""}",,0.226669307470289
2026-03-04,REPORTE_PRESIDENT,2,Tabla 2 (Producción mes),"{""entidad"": ""Blancos"", ""medida"": ""real_mes""}",,14.6147431666667
2026-03-04,REPORTE_PRESIDENT,2,Tabla 2 (Producción mes),"{""entidad"": ""Blancos"", ""medida"": ""proy_mes""}",,14.3441395387097
2026-03-04,REPORTE_PRESIDENT,2,Tabla 2 (Producción mes),"{""entidad"": ""Blancos"", ""medida"": ""base_p50""}",,14.340728
2026-03-04,REPORTE_PRESIDENT,2,Tabla 2 (Producción mes),"{""entidad"": ""Blancos"", ""medida"": ""delta_p50""}",,0.00341153870967759
2026-03-04,REPORTE_PRESIDENT,2,Tabla 2 (Producción mes),"{""entidad"": ""Blancos"", ""medida"": ""compromiso""}",,14.340728
2026-03-04,REPORTE_PRESIDENT,2,Tabla 2 (Producción mes),"{""entidad"": ""Blancos"", ""medida"": ""delta_compromiso""}",,0.00341153870967759
2026-03-04,REPORTE_PRESIDENT,2,Tabla 2 (Producción mes),"{""entidad"": ""Ecopetrol"", ""medida"": ""real_mes""}",,595.90501578665
2026-03-04,REPORTE_PRESIDENT,2,Tabla 2 (Producción mes),"{""entidad"": ""Ecopetrol"", ""medida"": ""proy_mes""}",,600.948725540643
2026-03-04,REPORTE_PRESIDENT,2,Tabla 2 (Producción mes),"{""entidad"": ""Ecopetrol"", ""medida"": ""base_p50""}",,608.517368130771
2026-03-04,REPORTE_PRESIDENT,2,Tabla 2 (Producción mes),"{""entidad"": ""Ecopetrol"", ""medida"": ""delta_p50""}",,-7.56864259012787
2026-03-04,REPORTE_PRESIDENT,2,Tabla 2 (Producción mes),"{""entidad"": ""Ecopetrol"", ""medida"": ""compromiso""}",,608.517368130771
2026-03-04,REPORTE_PRESIDENT,2,Tabla 2 (Producción mes),"{""entidad"": ""Ecopetrol"", ""medida"": ""delta_compromiso""}",,-7.56864259012787
2026-03-04,REPORTE_PRESIDENT,2,Tabla 2 (Producción mes),"{""entidad"": ""Filiales"", ""medida"": ""real_mes""}",,134.795009094057
2026-03-04,REPORTE_PRESIDENT,2,Tabla 2 (Producción mes),"{""entidad"": ""Filiales"", ""medida"": ""proy_mes""}",,124.015991052298
2026-03-04,REPORTE_PRESIDENT,2,Tabla 2 (Producción mes),"{""entidad"": ""Filiales"", ""medida"": ""base_p50""}",,124.319138744245
2026-03-04,REPORTE_PRESIDENT,2,Tabla 2 (Producción mes),"{""entidad"": ""Filiales"", ""medida"": ""delta_p50""}",,-0.303147691946535
2026-03-04,REPORTE_PRESIDENT,2,Tabla 2 (Producción mes),"{""entidad"": ""Filiales"", ""medida"": ""compromiso""}",,124.319138744245
2026-03-04,REPORTE_PRESIDENT,2,Tabla 2 (Producción mes),"{""entidad"": ""Filiales"", ""medida"": ""delta_compromiso""}",,-0.303147691946535
2026-03-04,REPORTE_PRESIDENT,2,Tabla 2 (Producción mes),"{""entidad"": ""Upstream"", ""medida"": ""real_mes""}",,730.700024880706
2026-03-04,REPORTE_PRESIDENT,2,Tabla 2 (Producción mes),"{""entidad"": ""Upstream"", ""medida"": ""proy_mes""}",,724.964716592942
2026-03-04,REPORTE_PRESIDENT,2,Tabla 2 (Producción mes),"{""entidad"": ""Upstream"", ""medida"": ""base_p50""}",,732.836506875016
2026-03-04,REPORTE_PRESIDENT,2,Tabla 2 (Producción mes),"{""entidad"": ""Upstream"", ""medida"": ""delta_p50""}",,-7.87179028207447
2026-03-04,REPORTE_PRESIDENT,2,Tabla 2 (Producción mes),"{""entidad"": ""Upstream"", ""medida"": ""compromiso""}",,732.836506875016
2026-03-04,REPORTE_PRESIDENT,2,Tabla 2 (Producción mes),"{""entidad"": ""Upstream"", ""medida"": ""delta_compromiso""}",,-7.87179028207447
2026-03-05,REPORTE_PRESIDENT,1,Tabla 1 (Producción día),"{""entidad"": ""Crudo"", ""medida"": ""programa_dia""}",,510.3285098
2026-03-05,REPORTE_PRESIDENT,1,Tabla 1 (Producción día),"{""entidad"": ""Gas"", ""medida"": ""programa_dia""}",,77.4936593
2026-03-05,REPORTE_PRESIDENT,1,Tabla 1 (Producción día),"{""entidad"": ""Blancos"", ""medida"": ""programa_dia""}",,14.5380578
2026-03-05,REPORTE_PRESIDENT,1,Tabla 1 (Producción día),"{""entidad"": ""Ecopetrol"", ""medida"": ""programa_dia""}",,602.3602269
2026-03-05,REPORTE_PRESIDENT,1,Tabla 1 (Producción día),"{""entidad"": ""Filiales"", ""medida"": ""real_dia""}",,0
2026-03-05,REPORTE_PRESIDENT,1,Tabla 1 (Producción día),"{""entidad"": ""Filiales"", ""medida"": ""programa_dia""}",,122.86109626211
2026-03-05,REPORTE_PRESIDENT,1,Tabla 1 (Producción día),"{""entidad"": ""Filiales"", ""medida"": ""delta_dia""}",,-122.86109626211
2026-03-05,REPORTE_PRESIDENT,1,Tabla 1 (Producción día),"{""entidad"": ""Upstream"", ""medida"": ""programa_dia""}",,725.22132316211
2026-03-05,REPORTE_PRESIDENT,2,Tabla 2 (Producción mes),"{""entidad"": ""Crudo"", ""medida"": ""real_mes""}",,501.635620690905
2026-03-05,REPORTE_PRESIDENT,2,Tabla 2 (Producción mes),"{""entidad"": ""Crudo"", ""medida"": ""proy_mes""}",,508.677678150439
2026-03-05,REPORTE_PRESIDENT,2,Tabla 2 (Producción mes),"{""entidad"": ""Crudo"", ""medida"": ""base_p50""}",,516.713204239543
2026-03-05,REPORTE_PRESIDENT,2,Tabla 2 (Producción mes),"{""entidad"": ""Crudo"", ""medida"": ""delta_p50""}",,-8.03552608910383
2026-03-05,REPORTE_PRESIDENT,2,Tabla 2 (Producción mes),"{""entidad"": ""Crudo"", ""medida"": ""compromiso""}",,516.713204239543
2026-03-05,REPORTE_PRESIDENT,2,Tabla 2 (Producción mes),"{""entidad"": ""Crudo"", ""medida"": ""delta_compromiso""}",,-8.03552608910383
2026-03-05,REPORTE_PRESIDENT,2,Tabla 2 (Producción mes),"{""entidad"": ""Gas"", ""medida"": ""real_mes""}",,79.873097797076
2026-03-05,REPORTE_PRESIDENT,2,Tabla 2 (Producción mes),"{""entidad"": ""Gas"", ""medida"": ""proy_mes""}",,77.8389889996227
2026-03-05,REPORTE_PRESIDENT,2,Tabla 2 (Producción mes),"{""entidad"": ""Gas"", ""medida"": ""base_p50""}",,77.4634358912281
2026-03-05,REPORTE_PRESIDENT,2,Tabla 2 (Producción mes),"{""entidad"": ""Gas"", ""medida"": ""delta_p50""}",,0.375553108394612
2026-03-05,REPORTE_PRESIDENT,2,Tabla 2 (Producción mes),"{""entidad"": ""Gas"", ""medida"": ""compromiso""}",,77.4634358912281
2026-03-05,REPORTE_PRESIDENT,2,Tabla 2 (Producción mes),"{""entidad"": ""Gas"", ""medida"": ""delta_compromiso""}",,0.375553108394612
2026-03-05,REPORTE_PRESIDENT,2,Tabla 2 (Producción mes),"{""entidad"": ""Blancos"", ""medida"": ""real_mes""}",,14.89216125
2026-03-05,REPORTE_PRESIDENT,2,Tabla 2 (Producción mes),"{""entidad"": ""Blancos"", ""medida"": ""proy_mes""}",,14.3827263645161
2026-03-05,REPORTE_PRESIDENT,2,Tabla 2 (Producción mes),"{""entidad"": ""Blancos"", ""medida"": ""base_p50""}",,14.340728
2026-03-05,REPORTE_PRESIDENT,2,Tabla 2 (Producción mes),"{""entidad"": ""Blancos"", ""medida"": ""delta_p50""}",,0.0419983645161288
2026-03-05,REPORTE_PRESIDENT,2,Tabla 2 (Producción mes),"{""entidad"": ""Blancos"", ""medida"": ""compromiso""}",,14.340728
2026-03-05,REPORTE_PRESIDENT,2,Tabla 2 (Producción mes),"{""entidad"": ""Blancos"", ""medida"": ""delta_compromiso""}",,0.0419983645161288
2026-03-05,REPORTE_PRESIDENT,2,Tabla 2 (Producción mes),"{""entidad"": ""Ecopetrol"", ""medida"": ""real_mes""}",,596.400879737981
2026-03-05,REPORTE_PRESIDENT,2,Tabla 2 (Producción mes),"{""entidad"": ""Ecopetrol"", ""medida"": ""proy_mes""}",,600.899393514578
2026-03-05,REPORTE_PRESIDENT,2,Tabla 2 (Producción mes),"{""entidad"": ""Ecopetrol"", ""medida"": ""base_p50""}",,608.517368130771
2026-03-05,REPORTE_PRESIDENT,2,Tabla 2 (Producción mes),"{""entidad"": ""Ecopetrol"", ""medida"": ""delta_p50""}",,-7.61797461619312
2026-03-05,REPORTE_PRESIDENT,2,Tabla 2 (Producción mes),"{""entidad"": ""Ecopetrol"", ""medida"": ""compromiso""}",,608.517368130771
2026-03-05,REPORTE_PRESIDENT,2,Tabla 2 (Producción mes),"{""entidad"": ""Ecopetrol"", ""medida"": ""delta_compromiso""}",,-7.61797461619312
2026-03-05,REPORTE_PRESIDENT,2,Tabla 2 (Producción mes),"{""entidad"": ""Filiales"", ""medida"": ""real_mes""}",,134.58954437739
2026-03-05,REPORTE_PRESIDENT,2,Tabla 2 (Producción mes),"{""entidad"": ""Filiales"", ""medida"": ""proy_mes""}",,124.374444406017
2026-03-05,REPORTE_PRESIDENT,2,Tabla 2 (Producción mes),"{""entidad"": ""Filiales"", ""medida"": ""base_p50""}",,124.319138744245
2026-03-05,REPORTE_PRESIDENT,2,Tabla 2 (Producción mes),"{""entidad"": ""Filiales"", ""medida"": ""delta_p50""}",,0.0553056617721808
2026-03-05,REPORTE_PRESIDENT,2,Tabla 2 (Producción mes),"{""entidad"": ""Filiales"", ""medida"": ""compromiso""}",,124.319138744245
2026-03-05,REPORTE_PRESIDENT,2,Tabla 2 (Producción mes),"{""entidad"": ""Filiales"", ""medida"": ""delta_compromiso""}",,0.0553056617721808
2026-03-05,REPORTE_PRESIDENT,2,Tabla 2 (Producción mes),"{""entidad"": ""Upstream"", ""medida"": ""real_mes""}",,730.990424115371
2026-03-05,REPORTE_PRESIDENT,2,Tabla 2 (Producción mes),"{""entidad"": ""Upstream"", ""medida"": ""proy_mes""}",,725.273837920595
2026-03-05,REPORTE_PRESIDENT,2,Tabla 2 (Producción mes),"{""entidad"": ""Upstream"", ""medida"": ""base_p50""}",,732.836506875016
2026-03-05,REPORTE_PRESIDENT,2,Tabla 2 (Producción mes),"{""entidad"": ""Upstream"", ""medida"": ""delta_p50""}",,-7.56266895442104
2026-03-05,REPORTE_PRESIDENT,2,Tabla 2 (Producción mes),"{""entidad"": ""Upstream"", ""medida"": ""compromiso""}",,732.836506875016
2026-03-05,REPORTE_PRESIDENT,2,Tabla 2 (Producción mes),"{""entidad"": ""Upstream"", ""medida"": ""delta_compromiso""}",,-7.56266895442104
2026-03-06,REPORTE_PRESIDENT,1,Tabla 1 (Producción día),"{""entidad"": ""Crudo"", ""medida"": ""programa_dia""}",,510.7226685
2026-03-06,REPORTE_PRESIDENT,1,Tabla 1 (Producción día),"{""entidad"": ""Gas"", ""medida"": ""programa_dia""}",,77.9808743
2026-03-06,REPORTE_PRESIDENT,1,Tabla 1 (Producción día),"{""entidad"": ""Blancos"", ""medida"": ""programa_dia""}",,14.5407944
2026-03-06,REPORTE_PRESIDENT,1,Tabla 1 (Producción día),"{""entidad"": ""Ecopetrol"", ""medida"": ""programa_dia""}",,603.2443372
2026-03-06,REPORTE_PRESIDENT,1,Tabla 1 (Producción día),"{""entidad"": ""Filiales"", ""medida"": ""real_dia""}",,0
2026-03-06,REPORTE_PRESIDENT,1,Tabla 1 (Producción día),"{""entidad"": ""Filiales"", ""medida"": ""programa_dia""}",,122.86109626211
2026-03-06,REPORTE_PRESIDENT,1,Tabla 1 (Producción día),"{""entidad"": ""Filiales"", ""medida"": ""delta_dia""}",,-122.86109626211
2026-03-06,REPORTE_PRESIDENT,1,Tabla 1 (Producción día),"{""entidad"": ""Upstream"", ""medida"": ""programa_dia""}",,726.10543346211
2026-03-06,REPORTE_PRESIDENT,2,Tabla 2 (Producción mes),"{""entidad"": ""Crudo"", ""medida"": ""real_mes""}",,501.311521423083
2026-03-06,REPORTE_PRESIDENT,2,Tabla 2 (Producción mes),"{""entidad"": ""Crudo"", ""medida"": ""proy_mes""}",,508.344988297271
2026-03-06,REPORTE_PRESIDENT,2,Tabla 2 (Producción mes),"{""entidad"": ""Crudo"", ""medida"": ""base_p50""}",,516.713204239543
2026-03-06,REPORTE_PRESIDENT,2,Tabla 2 (Producción mes),"{""entidad"": ""Crudo"", ""medida"": ""delta_p50""}",,-8.36821594227183
2026-03-06,REPORTE_PRESIDENT,2,Tabla 2 (Producción mes),"{""entidad"": ""Crudo"", ""medida"": ""compromiso""}",,516.713204239543
2026-03-06,REPORTE_PRESIDENT,2,Tabla 2 (Producción mes),"{""entidad"": ""Crudo"", ""medida"": ""delta_compromiso""}",,-8.36821594227183
2026-03-06,REPORTE_PRESIDENT,2,Tabla 2 (Producción mes),"{""entidad"": ""Gas"", ""medida"": ""real_mes""}",,79.9207083048245
2026-03-06,REPORTE_PRESIDENT,2,Tabla 2 (Producción mes),"{""entidad"": ""Gas"", ""medida"": ""proy_mes""}",,77.9234241943265
2026-03-06,REPORTE_PRESIDENT,2,Tabla 2 (Producción mes),"{""entidad"": ""Gas"", ""medida"": ""base_p50""}",,77.4634358912281
2026-03-06,REPORTE_PRESIDENT,2,Tabla 2 (Producción mes),"{""entidad"": ""Gas"", ""medida"": ""delta_p50""}",,0.459988303098456
2026-03-06,REPORTE_PRESIDENT,2,Tabla 2 (Producción mes),"{""entidad"": ""Gas"", ""medida"": ""compromiso""}",,77.4634358912281
2026-03-06,REPORTE_PRESIDENT,2,Tabla 2 (Producción mes),"{""entidad"": ""Gas"", ""medida"": ""delta_compromiso""}",,0.459988303098456
2026-03-06,REPORTE_PRESIDENT,2,Tabla 2 (Producción mes),"{""entidad"": ""Blancos"", ""medida"": ""real_mes""}",,15.00924125
2026-03-06,REPORTE_PRESIDENT,2,Tabla 2 (Producción mes),"{""entidad"": ""Blancos"", ""medida"": ""proy_mes""}",,14.4130329274194
2026-03-06,REPORTE_PRESIDENT,2,Tabla 2 (Producción mes),"{""entidad"": ""Blancos"", ""medida"": ""base_p50""}",,14.340728
2026-03-06,REPORTE_PRESIDENT,2,Tabla 2 (Producción mes),"{""entidad"": ""Blancos"", ""medida"": ""delta_p50""}",,0.0723049274193546
2026-03-06,REPORTE_PRESIDENT,2,Tabla 2 (Producción mes),"{""entidad"": ""Blancos"", ""medida"": ""compromiso""}",,14.340728
2026-03-06,REPORTE_PRESIDENT,2,Tabla 2 (Producción mes),"{""entidad"": ""Blancos"", ""medida"": ""delta_compromiso""}",,0.0723049274193546
2026-03-06,REPORTE_PRESIDENT,2,Tabla 2 (Producción mes),"{""entidad"": ""Ecopetrol"", ""medida"": ""real_mes""}",,596.241470977907
2026-03-06,REPORTE_PRESIDENT,2,Tabla 2 (Producción mes),"{""entidad"": ""Ecopetrol"", ""medida"": ""proy_mes""}",,600.681445419017
2026-03-06,REPORTE_PRESIDENT,2,Tabla 2 (Producción mes),"{""entidad"": ""Ecopetrol"", ""medida"": ""base_p50""}",,608.517368130771
2026-03-06,REPORTE_PRESIDENT,2,Tabla 2 (Producción mes),"{""entidad"": ""Ecopetrol"", ""medida"": ""delta_p50""}",,-7.83592271175394
2026-03-06,REPORTE_PRESIDENT,2,Tabla 2 (Producción mes),"{""entidad"": ""Ecopetrol"", ""medida"": ""compromiso""}",,608.517368130771
2026-03-06,REPORTE_PRESIDENT,2,Tabla 2 (Producción mes),"{""entidad"": ""Ecopetrol"", ""medida"": ""delta_compromiso""}",,-7.83592271175394
2026-03-06,REPORTE_PRESIDENT,2,Tabla 2 (Producción mes),"{""entidad"": ""Filiales"", ""medida"": ""real_mes""}",,134.86580362739
2026-03-06,REPORTE_PRESIDENT,2,Tabla 2 (Producción mes),"{""entidad"": ""Filiales"", ""medida"": ""proy_mes""}",,124.797339385542
2026-03-06,REPORTE_PRESIDENT,2,Tabla 2 (Producción mes),"{""entidad"": ""Filiales"", ""medida"": ""base_p50""}",,124.319138744245
2026-03-06,REPORTE_PRESIDENT,2,Tabla 2 (Producción mes),"{""entidad"": ""Filiales"", ""medida"": ""delta_p50""}",,0.478200641297335
2026-03-06,REPORTE_PRESIDENT,2,Tabla 2 (Producción mes),"{""entidad"": ""Filiales"", ""medida"": ""compromiso""}",,124.319138744245
2026-03-06,REPORTE_PRESIDENT,2,Tabla 2 (Producción mes),"{""entidad"": ""Filiales"", ""medida"": ""delta_compromiso""}",,0.478200641297335
2026-03-06,REPORTE_PRESIDENT,2,Tabla 2 (Producción mes),"{""entidad"": ""Upstream"", ""medida"": ""real_mes""}",,731.107274605297
2026-03-06,REPORTE_PRESIDENT,2,Tabla 2 (Producción mes),"{""entidad"": ""Upstream"", ""medida"": ""proy_mes""}",,725.47878480456
2026-03-06,REPORTE_PRESIDENT,2,Tabla 2 (Producción mes),"{""entidad"": ""Upstream"", ""medida"": ""base_p50""}",,732.836506875016
2026-03-06,REPORTE_PRESIDENT,2,Tabla 2 (Producción mes),"{""entidad"": ""Upstream"", ""medida"": ""delta_p50""}",,-7.3577220704567
2026-03-06,REPORTE_PRESIDENT,2,Tabla 2 (Producción mes),"{""entidad"": ""Upstream"", ""medida"": ""compromiso""}",,732.836506875016
2026-03-06,REPORTE_PRESIDENT,2,Tabla 2 (Producción mes),"{""entidad"": ""Upstream"", ""medida"": ""delta_compromiso""}",,-7.3577220704567
2026-03-07,REPORTE_PRESIDENT,1,Tabla 1 (Producción día),"{""entidad"": ""Crudo"", ""medida"": ""real_dia""}",,498.81212642759
2026-03-07,REPORTE_PRESIDENT,1,Tabla 1 (Producción día),"{""entidad"": ""Crudo"", ""medida"": ""programa_dia""}",,503.584795
2026-03-07,REPORTE_PRESIDENT,1,Tabla 1 (Producción día),"{""entidad"": ""Crudo"", ""medida"": ""delta_dia""}",,-4.77266857240994
2026-03-07,REPORTE_PRESIDENT,1,Tabla 1 (Producción día),"{""entidad"": ""Gas"", ""medida"": ""real_dia""}",,70.801016931579
2026-03-07,REPORTE_PRESIDENT,1,Tabla 1 (Producción día),"{""entidad"": ""Gas"", ""medida"": ""programa_dia""}",,77.9808743
2026-03-07,REPORTE_PRESIDENT,1,Tabla 1 (Producción día),"{""entidad"": ""Gas"", ""medida"": ""delta_dia""}",,-7.17985736842103
2026-03-07,REPORTE_PRESIDENT,1,Tabla 1 (Producción día),"{""entidad"": ""Blancos"", ""medida"": ""real_dia""}",,13.070884
2026-03-07,REPORTE_PRESIDENT,1,Tabla 1 (Producción día),"{""entidad"": ""Blancos"", ""medida"": ""programa_dia""}",,14.3388322
2026-03-07,REPORTE_PRESIDENT,1,Tabla 1 (Producción día),"{""entidad"": ""Blancos"", ""medida"": ""delta_dia""}",,-1.2679482
2026-03-07,REPORTE_PRESIDENT,1,Tabla 1 (Producción día),"{""entidad"": ""Ecopetrol"", ""medida"": ""real_dia""}",,582.684027359169
2026-03-07,REPORTE_PRESIDENT,1,Tabla 1 (Producción día),"{""entidad"": ""Ecopetrol"", ""medida"": ""programa_dia""}",,595.9045015
2026-03-07,REPORTE_PRESIDENT,1,Tabla 1 (Producción día),"{""entidad"": ""Ecopetrol"", ""medida"": ""delta_dia""}",,-13.2204741408309
2026-03-07,REPORTE_PRESIDENT,1,Tabla 1 (Producción día),"{""entidad"": ""Filiales"", ""medida"": ""real_dia""}",,135.425191950383
2026-03-07,REPORTE_PRESIDENT,1,Tabla 1 (Producción día),"{""entidad"": ""Filiales"", ""medida"": ""programa_dia""}",,124.319138744245
2026-03-07,REPORTE_PRESIDENT,1,Tabla 1 (Producción día),"{""entidad"": ""Filiales"", ""medida"": ""delta_dia""}",,11.1060532061377
2026-03-07,REPORTE_PRESIDENT,1,Tabla 1 (Producción día),"{""entidad"": ""Upstream"", ""medida"": ""real_dia""}",,718.109219309552
2026-03-07,REPORTE_PRESIDENT,1,Tabla 1 (Producción día),"{""entidad"": ""Upstream"", ""medida"": ""programa_dia""}",,720.223640244245
2026-03-07,REPORTE_PRESIDENT,1,Tabla 1 (Producción día),"{""entidad"": ""Upstream"", ""medida"": ""delta_dia""}",,-2.11442093469327
2026-03-07,REPORTE_PRESIDENT,2,Tabla 2 (Producción mes),"{""entidad"": ""Crudo"", ""medida"": ""real_mes""}",,500.914460270028
2026-03-07,REPORTE_PRESIDENT,2,Tabla 2 (Producción mes),"{""entidad"": ""Crudo"", ""medida"": ""proy_mes""}",,506.205342555489
2026-03-07,REPORTE_PRESIDENT,2,Tabla 2 (Producción mes),"{""entidad"": ""Crudo"", ""medida"": ""base_p50""}",,516.713204239543
2026-03-07,REPORTE_PRESIDENT,2,Tabla 2 (Producción mes),"{""entidad"": ""Crudo"", ""medida"": ""delta_p50""}",,-10.5078616840538
2026-03-07,REPORTE_PRESIDENT,2,Tabla 2 (Producción mes),"{""entidad"": ""Crudo"", ""medida"": ""compromiso""}",,516.713204239543
2026-03-07,REPORTE_PRESIDENT,2,Tabla 2 (Producción mes),"{""entidad"": ""Crudo"", ""medida"": ""delta_compromiso""}",,-10.5078616840538
2026-03-07,REPORTE_PRESIDENT,2,Tabla 2 (Producción mes),"{""entidad"": ""Gas"", ""medida"": ""real_mes""}",,78.4050527046784
2026-03-07,REPORTE_PRESIDENT,2,Tabla 2 (Producción mes),"{""entidad"": ""Gas"", ""medida"": ""proy_mes""}",,77.6926467880023
2026-03-07,REPORTE_PRESIDENT,2,Tabla 2 (Producción mes),"{""entidad"": ""Gas"", ""medida"": ""base_p50""}",,77.4634358912281
2026-03-07,REPORTE_PRESIDENT,2,Tabla 2 (Producción mes),"{""entidad"": ""Gas"", ""medida"": ""delta_p50""}",,0.229210896774191
2026-03-07,REPORTE_PRESIDENT,2,Tabla 2 (Producción mes),"{""entidad"": ""Gas"", ""medida"": ""compromiso""}",,77.4634358912281
2026-03-07,REPORTE_PRESIDENT,2,Tabla 2 (Producción mes),"{""entidad"": ""Gas"", ""medida"": ""delta_compromiso""}",,0.229210896774191
2026-03-07,REPORTE_PRESIDENT,2,Tabla 2 (Producción mes),"{""entidad"": ""Blancos"", ""medida"": ""real_mes""}",,14.6857938333333
2026-03-07,REPORTE_PRESIDENT,2,Tabla 2 (Producción mes),"{""entidad"": ""Blancos"", ""medida"": ""proy_mes""}",,14.3124402548387
2026-03-07,REPORTE_PRESIDENT,2,Tabla 2 (Producción mes),"{""entidad"": ""Blancos"", ""medida"": ""base_p50""}",,14.340728
2026-03-07,REPORTE_PRESIDENT,2,Tabla 2 (Producción mes),"{""entidad"": ""Blancos"", ""medida"": ""delta_p50""}",,-0.0282877451612897
2026-03-07,REPORTE_PRESIDENT,2,Tabla 2 (Producción mes),"{""entidad"": ""Blancos"", ""medida"": ""compromiso""}",,14.340728
2026-03-07,REPORTE_PRESIDENT,2,Tabla 2 (Producción mes),"{""entidad"": ""Blancos"", ""medida"": ""delta_compromiso""}",,-0.0282877451612897
2026-03-07,REPORTE_PRESIDENT,2,Tabla 2 (Producción mes),"{""entidad"": ""Ecopetrol"", ""medida"": ""real_mes""}",,594.00530680804
2026-03-07,REPORTE_PRESIDENT,2,Tabla 2 (Producción mes),"{""entidad"": ""Ecopetrol"", ""medida"": ""proy_mes""}",,598.21042959833
2026-03-07,REPORTE_PRESIDENT,2,Tabla 2 (Producción mes),"{""entidad"": ""Ecopetrol"", ""medida"": ""base_p50""}",,608.517368130771
2026-03-07,REPORTE_PRESIDENT,2,Tabla 2 (Producción mes),"{""entidad"": ""Ecopetrol"", ""medida"": ""delta_p50""}",,-10.3069385324409
2026-03-07,REPORTE_PRESIDENT,2,Tabla 2 (Producción mes),"{""entidad"": ""Ecopetrol"", ""medida"": ""compromiso""}",,608.517368130771
2026-03-07,REPORTE_PRESIDENT,2,Tabla 2 (Producción mes),"{""entidad"": ""Ecopetrol"", ""medida"": ""delta_compromiso""}",,-10.3069385324409
2026-03-07,REPORTE_PRESIDENT,2,Tabla 2 (Producción mes),"{""entidad"": ""Filiales"", ""medida"": ""real_mes""}",,134.884780633648
2026-03-07,REPORTE_PRESIDENT,2,Tabla 2 (Producción mes),"{""entidad"": ""Filiales"", ""medida"": ""proy_mes""}",,126.364101690581
2026-03-07,REPORTE_PRESIDENT,2,Tabla 2 (Producción mes),"{""entidad"": ""Filiales"", ""medida"": ""base_p50""}",,124.319138744245
2026-03-07,REPORTE_PRESIDENT,2,Tabla 2 (Producción mes),"{""entidad"": ""Filiales"", ""medida"": ""delta_p50""}",,2.0449629463362
2026-03-07,REPORTE_PRESIDENT,2,Tabla 2 (Producción mes),"{""entidad"": ""Filiales"", ""medida"": ""compromiso""}",,124.319138744245
2026-03-07,REPORTE_PRESIDENT,2,Tabla 2 (Producción mes),"{""entidad"": ""Filiales"", ""medida"": ""delta_compromiso""}",,2.0449629463362
2026-03-07,REPORTE_PRESIDENT,2,Tabla 2 (Producción mes),"{""entidad"": ""Upstream"", ""medida"": ""real_mes""}",,728.890087441688
2026-03-07,REPORTE_PRESIDENT,2,Tabla 2 (Producción mes),"{""entidad"": ""Upstream"", ""medida"": ""proy_mes""}",,724.574531288912
2026-03-07,REPORTE_PRESIDENT,2,Tabla 2 (Producción mes),"{""entidad"": ""Upstream"", ""medida"": ""base_p50""}",,732.836506875016
2026-03-07,REPORTE_PRESIDENT,2,Tabla 2 (Producción mes),"{""entidad"": ""Upstream"", ""medida"": ""delta_p50""}",,-8.26197558610477
2026-03-07,REPORTE_PRESIDENT,2,Tabla 2 (Producción mes),"{""entidad"": ""Upstream"", ""medida"": ""compromiso""}",,732.836506875016
2026-03-07,REPORTE_PRESIDENT,2,Tabla 2 (Producción mes),"{""entidad"": ""Upstream"", ""medida"": ""delta_compromiso""}",,-8.26197558610477
2026-03-08,REPORTE_PRESIDENT,1,Tabla 1 (Producción día),"{""entidad"": ""Crudo"", ""medida"": ""programa_dia""}",,505.8203878
2026-03-08,REPORTE_PRESIDENT,1,Tabla 1 (Producción día),"{""entidad"": ""Gas"", ""medida"": ""programa_dia""}",,77.9855569
2026-03-08,REPORTE_PRESIDENT,1,Tabla 1 (Producción día),"{""entidad"": ""Blancos"", ""medida"": ""programa_dia""}",,14.4812406
2026-03-08,REPORTE_PRESIDENT,1,Tabla 1 (Producción día),"{""entidad"": ""Ecopetrol"", ""medida"": ""programa_dia""}",,598.2871853
2026-03-08,REPORTE_PRESIDENT,1,Tabla 1 (Producción día),"{""entidad"": ""Filiales"", ""medida"": ""real_dia""}",,0
2026-03-08,REPORTE_PRESIDENT,1,Tabla 1 (Producción día),"{""entidad"": ""Filiales"", ""medida"": ""programa_dia""}",,124.319138744245
2026-03-08,REPORTE_PRESIDENT,1,Tabla 1 (Producción día),"{""entidad"": ""Filiales"", ""medida"": ""delta_dia""}",,-124.319138744245
2026-03-08,REPORTE_PRESIDENT,1,Tabla 1 (Producción día),"{""entidad"": ""Upstream"", ""medida"": ""programa_dia""}",,722.606324044245
2026-03-08,REPORTE_PRESIDENT,2,Tabla 2 (Producción mes),"{""entidad"": ""Crudo"", ""medida"": ""real_mes""}",,501.181455929599
2026-03-08,REPORTE_PRESIDENT,2,Tabla 2 (Producción mes),"{""entidad"": ""Crudo"", ""medida"": ""proy_mes""}",,506.105259722813
2026-03-08,REPORTE_PRESIDENT,2,Tabla 2 (Producción mes),"{""entidad"": ""Crudo"", ""medida"": ""base_p50""}",,516.713204239543
2026-03-08,REPORTE_PRESIDENT,2,Tabla 2 (Producción mes),"{""entidad"": ""Crudo"", ""medida"": ""delta_p50""}",,-10.6079445167304
2026-03-08,REPORTE_PRESIDENT,2,Tabla 2 (Producción mes),"{""entidad"": ""Crudo"", ""medida"": ""compromiso""}",,516.713204239543
2026-03-08,REPORTE_PRESIDENT,2,Tabla 2 (Producción mes),"{""entidad"": ""Crudo"", ""medida"": ""delta_compromiso""}",,-10.6079445167304
2026-03-08,REPORTE_PRESIDENT,2,Tabla 2 (Producción mes),"{""entidad"": ""Gas"", ""medida"": ""real_mes""}",,78.7065493507101
2026-03-08,REPORTE_PRESIDENT,2,Tabla 2 (Producción mes),"{""entidad"": ""Gas"", ""medida"": ""proy_mes""}",,77.7742288566119
2026-03-08,REPORTE_PRESIDENT,2,Tabla 2 (Producción mes),"{""entidad"": ""Gas"", ""medida"": ""base_p50""}",,77.4634358912281
2026-03-08,REPORTE_PRESIDENT,2,Tabla 2 (Producción mes),"{""entidad"": ""Gas"", ""medida"": ""delta_p50""}",,0.310792965383868
2026-03-08,REPORTE_PRESIDENT,2,Tabla 2 (Producción mes),"{""entidad"": ""Gas"", ""medida"": ""compromiso""}",,77.4634358912281
2026-03-08,REPORTE_PRESIDENT,2,Tabla 2 (Producción mes),"{""entidad"": ""Gas"", ""medida"": ""delta_compromiso""}",,0.310792965383868
2026-03-08,REPORTE_PRESIDENT,2,Tabla 2 (Producción mes),"{""entidad"": ""Blancos"", ""medida"": ""real_mes""}",,14.8523722857143
2026-03-08,REPORTE_PRESIDENT,2,Tabla 2 (Producción mes),"{""entidad"": ""Blancos"", ""medida"": ""proy_mes""}",,14.3565782741936
2026-03-08,REPORTE_PRESIDENT,2,Tabla 2 (Producción mes),"{""entidad"": ""Blancos"", ""medida"": ""base_p50""}",,14.340728
2026-03-08,REPORTE_PRESIDENT,2,Tabla 2 (Producción mes),"{""entidad"": ""Blancos"", ""medida"": ""delta_p50""}",,0.01585027419355
2026-03-08,REPORTE_PRESIDENT,2,Tabla 2 (Producción mes),"{""entidad"": ""Blancos"", ""medida"": ""compromiso""}",,14.340728
2026-03-08,REPORTE_PRESIDENT,2,Tabla 2 (Producción mes),"{""entidad"": ""Blancos"", ""medida"": ""delta_compromiso""}",,0.01585027419355
2026-03-08,REPORTE_PRESIDENT,2,Tabla 2 (Producción mes),"{""entidad"": ""Ecopetrol"", ""medida"": ""real_mes""}",,594.740377566024
2026-03-08,REPORTE_PRESIDENT,2,Tabla 2 (Producción mes),"{""entidad"": ""Ecopetrol"", ""medida"": ""proy_mes""}",,598.236066853618
2026-03-08,REPORTE_PRESIDENT,2,Tabla 2 (Producción mes),"{""entidad"": ""Ecopetrol"", ""medida"": ""base_p50""}",,608.517368130771
2026-03-08,REPORTE_PRESIDENT,2,Tabla 2 (Producción mes),"{""entidad"": ""Ecopetrol"", ""medida"": ""delta_p50""}",,-10.281301277153
2026-03-08,REPORTE_PRESIDENT,2,Tabla 2 (Producción mes),"{""entidad"": ""Ecopetrol"", ""medida"": ""compromiso""}",,608.517368130771
2026-03-08,REPORTE_PRESIDENT,2,Tabla 2 (Producción mes),"{""entidad"": ""Ecopetrol"", ""medida"": ""delta_compromiso""}",,-10.281301277153
2026-03-08,REPORTE_PRESIDENT,2,Tabla 2 (Producción mes),"{""entidad"": ""Filiales"", ""medida"": ""real_mes""}",,134.963246321753
2026-03-08,REPORTE_PRESIDENT,2,Tabla 2 (Producción mes),"{""entidad"": ""Filiales"", ""medida"": ""proy_mes""}",,126.722646906908
2026-03-08,REPORTE_PRESIDENT,2,Tabla 2 (Producción mes),"{""entidad"": ""Filiales"", ""medida"": ""base_p50""}",,124.319138744245
2026-03-08,REPORTE_PRESIDENT,2,Tabla 2 (Producción mes),"{""entidad"": ""Filiales"", ""medida"": ""delta_p50""}",,2.40350816266323
2026-03-08,REPORTE_PRESIDENT,2,Tabla 2 (Producción mes),"{""entidad"": ""Filiales"", ""medida"": ""compromiso""}",,124.319138744245
2026-03-08,REPORTE_PRESIDENT,2,Tabla 2 (Producción mes),"{""entidad"": ""Filiales"", ""medida"": ""delta_compromiso""}",,2.40350816266323
2026-03-08,REPORTE_PRESIDENT,2,Tabla 2 (Producción mes),"{""entidad"": ""Upstream"", ""medida"": ""real_mes""}",,729.703623887777
2026-03-08,REPORTE_PRESIDENT,2,Tabla 2 (Producción mes),"{""entidad"": ""Upstream"", ""medida"": ""proy_mes""}",,724.958713760527
2026-03-08,REPORTE_PRESIDENT,2,Tabla 2 (Producción mes),"{""entidad"": ""Upstream"", ""medida"": ""base_p50""}",,732.836506875016
2026-03-08,REPORTE_PRESIDENT,2,Tabla 2 (Producción mes),"{""entidad"": ""Upstream"", ""medida"": ""delta_p50""}",,-7.8777931144898
2026-03-08,REPORTE_PRESIDENT,2,Tabla 2 (Producción mes),"{""entidad"": ""Upstream"", ""medida"": ""compromiso""}",,732.836506875016
2026-03-08,REPORTE_PRESIDENT,2,Tabla 2 (Producción mes),"{""entidad"": ""Upstream"", ""medida"": ""delta_compromiso""}",,-7.8777931144898
2026-03-09,REPORTE_PRESIDENT,1,Tabla 1 (Producción día),"{""entidad"": ""Crudo"", ""medida"": ""programa_dia""}",,504.9050346
2026-03-09,REPORTE_PRESIDENT,1,Tabla 1 (Producción día),"{""entidad"": ""Gas"", ""medida"": ""programa_dia""}",,77.9825088
2026-03-09,REPORTE_PRESIDENT,1,Tabla 1 (Producción día),"{""entidad"": ""Blancos"", ""medida"": ""programa_dia""}",,14.4789216
2026-03-09,REPORTE_PRESIDENT,1,Tabla 1 (Producción día),"{""entidad"": ""Ecopetrol"", ""medida"": ""programa_dia""}",,597.366465
2026-03-09,REPORTE_PRESIDENT,1,Tabla 1 (Producción día),"{""entidad"": ""Filiales"", ""medida"": ""real_dia""}",,0
2026-03-09,REPORTE_PRESIDENT,1,Tabla 1 (Producción día),"{""entidad"": ""Filiales"", ""medida"": ""programa_dia""}",,124.319138744245
2026-03-09,REPORTE_PRESIDENT,1,Tabla 1 (Producción día),"{""entidad"": ""Filiales"", ""medida"": ""delta_dia""}",,-124.319138744245
2026-03-09,REPORTE_PRESIDENT,1,Tabla 1 (Producción día),"{""entidad"": ""Upstream"", ""medida"": ""programa_dia""}",,721.685603744245
2026-03-09,REPORTE_PRESIDENT,2,Tabla 2 (Producción mes),"{""entidad"": ""Crudo"", ""medida"": ""real_mes""}",,501.293829459899
2026-03-09,REPORTE_PRESIDENT,2,Tabla 2 (Producción mes),"{""entidad"": ""Crudo"", ""medida"": ""proy_mes""}",,505.984616379974
2026-03-09,REPORTE_PRESIDENT,2,Tabla 2 (Producción mes),"{""entidad"": ""Crudo"", ""medida"": ""base_p50""}",,516.713204239543
2026-03-09,REPORTE_PRESIDENT,2,Tabla 2 (Producción mes),"{""entidad"": ""Crudo"", ""medida"": ""delta_p50""}",,-10.7285878595692
2026-03-09,REPORTE_PRESIDENT,2,Tabla 2 (Producción mes),"{""entidad"": ""Crudo"", ""medida"": ""compromiso""}",,516.713204239543
2026-03-09,REPORTE_PRESIDENT,2,Tabla 2 (Producción mes),"{""entidad"": ""Crudo"", ""medida"": ""delta_compromiso""}",,-10.7285878595692
2026-03-09,REPORTE_PRESIDENT,2,Tabla 2 (Producción mes),"{""entidad"": ""Gas"", ""medida"": ""real_mes""}",,78.9070025196742
2026-03-09,REPORTE_PRESIDENT,2,Tabla 2 (Producción mes),"{""entidad"": ""Gas"", ""medida"": ""proy_mes""}",,77.8492165276578
2026-03-09,REPORTE_PRESIDENT,2,Tabla 2 (Producción mes),"{""entidad"": ""Gas"", ""medida"": ""base_p50""}",,77.4634358912281
2026-03-09,REPORTE_PRESIDENT,2,Tabla 2 (Producción mes),"{""entidad"": ""Gas"", ""medida"": ""delta_p50""}",,0.385780636429757
2026-03-09,REPORTE_PRESIDENT,2,Tabla 2 (Producción mes),"{""entidad"": ""Gas"", ""medida"": ""compromiso""}",,77.4634358912281
2026-03-09,REPORTE_PRESIDENT,2,Tabla 2 (Producción mes),"{""entidad"": ""Gas"", ""medida"": ""delta_compromiso""}",,0.385780636429757
2026-03-09,REPORTE_PRESIDENT,2,Tabla 2 (Producción mes),"{""entidad"": ""Blancos"", ""medida"": ""real_mes""}",,14.8704191357143
2026-03-09,REPORTE_PRESIDENT,2,Tabla 2 (Producción mes),"{""entidad"": ""Blancos"", ""medida"": ""proy_mes""}",,14.3732075156682
2026-03-09,REPORTE_PRESIDENT,2,Tabla 2 (Producción mes),"{""entidad"": ""Blancos"", ""medida"": ""base_p50""}",,14.340728
2026-03-09,REPORTE_PRESIDENT,2,Tabla 2 (Producción mes),"{""entidad"": ""Blancos"", ""medida"": ""delta_p50""}",,0.0324795156682036
2026-03-09,REPORTE_PRESIDENT,2,Tabla 2 (Producción mes),"{""entidad"": ""Blancos"", ""medida"": ""compromiso""}",,14.340728
2026-03-09,REPORTE_PRESIDENT,2,Tabla 2 (Producción mes),"{""entidad"": ""Blancos"", ""medida"": ""delta_compromiso""}",,0.0324795156682036
2026-03-09,REPORTE_PRESIDENT,2,Tabla 2 (Producción mes),"{""entidad"": ""Ecopetrol"", ""medida"": ""real_mes""}",,595.071251115288
2026-03-09,REPORTE_PRESIDENT,2,Tabla 2 (Producción mes),"{""entidad"": ""Ecopetrol"", ""medida"": ""proy_mes""}",,598.2070404233
2026-03-09,REPORTE_PRESIDENT,2,Tabla 2 (Producción mes),"{""entidad"": ""Ecopetrol"", ""medida"": ""base_p50""}",,608.517368130771
2026-03-09,REPORTE_PRESIDENT,2,Tabla 2 (Producción mes),"{""entidad"": ""Ecopetrol"", ""medida"": ""delta_p50""}",,-10.3103277074713
2026-03-09,REPORTE_PRESIDENT,2,Tabla 2 (Producción mes),"{""entidad"": ""Ecopetrol"", ""medida"": ""compromiso""}",,608.517368130771
2026-03-09,REPORTE_PRESIDENT,2,Tabla 2 (Producción mes),"{""entidad"": ""Ecopetrol"", ""medida"": ""delta_compromiso""}",,-10.3103277074713
2026-03-09,REPORTE_PRESIDENT,2,Tabla 2 (Producción mes),"{""entidad"": ""Filiales"", ""medida"": ""real_mes""}",,135.010799412832
2026-03-09,REPORTE_PRESIDENT,2,Tabla 2 (Producción mes),"{""entidad"": ""Filiales"", ""medida"": ""proy_mes""}",,127.0782769813
2026-03-09,REPORTE_PRESIDENT,2,Tabla 2 (Producción mes),"{""entidad"": ""Filiales"", ""medida"": ""base_p50""}",,124.319138744245
2026-03-09,REPORTE_PRESIDENT,2,Tabla 2 (Producción mes),"{""entidad"": ""Filiales"", ""medida"": ""delta_p50""}",,2.75913823705477
2026-03-09,REPORTE_PRESIDENT,2,Tabla 2 (Producción mes),"{""entidad"": ""Filiales"", ""medida"": ""compromiso""}",,124.319138744245
2026-03-09,REPORTE_PRESIDENT,2,Tabla 2 (Producción mes),"{""entidad"": ""Filiales"", ""medida"": ""delta_compromiso""}",,2.75913823705477
2026-03-09,REPORTE_PRESIDENT,2,Tabla 2 (Producción mes),"{""entidad"": ""Upstream"", ""medida"": ""real_mes""}",,730.08205052812
2026-03-09,REPORTE_PRESIDENT,2,Tabla 2 (Producción mes),"{""entidad"": ""Upstream"", ""medida"": ""proy_mes""}",,725.2853174046
2026-03-09,REPORTE_PRESIDENT,2,Tabla 2 (Producción mes),"{""entidad"": ""Upstream"", ""medida"": ""base_p50""}",,732.836506875016
2026-03-09,REPORTE_PRESIDENT,2,Tabla 2 (Producción mes),"{""entidad"": ""Upstream"", ""medida"": ""delta_p50""}",,-7.5511894704166
2026-03-09,REPORTE_PRESIDENT,2,Tabla 2 (Producción mes),"{""entidad"": ""Upstream"", ""medida"": ""compromiso""}",,732.836506875016
2026-03-09,REPORTE_PRESIDENT,2,Tabla 2 (Producción mes),"{""entidad"": ""Upstream"", ""medida"": ""delta_compromiso""}",,-7.5511894704166
2026-03-10,REPORTE_PRESIDENT,1,Tabla 1 (Producción día),"{""entidad"": ""Crudo"", ""medida"": ""programa_dia""}",,507.0362936
2026-03-10,REPORTE_PRESIDENT,1,Tabla 1 (Producción día),"{""entidad"": ""Gas"", ""medida"": ""programa_dia""}",,77.8820099
2026-03-10,REPORTE_PRESIDENT,1,Tabla 1 (Producción día),"{""entidad"": ""Blancos"", ""medida"": ""programa_dia""}",,14.47116
2026-03-10,REPORTE_PRESIDENT,1,Tabla 1 (Producción día),"{""entidad"": ""Ecopetrol"", ""medida"": ""programa_dia""}",,599.3894635
2026-03-10,REPORTE_PRESIDENT,1,Tabla 1 (Producción día),"{""entidad"": ""Filiales"", ""medida"": ""real_dia""}",,0
2026-03-10,REPORTE_PRESIDENT,1,Tabla 1 (Producción día),"{""entidad"": ""Filiales"", ""medida"": ""programa_dia""}",,124.319138744245
2026-03-10,REPORTE_PRESIDENT,1,Tabla 1 (Producción día),"{""entidad"": ""Filiales"", ""medida"": ""delta_dia""}",,-124.319138744245
2026-03-10,REPORTE_PRESIDENT,1,Tabla 1 (Producción día),"{""entidad"": ""Upstream"", ""medida"": ""programa_dia""}",,723.708602244245
2026-03-10,REPORTE_PRESIDENT,2,Tabla 2 (Producción mes),"{""entidad"": ""Crudo"", ""medida"": ""real_mes""}",,501.633794110347
2026-03-10,REPORTE_PRESIDENT,2,Tabla 2 (Producción mes),"{""entidad"": ""Crudo"", ""medida"": ""proy_mes""}",,505.96682530623
2026-03-10,REPORTE_PRESIDENT,2,Tabla 2 (Producción mes),"{""entidad"": ""Crudo"", ""medida"": ""base_p50""}",,516.713204239543
2026-03-10,REPORTE_PRESIDENT,2,Tabla 2 (Producción mes),"{""entidad"": ""Crudo"", ""medida"": ""delta_p50""}",,-10.7463789333134
2026-03-10,REPORTE_PRESIDENT,2,Tabla 2 (Producción mes),"{""entidad"": ""Crudo"", ""medida"": ""compromiso""}",,516.713204239543
2026-03-10,REPORTE_PRESIDENT,2,Tabla 2 (Producción mes),"{""entidad"": ""Crudo"", ""medida"": ""delta_compromiso""}",,-10.7463789333134
2026-03-10,REPORTE_PRESIDENT,2,Tabla 2 (Producción mes),"{""entidad"": ""Gas"", ""medida"": ""real_mes""}",,79.0533607132553
2026-03-10,REPORTE_PRESIDENT,2,Tabla 2 (Producción mes),"{""entidad"": ""Gas"", ""medida"": ""proy_mes""}",,77.9215299941709
2026-03-10,REPORTE_PRESIDENT,2,Tabla 2 (Producción mes),"{""entidad"": ""Gas"", ""medida"": ""base_p50""}",,77.4634358912281
2026-03-10,REPORTE_PRESIDENT,2,Tabla 2 (Producción mes),"{""entidad"": ""Gas"", ""medida"": ""delta_p50""}",,0.458094102942852
2026-03-10,REPORTE_PRESIDENT,2,Tabla 2 (Producción mes),"{""entidad"": ""Gas"", ""medida"": ""compromiso""}",,77.4634358912281
2026-03-10,REPORTE_PRESIDENT,2,Tabla 2 (Producción mes),"{""entidad"": ""Gas"", ""medida"": ""delta_compromiso""}",,0.458094102942852
2026-03-10,REPORTE_PRESIDENT,2,Tabla 2 (Producción mes),"{""entidad"": ""Blancos"", ""medida"": ""real_mes""}",,14.7935937777778
2026-03-10,REPORTE_PRESIDENT,2,Tabla 2 (Producción mes),"{""entidad"": ""Blancos"", ""medida"": ""proy_mes""}",,14.3635323322581
2026-03-10,REPORTE_PRESIDENT,2,Tabla 2 (Producción mes),"{""entidad"": ""Blancos"", ""medida"": ""base_p50""}",,14.340728
2026-03-10,REPORTE_PRESIDENT,2,Tabla 2 (Producción mes),"{""entidad"": ""Blancos"", ""medida"": ""delta_p50""}",,0.0228043322580653
2026-03-10,REPORTE_PRESIDENT,2,Tabla 2 (Producción mes),"{""entidad"": ""Blancos"", ""medida"": ""compromiso""}",,14.340728
2026-03-10,REPORTE_PRESIDENT,2,Tabla 2 (Producción mes),"{""entidad"": ""Blancos"", ""medida"": ""delta_compromiso""}",,0.0228043322580653
2026-03-10,REPORTE_PRESIDENT,2,Tabla 2 (Producción mes),"{""entidad"": ""Ecopetrol"", ""medida"": ""real_mes""}",,595.48074860138
2026-03-10,REPORTE_PRESIDENT,2,Tabla 2 (Producción mes),"{""entidad"": ""Ecopetrol"", ""medida"": ""proy_mes""}",,598.251887632659
2026-03-10,REPORTE_PRESIDENT,2,Tabla 2 (Producción mes),"{""entidad"": ""Ecopetrol"", ""medida"": ""base_p50""}",,608.517368130771
2026-03-10,REPORTE_PRESIDENT,2,Tabla 2 (Producción mes),"{""entidad"": ""Ecopetrol"", ""medida"": ""delta_p50""}",,-10.2654804981125
2026-03-10,REPORTE_PRESIDENT,2,Tabla 2 (Producción mes),"{""entidad"": ""Ecopetrol"", ""medida"": ""compromiso""}",,608.517368130771
2026-03-10,REPORTE_PRESIDENT,2,Tabla 2 (Producción mes),"{""entidad"": ""Ecopetrol"", ""medida"": ""delta_compromiso""}",,-10.2654804981125
2026-03-10,REPORTE_PRESIDENT,2,Tabla 2 (Producción mes),"{""entidad"": ""Filiales"", ""medida"": ""real_mes""}",,134.996024817004
2026-03-10,REPORTE_PRESIDENT,2,Tabla 2 (Producción mes),"{""entidad"": ""Filiales"", ""medida"": ""proy_mes""}",,127.418879862143
2026-03-10,REPORTE_PRESIDENT,2,Tabla 2 (Producción mes),"{""entidad"": ""Filiales"", ""medida"": ""base_p50""}",,124.319138744245
2026-03-10,REPORTE_PRESIDENT,2,Tabla 2 (Producción mes),"{""entidad"": ""Filiales"", ""medida"": ""delta_p50""}",,3.09974111789789
2026-03-10,REPORTE_PRESIDENT,2,Tabla 2 (Producción mes),"{""entidad"": ""Filiales"", ""medida"": ""compromiso""}",,124.319138744245
2026-03-10,REPORTE_PRESIDENT,2,Tabla 2 (Producción mes),"{""entidad"": ""Filiales"", ""medida"": ""delta_compromiso""}",,3.09974111789789
2026-03-10,REPORTE_PRESIDENT,2,Tabla 2 (Producción mes),"{""entidad"": ""Upstream"", ""medida"": ""real_mes""}",,730.476773418385
2026-03-10,REPORTE_PRESIDENT,2,Tabla 2 (Producción mes),"{""entidad"": ""Upstream"", ""medida"": ""proy_mes""}",,725.670767494802
2026-03-10,REPORTE_PRESIDENT,2,Tabla 2 (Producción mes),"{""entidad"": ""Upstream"", ""medida"": ""base_p50""}",,732.836506875016
2026-03-10,REPORTE_PRESIDENT,2,Tabla 2 (Producción mes),"{""entidad"": ""Upstream"", ""medida"": ""delta_p50""}",,-7.16573938021475
2026-03-10,REPORTE_PRESIDENT,2,Tabla 2 (Producción mes),"{""entidad"": ""Upstream"", ""medida"": ""compromiso""}",,732.836506875016
2026-03-10,REPORTE_PRESIDENT,2,Tabla 2 (Producción mes),"{""entidad"": ""Upstream"", ""medida"": ""delta_compromiso""}",,-7.16573938021475
2026-03-11,REPORTE_PRESIDENT,1,Tabla 1 (Producción día),"{""entidad"": ""Crudo"", ""medida"": ""programa_dia""}",,507.0362936
2026-03-11,REPORTE_PRESIDENT,1,Tabla 1 (Producción día),"{""entidad"": ""Gas"", ""medida"": ""programa_dia""}",,77.8820099
2026-03-11,REPORTE_PRESIDENT,1,Tabla 1 (Producción día),"{""entidad"": ""Blancos"", ""medida"": ""programa_dia""}",,14.47116
2026-03-11,REPORTE_PRESIDENT,1,Tabla 1 (Producción día),"{""entidad"": ""Ecopetrol"", ""medida"": ""programa_dia""}",,599.3894635
2026-03-11,REPORTE_PRESIDENT,1,Tabla 1 (Producción día),"{""entidad"": ""Filiales"", ""medida"": ""real_dia""}",,0
2026-03-11,REPORTE_PRESIDENT,1,Tabla 1 (Producción día),"{""entidad"": ""Filiales"", ""medida"": ""programa_dia""}",,124.319138744245
2026-03-11,REPORTE_PRESIDENT,1,Tabla 1 (Producción día),"{""entidad"": ""Filiales"", ""medida"": ""delta_dia""}",,-124.319138744245
2026-03-11,REPORTE_PRESIDENT,1,Tabla 1 (Producción día),"{""entidad"": ""Upstream"", ""medida"": ""programa_dia""}",,723.708602244245
2026-03-11,REPORTE_PRESIDENT,2,Tabla 2 (Producción mes),"{""entidad"": ""Crudo"", ""medida"": ""real_mes""}",,501.87543191167
2026-03-11,REPORTE_PRESIDENT,2,Tabla 2 (Producción mes),"{""entidad"": ""Crudo"", ""medida"": ""proy_mes""}",,505.898739816668
2026-03-11,REPORTE_PRESIDENT,2,Tabla 2 (Producción mes),"{""entidad"": ""Crudo"", ""medida"": ""base_p50""}",,516.713204239543
2026-03-11,REPORTE_PRESIDENT,2,Tabla 2 (Producción mes),"{""entidad"": ""Crudo"", ""medida"": ""delta_p50""}",,-10.8144644228754
2026-03-11,REPORTE_PRESIDENT,2,Tabla 2 (Producción mes),"{""entidad"": ""Crudo"", ""medida"": ""compromiso""}",,516.713204239543
2026-03-11,REPORTE_PRESIDENT,2,Tabla 2 (Producción mes),"{""entidad"": ""Crudo"", ""medida"": ""delta_compromiso""}",,-10.8144644228754
2026-03-11,REPORTE_PRESIDENT,2,Tabla 2 (Producción mes),"{""entidad"": ""Gas"", ""medida"": ""real_mes""}",,78.7830233657895
2026-03-11,REPORTE_PRESIDENT,2,Tabla 2 (Producción mes),"{""entidad"": ""Gas"", ""medida"": ""proy_mes""}",,77.8698882728353
2026-03-11,REPORTE_PRESIDENT,2,Tabla 2 (Producción mes),"{""entidad"": ""Gas"", ""medida"": ""base_p50""}",,77.4634358912281
2026-03-11,REPORTE_PRESIDENT,2,Tabla 2 (Producción mes),"{""entidad"": ""Gas"", ""medida"": ""delta_p50""}",,0.406452381607224
2026-03-11,REPORTE_PRESIDENT,2,Tabla 2 (Producción mes),"{""entidad"": ""Gas"", ""medida"": ""compromiso""}",,77.4634358912281
2026-03-11,REPORTE_PRESIDENT,2,Tabla 2 (Producción mes),"{""entidad"": ""Gas"", ""medida"": ""delta_compromiso""}",,0.406452381607224
2026-03-11,REPORTE_PRESIDENT,2,Tabla 2 (Producción mes),"{""entidad"": ""Blancos"", ""medida"": ""real_mes""}",,14.8554263
2026-03-11,REPORTE_PRESIDENT,2,Tabla 2 (Producción mes),"{""entidad"": ""Blancos"", ""medida"": ""proy_mes""}",,14.3939829225806
2026-03-11,REPORTE_PRESIDENT,2,Tabla 2 (Producción mes),"{""entidad"": ""Blancos"", ""medida"": ""base_p50""}",,14.340728
2026-03-11,REPORTE_PRESIDENT,2,Tabla 2 (Producción mes),"{""entidad"": ""Blancos"", ""medida"": ""delta_p50""}",,0.0532549225806438
2026-03-11,REPORTE_PRESIDENT,2,Tabla 2 (Producción mes),"{""entidad"": ""Blancos"", ""medida"": ""compromiso""}",,14.340728
2026-03-11,REPORTE_PRESIDENT,2,Tabla 2 (Producción mes),"{""entidad"": ""Blancos"", ""medida"": ""delta_compromiso""}",,0.0532549225806438
2026-03-11,REPORTE_PRESIDENT,2,Tabla 2 (Producción mes),"{""entidad"": ""Ecopetrol"", ""medida"": ""real_mes""}",,595.513881577459
2026-03-11,REPORTE_PRESIDENT,2,Tabla 2 (Producción mes),"{""entidad"": ""Ecopetrol"", ""medida"": ""proy_mes""}",,598.162611012084
2026-03-11,REPORTE_PRESIDENT,2,Tabla 2 (Producción mes),"{""entidad"": ""Ecopetrol"", ""medida"": ""base_p50""}",,608.517368130771
2026-03-11,REPORTE_PRESIDENT,2,Tabla 2 (Producción mes),"{""entidad"": ""Ecopetrol"", ""medida"": ""delta_p50""}",,-10.3547571186875
2026-03-11,REPORTE_PRESIDENT,2,Tabla 2 (Producción mes),"{""entidad"": ""Ecopetrol"", ""medida"": ""compromiso""}",,608.517368130771
2026-03-11,REPORTE_PRESIDENT,2,Tabla 2 (Producción mes),"{""entidad"": ""Ecopetrol"", ""medida"": ""delta_compromiso""}",,-10.3547571186875
2026-03-11,REPORTE_PRESIDENT,2,Tabla 2 (Producción mes),"{""entidad"": ""Filiales"", ""medida"": ""real_mes""}",,134.976978500342
2026-03-11,REPORTE_PRESIDENT,2,Tabla 2 (Producción mes),"{""entidad"": ""Filiales"", ""medida"": ""proy_mes""}",,127.757151568793
2026-03-11,REPORTE_PRESIDENT,2,Tabla 2 (Producción mes),"{""entidad"": ""Filiales"", ""medida"": ""base_p50""}",,124.319138744245
2026-03-11,REPORTE_PRESIDENT,2,Tabla 2 (Producción mes),"{""entidad"": ""Filiales"", ""medida"": ""delta_p50""}",,3.43801282454751
2026-03-11,REPORTE_PRESIDENT,2,Tabla 2 (Producción mes),"{""entidad"": ""Filiales"", ""medida"": ""compromiso""}",,124.319138744245
2026-03-11,REPORTE_PRESIDENT,2,Tabla 2 (Producción mes),"{""entidad"": ""Filiales"", ""medida"": ""delta_compromiso""}",,3.43801282454751
2026-03-11,REPORTE_PRESIDENT,2,Tabla 2 (Producción mes),"{""entidad"": ""Upstream"", ""medida"": ""real_mes""}",,730.490860077802
2026-03-11,REPORTE_PRESIDENT,2,Tabla 2 (Producción mes),"{""entidad"": ""Upstream"", ""medida"": ""proy_mes""}",,725.919762580876
2026-03-11,REPORTE_PRESIDENT,2,Tabla 2 (Producción mes),"{""entidad"": ""Upstream"", ""medida"": ""base_p50""}",,732.836506875016
2026-03-11,REPORTE_PRESIDENT,2,Tabla 2 (Producción mes),"{""entidad"": ""Upstream"", ""medida"": ""delta_p50""}",,-6.91674429414002
2026-03-11,REPORTE_PRESIDENT,2,Tabla 2 (Producción mes),"{""entidad"": ""Upstream"", ""medida"": ""compromiso""}",,732.836506875016
2026-03-11,REPORTE_PRESIDENT,2,Tabla 2 (Producción mes),"{""entidad"": ""Upstream"", ""medida"": ""delta_compromiso""}",,-6.91674429414002
2026-03-12,REPORTE_PRESIDENT,1,Tabla 1 (Producción día),"{""entidad"": ""Crudo"", ""medida"": ""programa_dia""}",,506.1438299
2026-03-12,REPORTE_PRESIDENT,1,Tabla 1 (Producción día),"{""entidad"": ""Gas"", ""medida"": ""programa_dia""}",,77.7689456
2026-03-12,REPORTE_PRESIDENT,1,Tabla 1 (Producción día),"{""entidad"": ""Blancos"", ""medida"": ""programa_dia""}",,14.4712828
2026-03-12,REPORTE_PRESIDENT,1,Tabla 1 (Producción día),"{""entidad"": ""Ecopetrol"", ""medida"": ""programa_dia""}",,598.3840583
2026-03-12,REPORTE_PRESIDENT,1,Tabla 1 (Producción día),"{""entidad"": ""Filiales"", ""medida"": ""real_dia""}",,0
2026-03-12,REPORTE_PRESIDENT,1,Tabla 1 (Producción día),"{""entidad"": ""Filiales"", ""medida"": ""programa_dia""}",,127.319138744245
2026-03-12,REPORTE_PRESIDENT,1,Tabla 1 (Producción día),"{""entidad"": ""Filiales"", ""medida"": ""delta_dia""}",,-127.319138744245
2026-03-12,REPORTE_PRESIDENT,1,Tabla 1 (Producción día),"{""entidad"": ""Upstream"", ""medida"": ""programa_dia""}",,725.703197044245
2026-03-12,REPORTE_PRESIDENT,2,Tabla 2 (Producción mes),"{""entidad"": ""Crudo"", ""medida"": ""real_mes""}",,501.167361194471
2026-03-12,REPORTE_PRESIDENT,2,Tabla 2 (Producción mes),"{""entidad"": ""Crudo"", ""medida"": ""proy_mes""}",,505.481009507715
2026-03-12,REPORTE_PRESIDENT,2,Tabla 2 (Producción mes),"{""entidad"": ""Crudo"", ""medida"": ""base_p50""}",,516.713204239543
2026-03-12,REPORTE_PRESIDENT,2,Tabla 2 (Producción mes),"{""entidad"": ""Crudo"", ""medida"": ""delta_p50""}",,-11.2321947318277
2026-03-12,REPORTE_PRESIDENT,2,Tabla 2 (Producción mes),"{""entidad"": ""Crudo"", ""medida"": ""compromiso""}",,516.713204239543
2026-03-12,REPORTE_PRESIDENT,2,Tabla 2 (Producción mes),"{""entidad"": ""Crudo"", ""medida"": ""delta_compromiso""}",,-11.2321947318277
2026-03-12,REPORTE_PRESIDENT,2,Tabla 2 (Producción mes),"{""entidad"": ""Gas"", ""medida"": ""real_mes""}",,78.9992051299043
2026-03-12,REPORTE_PRESIDENT,2,Tabla 2 (Producción mes),"{""entidad"": ""Gas"", ""medida"": ""proy_mes""}",,78.1128353654499
2026-03-12,REPORTE_PRESIDENT,2,Tabla 2 (Producción mes),"{""entidad"": ""Gas"", ""medida"": ""base_p50""}",,77.4634358912281
2026-03-12,REPORTE_PRESIDENT,2,Tabla 2 (Producción mes),"{""entidad"": ""Gas"", ""medida"": ""delta_p50""}",,0.649399474221838
2026-03-12,REPORTE_PRESIDENT,2,Tabla 2 (Producción mes),"{""entidad"": ""Gas"", ""medida"": ""compromiso""}",,77.4634358912281
2026-03-12,REPORTE_PRESIDENT,2,Tabla 2 (Producción mes),"{""entidad"": ""Gas"", ""medida"": ""delta_compromiso""}",,0.649399474221838
2026-03-12,REPORTE_PRESIDENT,2,Tabla 2 (Producción mes),"{""entidad"": ""Blancos"", ""medida"": ""real_mes""}",,14.7812255727273
2026-03-12,REPORTE_PRESIDENT,2,Tabla 2 (Producción mes),"{""entidad"": ""Blancos"", ""medida"": ""proy_mes""}",,14.3800493193548
2026-03-12,REPORTE_PRESIDENT,2,Tabla 2 (Producción mes),"{""entidad"": ""Blancos"", ""medida"": ""base_p50""}",,14.340728
2026-03-12,REPORTE_PRESIDENT,2,Tabla 2 (Producción mes),"{""entidad"": ""Blancos"", ""medida"": ""delta_p50""}",,0.0393213193548387
2026-03-12,REPORTE_PRESIDENT,2,Tabla 2 (Producción mes),"{""entidad"": ""Blancos"", ""medida"": ""compromiso""}",,14.340728
2026-03-12,REPORTE_PRESIDENT,2,Tabla 2 (Producción mes),"{""entidad"": ""Blancos"", ""medida"": ""delta_compromiso""}",,0.0393213193548387
2026-03-12,REPORTE_PRESIDENT,2,Tabla 2 (Producción mes),"{""entidad"": ""Ecopetrol"", ""medida"": ""real_mes""}",,594.947791897102
2026-03-12,REPORTE_PRESIDENT,2,Tabla 2 (Producción mes),"{""entidad"": ""Ecopetrol"", ""medida"": ""proy_mes""}",,597.97389419252
2026-03-12,REPORTE_PRESIDENT,2,Tabla 2 (Producción mes),"{""entidad"": ""Ecopetrol"", ""medida"": ""base_p50""}",,608.517368130771
2026-03-12,REPORTE_PRESIDENT,2,Tabla 2 (Producción mes),"{""entidad"": ""Ecopetrol"", ""medida"": ""delta_p50""}",,-10.5434739382511
2026-03-12,REPORTE_PRESIDENT,2,Tabla 2 (Producción mes),"{""entidad"": ""Ecopetrol"", ""medida"": ""compromiso""}",,608.517368130771
2026-03-12,REPORTE_PRESIDENT,2,Tabla 2 (Producción mes),"{""entidad"": ""Ecopetrol"", ""medida"": ""delta_compromiso""}",,-10.5434739382511
2026-03-12,REPORTE_PRESIDENT,2,Tabla 2 (Producción mes),"{""entidad"": ""Filiales"", ""medida"": ""real_mes""}",,134.505305313658
2026-03-12,REPORTE_PRESIDENT,2,Tabla 2 (Producción mes),"{""entidad"": ""Filiales"", ""medida"": ""proy_mes""}",,129.869068817263
2026-03-12,REPORTE_PRESIDENT,2,Tabla 2 (Producción mes),"{""entidad"": ""Filiales"", ""medida"": ""base_p50""}",,124.319138744245
2026-03-12,REPORTE_PRESIDENT,2,Tabla 2 (Producción mes),"{""entidad"": ""Filiales"", ""medida"": ""delta_p50""}",,5.54993007301768
2026-03-12,REPORTE_PRESIDENT,2,Tabla 2 (Producción mes),"{""entidad"": ""Filiales"", ""medida"": ""compromiso""}",,124.319138744245
2026-03-12,REPORTE_PRESIDENT,2,Tabla 2 (Producción mes),"{""entidad"": ""Filiales"", ""medida"": ""delta_compromiso""}",,5.54993007301768
2026-03-12,REPORTE_PRESIDENT,2,Tabla 2 (Producción mes),"{""entidad"": ""Upstream"", ""medida"": ""real_mes""}",,729.453097210761
2026-03-12,REPORTE_PRESIDENT,2,Tabla 2 (Producción mes),"{""entidad"": ""Upstream"", ""medida"": ""proy_mes""}",,727.842963009783
2026-03-12,REPORTE_PRESIDENT,2,Tabla 2 (Producción mes),"{""entidad"": ""Upstream"", ""medida"": ""base_p50""}",,732.836506875016
2026-03-12,REPORTE_PRESIDENT,2,Tabla 2 (Producción mes),"{""entidad"": ""Upstream"", ""medida"": ""delta_p50""}",,-4.99354386523339
2026-03-12,REPORTE_PRESIDENT,2,Tabla 2 (Producción mes),"{""entidad"": ""Upstream"", ""medida"": ""compromiso""}",,732.836506875016
2026-03-12,REPORTE_PRESIDENT,2,Tabla 2 (Producción mes),"{""entidad"": ""Upstream"", ""medida"": ""delta_compromiso""}",,-4.99354386523339
2026-03-13,REPORTE_PRESIDENT,1,Tabla 1 (Producción día),"{""entidad"": ""Crudo"", ""medida"": ""real_dia""}",,500.18153062635
2026-03-13,REPORTE_PRESIDENT,1,Tabla 1 (Producción día),"{""entidad"": ""Crudo"", ""medida"": ""programa_dia""}",,506.1438299
2026-03-13,REPORTE_PRESIDENT,1,Tabla 1 (Producción día),"{""entidad"": ""Crudo"", ""medida"": ""delta_dia""}",,-5.96229927365005
2026-03-13,REPORTE_PRESIDENT,1,Tabla 1 (Producción día),"{""entidad"": ""Gas"", ""medida"": ""real_dia""}",,80.6960718912281
2026-03-13,REPORTE_PRESIDENT,1,Tabla 1 (Producción día),"{""entidad"": ""Gas"", ""medida"": ""programa_dia""}",,77.7689456
2026-03-13,REPORTE_PRESIDENT,1,Tabla 1 (Producción día),"{""entidad"": ""Gas"", ""medida"": ""delta_dia""}",,2.92712629122806
2026-03-13,REPORTE_PRESIDENT,1,Tabla 1 (Producción día),"{""entidad"": ""Blancos"", ""medida"": ""real_dia""}",,13.833528
2026-03-13,REPORTE_PRESIDENT,1,Tabla 1 (Producción día),"{""entidad"": ""Blancos"", ""medida"": ""programa_dia""}",,14.4712828
2026-03-13,REPORTE_PRESIDENT,1,Tabla 1 (Producción día),"{""entidad"": ""Blancos"", ""medida"": ""delta_dia""}",,-0.637754799999998
2026-03-13,REPORTE_PRESIDENT,1,Tabla 1 (Producción día),"{""entidad"": ""Ecopetrol"", ""medida"": ""real_dia""}",,594.711130517578
2026-03-13,REPORTE_PRESIDENT,1,Tabla 1 (Producción día),"{""entidad"": ""Ecopetrol"", ""medida"": ""programa_dia""}",,598.3840583
2026-03-13,REPORTE_PRESIDENT,1,Tabla 1 (Producción día),"{""entidad"": ""Ecopetrol"", ""medida"": ""delta_dia""}",,-3.67292778242199
2026-03-13,REPORTE_PRESIDENT,1,Tabla 1 (Producción día),"{""entidad"": ""Filiales"", ""medida"": ""real_dia""}",,134.282310212746
2026-03-13,REPORTE_PRESIDENT,1,Tabla 1 (Producción día),"{""entidad"": ""Filiales"", ""medida"": ""programa_dia""}",,127.319138744245
2026-03-13,REPORTE_PRESIDENT,1,Tabla 1 (Producción día),"{""entidad"": ""Filiales"", ""medida"": ""delta_dia""}",,6.96317146850132
2026-03-13,REPORTE_PRESIDENT,1,Tabla 1 (Producción día),"{""entidad"": ""Upstream"", ""medida"": ""real_dia""}",,728.993440730324
2026-03-13,REPORTE_PRESIDENT,1,Tabla 1 (Producción día),"{""entidad"": ""Upstream"", ""medida"": ""programa_dia""}",,725.703197044245
2026-03-13,REPORTE_PRESIDENT,1,Tabla 1 (Producción día),"{""entidad"": ""Upstream"", ""medida"": ""delta_dia""}",,3.29024368607929
2026-03-13,REPORTE_PRESIDENT,2,Tabla 2 (Producción mes),"{""entidad"": ""Crudo"", ""medida"": ""real_mes""}",,501.080763909246
2026-03-13,REPORTE_PRESIDENT,2,Tabla 2 (Producción mes),"{""entidad"": ""Crudo"", ""medida"": ""proy_mes""}",,505.286956729386
2026-03-13,REPORTE_PRESIDENT,2,Tabla 2 (Producción mes),"{""entidad"": ""Crudo"", ""medida"": ""base_p50""}",,516.713204239543
2026-03-13,REPORTE_PRESIDENT,2,Tabla 2 (Producción mes),"{""entidad"": ""Crudo"", ""medida"": ""delta_p50""}",,-11.4262475101576
2026-03-13,REPORTE_PRESIDENT,2,Tabla 2 (Producción mes),"{""entidad"": ""Crudo"", ""medida"": ""compromiso""}",,516.713204239543
2026-03-13,REPORTE_PRESIDENT,2,Tabla 2 (Producción mes),"{""entidad"": ""Crudo"", ""medida"": ""delta_compromiso""}",,-11.4262475101576
2026-03-13,REPORTE_PRESIDENT,2,Tabla 2 (Producción mes),"{""entidad"": ""Gas"", ""medida"": ""real_mes""}",,79.1401880397661
2026-03-13,REPORTE_PRESIDENT,2,Tabla 2 (Producción mes),"{""entidad"": ""Gas"", ""medida"": ""proy_mes""}",,78.207095186361
2026-03-13,REPORTE_PRESIDENT,2,Tabla 2 (Producción mes),"{""entidad"": ""Gas"", ""medida"": ""base_p50""}",,77.4634358912281
2026-03-13,REPORTE_PRESIDENT,2,Tabla 2 (Producción mes),"{""entidad"": ""Gas"", ""medida"": ""delta_p50""}",,0.743659295132971
2026-03-13,REPORTE_PRESIDENT,2,Tabla 2 (Producción mes),"{""entidad"": ""Gas"", ""medida"": ""compromiso""}",,77.4634358912281
2026-03-13,REPORTE_PRESIDENT,2,Tabla 2 (Producción mes),"{""entidad"": ""Gas"", ""medida"": ""delta_compromiso""}",,0.743659295132971
2026-03-13,REPORTE_PRESIDENT,2,Tabla 2 (Producción mes),"{""entidad"": ""Blancos"", ""medida"": ""real_mes""}",,14.7027765
2026-03-13,REPORTE_PRESIDENT,2,Tabla 2 (Producción mes),"{""entidad"": ""Blancos"", ""medida"": ""proy_mes""}",,14.3596800903226
2026-03-13,REPORTE_PRESIDENT,2,Tabla 2 (Producción mes),"{""entidad"": ""Blancos"", ""medida"": ""base_p50""}",,14.340728
2026-03-13,REPORTE_PRESIDENT,2,Tabla 2 (Producción mes),"{""entidad"": ""Blancos"", ""medida"": ""delta_p50""}",,0.0189520903225784
2026-03-13,REPORTE_PRESIDENT,2,Tabla 2 (Producción mes),"{""entidad"": ""Blancos"", ""medida"": ""compromiso""}",,14.340728
2026-03-13,REPORTE_PRESIDENT,2,Tabla 2 (Producción mes),"{""entidad"": ""Blancos"", ""medida"": ""delta_compromiso""}",,0.0189520903225784
2026-03-13,REPORTE_PRESIDENT,2,Tabla 2 (Producción mes),"{""entidad"": ""Ecopetrol"", ""medida"": ""real_mes""}",,594.923728449012
2026-03-13,REPORTE_PRESIDENT,2,Tabla 2 (Producción mes),"{""entidad"": ""Ecopetrol"", ""medida"": ""proy_mes""}",,597.853732006069
2026-03-13,REPORTE_PRESIDENT,2,Tabla 2 (Producción mes),"{""entidad"": ""Ecopetrol"", ""medida"": ""base_p50""}",,608.517368130771
2026-03-13,REPORTE_PRESIDENT,2,Tabla 2 (Producción mes),"{""entidad"": ""Ecopetrol"", ""medida"": ""delta_p50""}",,-10.6636361247021
2026-03-13,REPORTE_PRESIDENT,2,Tabla 2 (Producción mes),"{""entidad"": ""Ecopetrol"", ""medida"": ""compromiso""}",,608.517368130771
2026-03-13,REPORTE_PRESIDENT,2,Tabla 2 (Producción mes),"{""entidad"": ""Ecopetrol"", ""medida"": ""delta_compromiso""}",,-10.6636361247021
2026-03-13,REPORTE_PRESIDENT,2,Tabla 2 (Producción mes),"{""entidad"": ""Filiales"", ""medida"": ""real_mes""}",,134.486722388582
2026-03-13,REPORTE_PRESIDENT,2,Tabla 2 (Producción mes),"{""entidad"": ""Filiales"", ""medida"": ""proy_mes""}",,130.09368725173
2026-03-13,REPORTE_PRESIDENT,2,Tabla 2 (Producción mes),"{""entidad"": ""Filiales"", ""medida"": ""base_p50""}",,124.319138744245
2026-03-13,REPORTE_PRESIDENT,2,Tabla 2 (Producción mes),"{""entidad"": ""Filiales"", ""medida"": ""delta_p50""}",,5.77454850748545
2026-03-13,REPORTE_PRESIDENT,2,Tabla 2 (Producción mes),"{""entidad"": ""Filiales"", ""medida"": ""compromiso""}",,124.319138744245
2026-03-13,REPORTE_PRESIDENT,2,Tabla 2 (Producción mes),"{""entidad"": ""Filiales"", ""medida"": ""delta_compromiso""}",,5.77454850748545
2026-03-13,REPORTE_PRESIDENT,2,Tabla 2 (Producción mes),"{""entidad"": ""Upstream"", ""medida"": ""real_mes""}",,729.410450837594
2026-03-13,REPORTE_PRESIDENT,2,Tabla 2 (Producción mes),"{""entidad"": ""Upstream"", ""medida"": ""proy_mes""}",,727.9474192578
2026-03-13,REPORTE_PRESIDENT,2,Tabla 2 (Producción mes),"{""entidad"": ""Upstream"", ""medida"": ""base_p50""}",,732.836506875016
2026-03-13,REPORTE_PRESIDENT,2,Tabla 2 (Producción mes),"{""entidad"": ""Upstream"", ""medida"": ""delta_p50""}",,-4.88908761721666
2026-03-13,REPORTE_PRESIDENT,2,Tabla 2 (Producción mes),"{""entidad"": ""Upstream"", ""medida"": ""compromiso""}",,732.836506875016
2026-03-13,REPORTE_PRESIDENT,2,Tabla 2 (Producción mes),"{""entidad"": ""Upstream"", ""medida"": ""delta_compromiso""}",,-4.88908761721666
2026-03-14,REPORTE_PRESIDENT,1,Tabla 1 (Producción día),"{""entidad"": ""Crudo"", ""medida"": ""programa_dia""}",,502.6283878
2026-03-14,REPORTE_PRESIDENT,1,Tabla 1 (Producción día),"{""entidad"": ""Gas"", ""medida"": ""programa_dia""}",,78.9340435
2026-03-14,REPORTE_PRESIDENT,1,Tabla 1 (Producción día),"{""entidad"": ""Blancos"", ""medida"": ""programa_dia""}",,14.7510881
2026-03-14,REPORTE_PRESIDENT,1,Tabla 1 (Producción día),"{""entidad"": ""Ecopetrol"", ""medida"": ""programa_dia""}",,596.3135194
2026-03-14,REPORTE_PRESIDENT,1,Tabla 1 (Producción día),"{""entidad"": ""Filiales"", ""medida"": ""real_dia""}",,0
2026-03-14,REPORTE_PRESIDENT,1,Tabla 1 (Producción día),"{""entidad"": ""Filiales"", ""medida"": ""programa_dia""}",,127.319138744245
2026-03-14,REPORTE_PRESIDENT,1,Tabla 1 (Producción día),"{""entidad"": ""Filiales"", ""medida"": ""delta_dia""}",,-127.319138744245
2026-03-14,REPORTE_PRESIDENT,1,Tabla 1 (Producción día),"{""entidad"": ""Upstream"", ""medida"": ""programa_dia""}",,723.632658144245
2026-03-14,REPORTE_PRESIDENT,2,Tabla 2 (Producción mes),"{""entidad"": ""Crudo"", ""medida"": ""real_mes""}",,501.293182756852
2026-03-14,REPORTE_PRESIDENT,2,Tabla 2 (Producción mes),"{""entidad"": ""Crudo"", ""medida"": ""proy_mes""}",,503.635249714164
2026-03-14,REPORTE_PRESIDENT,2,Tabla 2 (Producción mes),"{""entidad"": ""Crudo"", ""medida"": ""base_p50""}",,516.713204239543
2026-03-14,REPORTE_PRESIDENT,2,Tabla 2 (Producción mes),"{""entidad"": ""Crudo"", ""medida"": ""delta_p50""}",,-13.0779545253793
2026-03-14,REPORTE_PRESIDENT,2,Tabla 2 (Producción mes),"{""entidad"": ""Crudo"", ""medida"": ""compromiso""}",,516.713204239543
2026-03-14,REPORTE_PRESIDENT,2,Tabla 2 (Producción mes),"{""entidad"": ""Crudo"", ""medida"": ""delta_compromiso""}",,-13.0779545253793
2026-03-14,REPORTE_PRESIDENT,2,Tabla 2 (Producción mes),"{""entidad"": ""Gas"", ""medida"": ""real_mes""}",,79.0999050043634
2026-03-14,REPORTE_PRESIDENT,2,Tabla 2 (Producción mes),"{""entidad"": ""Gas"", ""medida"": ""proy_mes""}",,79.0171220631201
2026-03-14,REPORTE_PRESIDENT,2,Tabla 2 (Producción mes),"{""entidad"": ""Gas"", ""medida"": ""base_p50""}",,77.4634358912281
2026-03-14,REPORTE_PRESIDENT,2,Tabla 2 (Producción mes),"{""entidad"": ""Gas"", ""medida"": ""delta_p50""}",,1.55368617189207
2026-03-14,REPORTE_PRESIDENT,2,Tabla 2 (Producción mes),"{""entidad"": ""Gas"", ""medida"": ""compromiso""}",,77.4634358912281
2026-03-14,REPORTE_PRESIDENT,2,Tabla 2 (Producción mes),"{""entidad"": ""Gas"", ""medida"": ""delta_compromiso""}",,1.55368617189207
2026-03-14,REPORTE_PRESIDENT,2,Tabla 2 (Producción mes),"{""entidad"": ""Blancos"", ""medida"": ""real_mes""}",,14.6488873153846
2026-03-14,REPORTE_PRESIDENT,2,Tabla 2 (Producción mes),"{""entidad"": ""Blancos"", ""medida"": ""proy_mes""}",,14.6945470645161
2026-03-14,REPORTE_PRESIDENT,2,Tabla 2 (Producción mes),"{""entidad"": ""Blancos"", ""medida"": ""base_p50""}",,14.340728
2026-03-14,REPORTE_PRESIDENT,2,Tabla 2 (Producción mes),"{""entidad"": ""Blancos"", ""medida"": ""delta_p50""}",,0.353819064516122
2026-03-14,REPORTE_PRESIDENT,2,Tabla 2 (Producción mes),"{""entidad"": ""Blancos"", ""medida"": ""compromiso""}",,14.340728
2026-03-14,REPORTE_PRESIDENT,2,Tabla 2 (Producción mes),"{""entidad"": ""Blancos"", ""medida"": ""delta_compromiso""}",,0.353819064516122
2026-03-14,REPORTE_PRESIDENT,2,Tabla 2 (Producción mes),"{""entidad"": ""Ecopetrol"", ""medida"": ""real_mes""}",,595.0419750766
2026-03-14,REPORTE_PRESIDENT,2,Tabla 2 (Producción mes),"{""entidad"": ""Ecopetrol"", ""medida"": ""proy_mes""}",,597.3469188418
2026-03-14,REPORTE_PRESIDENT,2,Tabla 2 (Producción mes),"{""entidad"": ""Ecopetrol"", ""medida"": ""base_p50""}",,608.517368130771
2026-03-14,REPORTE_PRESIDENT,2,Tabla 2 (Producción mes),"{""entidad"": ""Ecopetrol"", ""medida"": ""delta_p50""}",,-11.1704492889712
2026-03-14,REPORTE_PRESIDENT,2,Tabla 2 (Producción mes),"{""entidad"": ""Ecopetrol"", ""medida"": ""compromiso""}",,608.517368130771
2026-03-14,REPORTE_PRESIDENT,2,Tabla 2 (Producción mes),"{""entidad"": ""Ecopetrol"", ""medida"": ""delta_compromiso""}",,-11.1704492889712
2026-03-14,REPORTE_PRESIDENT,2,Tabla 2 (Producción mes),"{""entidad"": ""Filiales"", ""medida"": ""real_mes""}",,134.451255444287
2026-03-14,REPORTE_PRESIDENT,2,Tabla 2 (Producción mes),"{""entidad"": ""Filiales"", ""medida"": ""proy_mes""}",,130.31002639265
2026-03-14,REPORTE_PRESIDENT,2,Tabla 2 (Producción mes),"{""entidad"": ""Filiales"", ""medida"": ""base_p50""}",,124.319138744245
2026-03-14,REPORTE_PRESIDENT,2,Tabla 2 (Producción mes),"{""entidad"": ""Filiales"", ""medida"": ""delta_p50""}",,5.99088764840484
2026-03-14,REPORTE_PRESIDENT,2,Tabla 2 (Producción mes),"{""entidad"": ""Filiales"", ""medida"": ""compromiso""}",,124.319138744245
2026-03-14,REPORTE_PRESIDENT,2,Tabla 2 (Producción mes),"{""entidad"": ""Filiales"", ""medida"": ""delta_compromiso""}",,5.99088764840484
2026-03-14,REPORTE_PRESIDENT,2,Tabla 2 (Producción mes),"{""entidad"": ""Upstream"", ""medida"": ""real_mes""}",,729.493230520888
2026-03-14,REPORTE_PRESIDENT,2,Tabla 2 (Producción mes),"{""entidad"": ""Upstream"", ""medida"": ""proy_mes""}",,727.65694523445
2026-03-14,REPORTE_PRESIDENT,2,Tabla 2 (Producción mes),"{""entidad"": ""Upstream"", ""medida"": ""base_p50""}",,732.836506875016
2026-03-14,REPORTE_PRESIDENT,2,Tabla 2 (Producción mes),"{""entidad"": ""Upstream"", ""medida"": ""delta_p50""}",,-5.17956164056636
2026-03-14,REPORTE_PRESIDENT,2,Tabla 2 (Producción mes),"{""entidad"": ""Upstream"", ""medida"": ""compromiso""}",,732.836506875016
2026-03-14,REPORTE_PRESIDENT,2,Tabla 2 (Producción mes),"{""entidad"": ""Upstream"", ""medida"": ""delta_compromiso""}",,-5.17956164056636
2026-03-15,REPORTE_PRESIDENT,1,Tabla 1 (Producción día),"{""entidad"": ""Crudo"", ""medida"": ""programa_dia""}",,503.5866637
2026-03-15,REPORTE_PRESIDENT,1,Tabla 1 (Producción día),"{""entidad"": ""Gas"", ""medida"": ""programa_dia""}",,78.9628163
2026-03-15,REPORTE_PRESIDENT,1,Tabla 1 (Producción día),"{""entidad"": ""Blancos"", ""medida"": ""programa_dia""}",,14.7503672
2026-03-15,REPORTE_PRESIDENT,1,Tabla 1 (Producción día),"{""entidad"": ""Ecopetrol"", ""medida"": ""programa_dia""}",,597.2998472
2026-03-15,REPORTE_PRESIDENT,1,Tabla 1 (Producción día),"{""entidad"": ""Filiales"", ""medida"": ""real_dia""}",,0
2026-03-15,REPORTE_PRESIDENT,1,Tabla 1 (Producción día),"{""entidad"": ""Filiales"", ""medida"": ""programa_dia""}",,127.319138744245
2026-03-15,REPORTE_PRESIDENT,1,Tabla 1 (Producción día),"{""entidad"": ""Filiales"", ""medida"": ""delta_dia""}",,-127.319138744245
2026-03-15,REPORTE_PRESIDENT,1,Tabla 1 (Producción día),"{""entidad"": ""Upstream"", ""medida"": ""programa_dia""}",,724.618985944245
2026-03-15,REPORTE_PRESIDENT,2,Tabla 2 (Producción mes),"{""entidad"": ""Crudo"", ""medida"": ""real_mes""}",,501.277551981668
2026-03-15,REPORTE_PRESIDENT,2,Tabla 2 (Producción mes),"{""entidad"": ""Crudo"", ""medida"": ""proy_mes""}",,503.585119523979
2026-03-15,REPORTE_PRESIDENT,2,Tabla 2 (Producción mes),"{""entidad"": ""Crudo"", ""medida"": ""base_p50""}",,516.713204239543
2026-03-15,REPORTE_PRESIDENT,2,Tabla 2 (Producción mes),"{""entidad"": ""Crudo"", ""medida"": ""delta_p50""}",,-13.1280847155642
2026-03-15,REPORTE_PRESIDENT,2,Tabla 2 (Producción mes),"{""entidad"": ""Crudo"", ""medida"": ""compromiso""}",,516.713204239543
2026-03-15,REPORTE_PRESIDENT,2,Tabla 2 (Producción mes),"{""entidad"": ""Crudo"", ""medida"": ""delta_compromiso""}",,-13.1280847155642
2026-03-15,REPORTE_PRESIDENT,2,Tabla 2 (Producción mes),"{""entidad"": ""Gas"", ""medida"": ""real_mes""}",,79.0241604071428
2026-03-15,REPORTE_PRESIDENT,2,Tabla 2 (Producción mes),"{""entidad"": ""Gas"", ""medida"": ""proy_mes""}",,78.9882651967742
2026-03-15,REPORTE_PRESIDENT,2,Tabla 2 (Producción mes),"{""entidad"": ""Gas"", ""medida"": ""base_p50""}",,77.4634358912281
2026-03-15,REPORTE_PRESIDENT,2,Tabla 2 (Producción mes),"{""entidad"": ""Gas"", ""medida"": ""delta_p50""}",,1.52482930554609
2026-03-15,REPORTE_PRESIDENT,2,Tabla 2 (Producción mes),"{""entidad"": ""Gas"", ""medida"": ""compromiso""}",,77.4634358912281
2026-03-15,REPORTE_PRESIDENT,2,Tabla 2 (Producción mes),"{""entidad"": ""Gas"", ""medida"": ""delta_compromiso""}",,1.52482930554609
2026-03-15,REPORTE_PRESIDENT,2,Tabla 2 (Producción mes),"{""entidad"": ""Blancos"", ""medida"": ""real_mes""}",,14.6225014357143
2026-03-15,REPORTE_PRESIDENT,2,Tabla 2 (Producción mes),"{""entidad"": ""Blancos"", ""medida"": ""proy_mes""}",,14.6793340612903
2026-03-15,REPORTE_PRESIDENT,2,Tabla 2 (Producción mes),"{""entidad"": ""Blancos"", ""medida"": ""base_p50""}",,14.340728
2026-03-15,REPORTE_PRESIDENT,2,Tabla 2 (Producción mes),"{""entidad"": ""Blancos"", ""medida"": ""delta_p50""}",,0.338606061290314
2026-03-15,REPORTE_PRESIDENT,2,Tabla 2 (Producción mes),"{""entidad"": ""Blancos"", ""medida"": ""compromiso""}",,14.340728
2026-03-15,REPORTE_PRESIDENT,2,Tabla 2 (Producción mes),"{""entidad"": ""Blancos"", ""medida"": ""delta_compromiso""}",,0.338606061290314
2026-03-15,REPORTE_PRESIDENT,2,Tabla 2 (Producción mes),"{""entidad"": ""Ecopetrol"", ""medida"": ""real_mes""}",,594.924213824525
2026-03-15,REPORTE_PRESIDENT,2,Tabla 2 (Producción mes),"{""entidad"": ""Ecopetrol"", ""medida"": ""proy_mes""}",,597.252718782043
2026-03-15,REPORTE_PRESIDENT,2,Tabla 2 (Producción mes),"{""entidad"": ""Ecopetrol"", ""medida"": ""base_p50""}",,608.517368130771
2026-03-15,REPORTE_PRESIDENT,2,Tabla 2 (Producción mes),"{""entidad"": ""Ecopetrol"", ""medida"": ""delta_p50""}",,-11.2646493487279
2026-03-15,REPORTE_PRESIDENT,2,Tabla 2 (Producción mes),"{""entidad"": ""Ecopetrol"", ""medida"": ""compromiso""}",,608.517368130771
2026-03-15,REPORTE_PRESIDENT,2,Tabla 2 (Producción mes),"{""entidad"": ""Ecopetrol"", ""medida"": ""delta_compromiso""}",,-11.2646493487279
2026-03-15,REPORTE_PRESIDENT,2,Tabla 2 (Producción mes),"{""entidad"": ""Filiales"", ""medida"": ""real_mes""}",,134.410864999177
2026-03-15,REPORTE_PRESIDENT,2,Tabla 2 (Producción mes),"{""entidad"": ""Filiales"", ""medida"": ""proy_mes""}",,130.521853827118
2026-03-15,REPORTE_PRESIDENT,2,Tabla 2 (Producción mes),"{""entidad"": ""Filiales"", ""medida"": ""base_p50""}",,124.319138744245
2026-03-15,REPORTE_PRESIDENT,2,Tabla 2 (Producción mes),"{""entidad"": ""Filiales"", ""medida"": ""delta_p50""}",,6.20271508287261
2026-03-15,REPORTE_PRESIDENT,2,Tabla 2 (Producción mes),"{""entidad"": ""Filiales"", ""medida"": ""compromiso""}",,124.319138744245
2026-03-15,REPORTE_PRESIDENT,2,Tabla 2 (Producción mes),"{""entidad"": ""Filiales"", ""medida"": ""delta_compromiso""}",,6.20271508287261
2026-03-15,REPORTE_PRESIDENT,2,Tabla 2 (Producción mes),"{""entidad"": ""Upstream"", ""medida"": ""real_mes""}",,729.335078823702
2026-03-15,REPORTE_PRESIDENT,2,Tabla 2 (Producción mes),"{""entidad"": ""Upstream"", ""medida"": ""proy_mes""}",,727.774572609161
2026-03-15,REPORTE_PRESIDENT,2,Tabla 2 (Producción mes),"{""entidad"": ""Upstream"", ""medida"": ""base_p50""}",,732.836506875016
2026-03-15,REPORTE_PRESIDENT,2,Tabla 2 (Producción mes),"{""entidad"": ""Upstream"", ""medida"": ""delta_p50""}",,-5.06193426585526
2026-03-15,REPORTE_PRESIDENT,2,Tabla 2 (Producción mes),"{""entidad"": ""Upstream"", ""medida"": ""compromiso""}",,732.836506875016
2026-03-15,REPORTE_PRESIDENT,2,Tabla 2 (Producción mes),"{""entidad"": ""Upstream"", ""medida"": ""delta_compromiso""}",,-5.06193426585526
2026-03-16,REPORTE_PRESIDENT,1,Tabla 1 (Producción día),"{""entidad"": ""Crudo"", ""medida"": ""programa_dia""}",,504.1189582
2026-03-16,REPORTE_PRESIDENT,1,Tabla 1 (Producción día),"{""entidad"": ""Gas"", ""medida"": ""programa_dia""}",,78.905854
2026-03-16,REPORTE_PRESIDENT,1,Tabla 1 (Producción día),"{""entidad"": ""Blancos"", ""medida"": ""programa_dia""}",,14.7447379
2026-03-16,REPORTE_PRESIDENT,1,Tabla 1 (Producción día),"{""entidad"": ""Ecopetrol"", ""medida"": ""programa_dia""}",,597.7695501
2026-03-16,REPORTE_PRESIDENT,1,Tabla 1 (Producción día),"{""entidad"": ""Filiales"", ""medida"": ""real_dia""}",,0
2026-03-16,REPORTE_PRESIDENT,1,Tabla 1 (Producción día),"{""entidad"": ""Filiales"", ""medida"": ""programa_dia""}",,127.319138744245
2026-03-16,REPORTE_PRESIDENT,1,Tabla 1 (Producción día),"{""entidad"": ""Filiales"", ""medida"": ""delta_dia""}",,-127.319138744245
2026-03-16,REPORTE_PRESIDENT,1,Tabla 1 (Producción día),"{""entidad"": ""Upstream"", ""medida"": ""programa_dia""}",,725.088688844245
2026-03-16,REPORTE_PRESIDENT,2,Tabla 2 (Producción mes),"{""entidad"": ""Crudo"", ""medida"": ""real_mes""}",,500.586834917386
2026-03-16,REPORTE_PRESIDENT,2,Tabla 2 (Producción mes),"{""entidad"": ""Crudo"", ""medida"": ""proy_mes""}",,503.176414114864
2026-03-16,REPORTE_PRESIDENT,2,Tabla 2 (Producción mes),"{""entidad"": ""Crudo"", ""medida"": ""base_p50""}",,516.713204239543
2026-03-16,REPORTE_PRESIDENT,2,Tabla 2 (Producción mes),"{""entidad"": ""Crudo"", ""medida"": ""delta_p50""}",,-13.536790124679
2026-03-16,REPORTE_PRESIDENT,2,Tabla 2 (Producción mes),"{""entidad"": ""Crudo"", ""medida"": ""compromiso""}",,516.713204239543
2026-03-16,REPORTE_PRESIDENT,2,Tabla 2 (Producción mes),"{""entidad"": ""Crudo"", ""medida"": ""delta_compromiso""}",,-13.536790124679
2026-03-16,REPORTE_PRESIDENT,2,Tabla 2 (Producción mes),"{""entidad"": ""Gas"", ""medida"": ""real_mes""}",,79.050280399883
2026-03-16,REPORTE_PRESIDENT,2,Tabla 2 (Producción mes),"{""entidad"": ""Gas"", ""medida"": ""proy_mes""}",,79.0028827451047
2026-03-16,REPORTE_PRESIDENT,2,Tabla 2 (Producción mes),"{""entidad"": ""Gas"", ""medida"": ""base_p50""}",,77.4634358912281
2026-03-16,REPORTE_PRESIDENT,2,Tabla 2 (Producción mes),"{""entidad"": ""Gas"", ""medida"": ""delta_p50""}",,1.53944685387661
2026-03-16,REPORTE_PRESIDENT,2,Tabla 2 (Producción mes),"{""entidad"": ""Gas"", ""medida"": ""compromiso""}",,77.4634358912281
2026-03-16,REPORTE_PRESIDENT,2,Tabla 2 (Producción mes),"{""entidad"": ""Gas"", ""medida"": ""delta_compromiso""}",,1.53944685387661
2026-03-16,REPORTE_PRESIDENT,2,Tabla 2 (Producción mes),"{""entidad"": ""Blancos"", ""medida"": ""real_mes""}",,14.5474682733333
2026-03-16,REPORTE_PRESIDENT,2,Tabla 2 (Producción mes),"{""entidad"": ""Blancos"", ""medida"": ""proy_mes""}",,14.6389029903226
2026-03-16,REPORTE_PRESIDENT,2,Tabla 2 (Producción mes),"{""entidad"": ""Blancos"", ""medida"": ""base_p50""}",,14.340728
2026-03-16,REPORTE_PRESIDENT,2,Tabla 2 (Producción mes),"{""entidad"": ""Blancos"", ""medida"": ""delta_p50""}",,0.298174990322574
2026-03-16,REPORTE_PRESIDENT,2,Tabla 2 (Producción mes),"{""entidad"": ""Blancos"", ""medida"": ""compromiso""}",,14.340728
2026-03-16,REPORTE_PRESIDENT,2,Tabla 2 (Producción mes),"{""entidad"": ""Blancos"", ""medida"": ""delta_compromiso""}",,0.298174990322574
2026-03-16,REPORTE_PRESIDENT,2,Tabla 2 (Producción mes),"{""entidad"": ""Ecopetrol"", ""medida"": ""real_mes""}",,594.184583590602
2026-03-16,REPORTE_PRESIDENT,2,Tabla 2 (Producción mes),"{""entidad"": ""Ecopetrol"", ""medida"": ""proy_mes""}",,596.818199850291
2026-03-16,REPORTE_PRESIDENT,2,Tabla 2 (Producción mes),"{""entidad"": ""Ecopetrol"", ""medida"": ""base_p50""}",,608.517368130771
2026-03-16,REPORTE_PRESIDENT,2,Tabla 2 (Producción mes),"{""entidad"": ""Ecopetrol"", ""medida"": ""delta_p50""}",,-11.6991682804799
2026-03-16,REPORTE_PRESIDENT,2,Tabla 2 (Producción mes),"{""entidad"": ""Ecopetrol"", ""medida"": ""compromiso""}",,608.517368130771
2026-03-16,REPORTE_PRESIDENT,2,Tabla 2 (Producción mes),"{""entidad"": ""Ecopetrol"", ""medida"": ""delta_compromiso""}",,-11.6991682804799
2026-03-16,REPORTE_PRESIDENT,2,Tabla 2 (Producción mes),"{""entidad"": ""Filiales"", ""medida"": ""real_mes""}",,134.353041233415
2026-03-16,REPORTE_PRESIDENT,2,Tabla 2 (Producción mes),"{""entidad"": ""Filiales"", ""medida"": ""proy_mes""}",,130.722639948682
2026-03-16,REPORTE_PRESIDENT,2,Tabla 2 (Producción mes),"{""entidad"": ""Filiales"", ""medida"": ""base_p50""}",,124.319138744245
2026-03-16,REPORTE_PRESIDENT,2,Tabla 2 (Producción mes),"{""entidad"": ""Filiales"", ""medida"": ""delta_p50""}",,6.40350120443718
2026-03-16,REPORTE_PRESIDENT,2,Tabla 2 (Producción mes),"{""entidad"": ""Filiales"", ""medida"": ""compromiso""}",,124.319138744245
2026-03-16,REPORTE_PRESIDENT,2,Tabla 2 (Producción mes),"{""entidad"": ""Filiales"", ""medida"": ""delta_compromiso""}",,6.40350120443718
2026-03-16,REPORTE_PRESIDENT,2,Tabla 2 (Producción mes),"{""entidad"": ""Upstream"", ""medida"": ""real_mes""}",,728.537624824017
2026-03-16,REPORTE_PRESIDENT,2,Tabla 2 (Producción mes),"{""entidad"": ""Upstream"", ""medida"": ""proy_mes""}",,727.540839798974
2026-03-16,REPORTE_PRESIDENT,2,Tabla 2 (Producción mes),"{""entidad"": ""Upstream"", ""medida"": ""base_p50""}",,732.836506875016
2026-03-16,REPORTE_PRESIDENT,2,Tabla 2 (Producción mes),"{""entidad"": ""Upstream"", ""medida"": ""delta_p50""}",,-5.29566707604272
2026-03-16,REPORTE_PRESIDENT,2,Tabla 2 (Producción mes),"{""entidad"": ""Upstream"", ""medida"": ""compromiso""}",,732.836506875016
2026-03-16,REPORTE_PRESIDENT,2,Tabla 2 (Producción mes),"{""entidad"": ""Upstream"", ""medida"": ""delta_compromiso""}",,-5.29566707604272
2026-03-17,REPORTE_PRESIDENT,1,Tabla 1 (Producción día),"{""entidad"": ""Crudo"", ""medida"": ""real_dia""}",,498.555172057317
2026-03-17,REPORTE_PRESIDENT,1,Tabla 1 (Producción día),"{""entidad"": ""Crudo"", ""medida"": ""programa_dia""}",,504.1189582
2026-03-17,REPORTE_PRESIDENT,1,Tabla 1 (Producción día),"{""entidad"": ""Crudo"", ""medida"": ""delta_dia""}",,-5.56378614268334
2026-03-17,REPORTE_PRESIDENT,1,Tabla 1 (Producción día),"{""entidad"": ""Gas"", ""medida"": ""real_dia""}",,76.3193041842105
2026-03-17,REPORTE_PRESIDENT,1,Tabla 1 (Producción día),"{""entidad"": ""Gas"", ""medida"": ""programa_dia""}",,78.905854
2026-03-17,REPORTE_PRESIDENT,1,Tabla 1 (Producción día),"{""entidad"": ""Gas"", ""medida"": ""delta_dia""}",,-2.58654981578948
2026-03-17,REPORTE_PRESIDENT,1,Tabla 1 (Producción día),"{""entidad"": ""Blancos"", ""medida"": ""real_dia""}",,15.4428369
2026-03-17,REPORTE_PRESIDENT,1,Tabla 1 (Producción día),"{""entidad"": ""Blancos"", ""medida"": ""programa_dia""}",,14.7447379
2026-03-17,REPORTE_PRESIDENT,1,Tabla 1 (Producción día),"{""entidad"": ""Blancos"", ""medida"": ""delta_dia""}",,0.698098999999997
2026-03-17,REPORTE_PRESIDENT,1,Tabla 1 (Producción día),"{""entidad"": ""Ecopetrol"", ""medida"": ""real_dia""}",,590.317313141527
2026-03-17,REPORTE_PRESIDENT,1,Tabla 1 (Producción día),"{""entidad"": ""Ecopetrol"", ""medida"": ""programa_dia""}",,597.7695501
2026-03-17,REPORTE_PRESIDENT,1,Tabla 1 (Producción día),"{""entidad"": ""Ecopetrol"", ""medida"": ""delta_dia""}",,-7.45223695847289
2026-03-17,REPORTE_PRESIDENT,1,Tabla 1 (Producción día),"{""entidad"": ""Filiales"", ""medida"": ""real_dia""}",,129.519219231617
2026-03-17,REPORTE_PRESIDENT,1,Tabla 1 (Producción día),"{""entidad"": ""Filiales"", ""medida"": ""programa_dia""}",,127.319138744245
2026-03-17,REPORTE_PRESIDENT,1,Tabla 1 (Producción día),"{""entidad"": ""Filiales"", ""medida"": ""delta_dia""}",,2.20008048737222
2026-03-17,REPORTE_PRESIDENT,1,Tabla 1 (Producción día),"{""entidad"": ""Upstream"", ""medida"": ""real_dia""}",,719.836532373144
2026-03-17,REPORTE_PRESIDENT,1,Tabla 1 (Producción día),"{""entidad"": ""Upstream"", ""medida"": ""programa_dia""}",,725.088688844245
2026-03-17,REPORTE_PRESIDENT,1,Tabla 1 (Producción día),"{""entidad"": ""Upstream"", ""medida"": ""delta_dia""}",,-5.25215647110065
2026-03-17,REPORTE_PRESIDENT,2,Tabla 2 (Producción mes),"{""entidad"": ""Crudo"", ""medida"": ""real_mes""}",,501.035775988632
2026-03-17,REPORTE_PRESIDENT,2,Tabla 2 (Producción mes),"{""entidad"": ""Crudo"", ""medida"": ""proy_mes""}",,503.294186174778
2026-03-17,REPORTE_PRESIDENT,2,Tabla 2 (Producción mes),"{""entidad"": ""Crudo"", ""medida"": ""base_p50""}",,516.713204239543
2026-03-17,REPORTE_PRESIDENT,2,Tabla 2 (Producción mes),"{""entidad"": ""Crudo"", ""medida"": ""delta_p50""}",,-13.4190180647657
2026-03-17,REPORTE_PRESIDENT,2,Tabla 2 (Producción mes),"{""entidad"": ""Crudo"", ""medida"": ""compromiso""}",,516.713204239543
2026-03-17,REPORTE_PRESIDENT,2,Tabla 2 (Producción mes),"{""entidad"": ""Crudo"", ""medida"": ""delta_compromiso""}",,-13.4190180647657
2026-03-17,REPORTE_PRESIDENT,2,Tabla 2 (Producción mes),"{""entidad"": ""Gas"", ""medida"": ""real_mes""}",,78.8795943864035
2026-03-17,REPORTE_PRESIDENT,2,Tabla 2 (Producción mes),"{""entidad"": ""Gas"", ""medida"": ""proy_mes""}",,78.9194456542728
2026-03-17,REPORTE_PRESIDENT,2,Tabla 2 (Producción mes),"{""entidad"": ""Gas"", ""medida"": ""base_p50""}",,77.4634358912281
2026-03-17,REPORTE_PRESIDENT,2,Tabla 2 (Producción mes),"{""entidad"": ""Gas"", ""medida"": ""delta_p50""}",,1.4560097630447
2026-03-17,REPORTE_PRESIDENT,2,Tabla 2 (Producción mes),"{""entidad"": ""Gas"", ""medida"": ""compromiso""}",,77.4634358912281
2026-03-17,REPORTE_PRESIDENT,2,Tabla 2 (Producción mes),"{""entidad"": ""Gas"", ""medida"": ""delta_compromiso""}",,1.4560097630447
2026-03-17,REPORTE_PRESIDENT,2,Tabla 2 (Producción mes),"{""entidad"": ""Blancos"", ""medida"": ""real_mes""}",,14.6034288125
2026-03-17,REPORTE_PRESIDENT,2,Tabla 2 (Producción mes),"{""entidad"": ""Blancos"", ""medida"": ""proy_mes""}",,14.6614223129032
2026-03-17,REPORTE_PRESIDENT,2,Tabla 2 (Producción mes),"{""entidad"": ""Blancos"", ""medida"": ""base_p50""}",,14.340728
2026-03-17,REPORTE_PRESIDENT,2,Tabla 2 (Producción mes),"{""entidad"": ""Blancos"", ""medida"": ""delta_p50""}",,0.320694312903218
2026-03-17,REPORTE_PRESIDENT,2,Tabla 2 (Producción mes),"{""entidad"": ""Blancos"", ""medida"": ""compromiso""}",,14.340728
2026-03-17,REPORTE_PRESIDENT,2,Tabla 2 (Producción mes),"{""entidad"": ""Blancos"", ""medida"": ""delta_compromiso""}",,0.320694312903218
2026-03-17,REPORTE_PRESIDENT,2,Tabla 2 (Producción mes),"{""entidad"": ""Ecopetrol"", ""medida"": ""real_mes""}",,594.518799187535
2026-03-17,REPORTE_PRESIDENT,2,Tabla 2 (Producción mes),"{""entidad"": ""Ecopetrol"", ""medida"": ""proy_mes""}",,596.875054141954
2026-03-17,REPORTE_PRESIDENT,2,Tabla 2 (Producción mes),"{""entidad"": ""Ecopetrol"", ""medida"": ""base_p50""}",,608.517368130771
2026-03-17,REPORTE_PRESIDENT,2,Tabla 2 (Producción mes),"{""entidad"": ""Ecopetrol"", ""medida"": ""delta_p50""}",,-11.6423139888177
2026-03-17,REPORTE_PRESIDENT,2,Tabla 2 (Producción mes),"{""entidad"": ""Ecopetrol"", ""medida"": ""compromiso""}",,608.517368130771
2026-03-17,REPORTE_PRESIDENT,2,Tabla 2 (Producción mes),"{""entidad"": ""Ecopetrol"", ""medida"": ""delta_compromiso""}",,-11.6423139888177
2026-03-17,REPORTE_PRESIDENT,2,Tabla 2 (Producción mes),"{""entidad"": ""Filiales"", ""medida"": ""real_mes""}",,133.947086602607
2026-03-17,REPORTE_PRESIDENT,2,Tabla 2 (Producción mes),"{""entidad"": ""Filiales"", ""medida"": ""proy_mes""}",,130.740015058238
2026-03-17,REPORTE_PRESIDENT,2,Tabla 2 (Producción mes),"{""entidad"": ""Filiales"", ""medida"": ""base_p50""}",,124.319138744245
2026-03-17,REPORTE_PRESIDENT,2,Tabla 2 (Producción mes),"{""entidad"": ""Filiales"", ""medida"": ""delta_p50""}",,6.4208763139933
2026-03-17,REPORTE_PRESIDENT,2,Tabla 2 (Producción mes),"{""entidad"": ""Filiales"", ""medida"": ""compromiso""}",,124.319138744245
2026-03-17,REPORTE_PRESIDENT,2,Tabla 2 (Producción mes),"{""entidad"": ""Filiales"", ""medida"": ""delta_compromiso""}",,6.4208763139933
2026-03-17,REPORTE_PRESIDENT,2,Tabla 2 (Producción mes),"{""entidad"": ""Upstream"", ""medida"": ""real_mes""}",,728.465885790142
2026-03-17,REPORTE_PRESIDENT,2,Tabla 2 (Producción mes),"{""entidad"": ""Upstream"", ""medida"": ""proy_mes""}",,727.615069200192
2026-03-17,REPORTE_PRESIDENT,2,Tabla 2 (Producción mes),"{""entidad"": ""Upstream"", ""medida"": ""base_p50""}",,732.836506875016
2026-03-17,REPORTE_PRESIDENT,2,Tabla 2 (Producción mes),"{""entidad"": ""Upstream"", ""medida"": ""delta_p50""}",,-5.22143767482441
2026-03-17,REPORTE_PRESIDENT,2,Tabla 2 (Producción mes),"{""entidad"": ""Upstream"", ""medida"": ""compromiso""}",,732.836506875016
2026-03-17,REPORTE_PRESIDENT,2,Tabla 2 (Producción mes),"{""entidad"": ""Upstream"", ""medida"": ""delta_compromiso""}",,-5.22143767482441
2026-03-18,REPORTE_PRESIDENT,1,Tabla 1 (Producción día),"{""entidad"": ""Crudo"", ""medida"": ""real_dia""}",,495.04264980712
2026-03-18,REPORTE_PRESIDENT,1,Tabla 1 (Producción día),"{""entidad"": ""Crudo"", ""medida"": ""programa_dia""}",,502.8141054
2026-03-18,REPORTE_PRESIDENT,1,Tabla 1 (Producción día),"{""entidad"": ""Crudo"", ""medida"": ""delta_dia""}",,-7.77145559287999
2026-03-18,REPORTE_PRESIDENT,1,Tabla 1 (Producción día),"{""entidad"": ""Gas"", ""medida"": ""real_dia""}",,75.2445727279605
2026-03-18,REPORTE_PRESIDENT,1,Tabla 1 (Producción día),"{""entidad"": ""Gas"", ""medida"": ""programa_dia""}",,78.997127
2026-03-18,REPORTE_PRESIDENT,1,Tabla 1 (Producción día),"{""entidad"": ""Gas"", ""medida"": ""delta_dia""}",,-3.75255427203946
2026-03-18,REPORTE_PRESIDENT,1,Tabla 1 (Producción día),"{""entidad"": ""Blancos"", ""medida"": ""real_dia""}",,13.194971
2026-03-18,REPORTE_PRESIDENT,1,Tabla 1 (Producción día),"{""entidad"": ""Blancos"", ""medida"": ""programa_dia""}",,14.741384
2026-03-18,REPORTE_PRESIDENT,1,Tabla 1 (Producción día),"{""entidad"": ""Blancos"", ""medida"": ""delta_dia""}",,-1.546413
2026-03-18,REPORTE_PRESIDENT,1,Tabla 1 (Producción día),"{""entidad"": ""Ecopetrol"", ""medida"": ""real_dia""}",,583.482193535081
2026-03-18,REPORTE_PRESIDENT,1,Tabla 1 (Producción día),"{""entidad"": ""Ecopetrol"", ""medida"": ""programa_dia""}",,596.5526164
2026-03-18,REPORTE_PRESIDENT,1,Tabla 1 (Producción día),"{""entidad"": ""Ecopetrol"", ""medida"": ""delta_dia""}",,-13.0704228649195
2026-03-18,REPORTE_PRESIDENT,1,Tabla 1 (Producción día),"{""entidad"": ""Filiales"", ""medida"": ""real_dia""}",,129.596527731617
2026-03-18,REPORTE_PRESIDENT,1,Tabla 1 (Producción día),"{""entidad"": ""Filiales"", ""medida"": ""programa_dia""}",,127.319138744245
2026-03-18,REPORTE_PRESIDENT,1,Tabla 1 (Producción día),"{""entidad"": ""Filiales"", ""medida"": ""delta_dia""}",,2.27738898737221
2026-03-18,REPORTE_PRESIDENT,1,Tabla 1 (Producción día),"{""entidad"": ""Upstream"", ""medida"": ""real_dia""}",,713.078721266698
2026-03-18,REPORTE_PRESIDENT,1,Tabla 1 (Producción día),"{""entidad"": ""Upstream"", ""medida"": ""programa_dia""}",,723.871755144245
2026-03-18,REPORTE_PRESIDENT,1,Tabla 1 (Producción día),"{""entidad"": ""Upstream"", ""medida"": ""delta_dia""}",,-10.7930338775473
2026-03-18,REPORTE_PRESIDENT,2,Tabla 2 (Producción mes),"{""entidad"": ""Crudo"", ""medida"": ""real_mes""}",,500.680498093774
2026-03-18,REPORTE_PRESIDENT,2,Tabla 2 (Producción mes),"{""entidad"": ""Crudo"", ""medida"": ""proy_mes""}",,503.041990896586
2026-03-18,REPORTE_PRESIDENT,2,Tabla 2 (Producción mes),"{""entidad"": ""Crudo"", ""medida"": ""base_p50""}",,516.713204239543
2026-03-18,REPORTE_PRESIDENT,2,Tabla 2 (Producción mes),"{""entidad"": ""Crudo"", ""medida"": ""delta_p50""}",,-13.6712133429574
2026-03-18,REPORTE_PRESIDENT,2,Tabla 2 (Producción mes),"{""entidad"": ""Crudo"", ""medida"": ""compromiso""}",,516.713204239543
2026-03-18,REPORTE_PRESIDENT,2,Tabla 2 (Producción mes),"{""entidad"": ""Crudo"", ""medida"": ""delta_compromiso""}",,-13.6712133429574
2026-03-18,REPORTE_PRESIDENT,2,Tabla 2 (Producción mes),"{""entidad"": ""Gas"", ""medida"": ""real_mes""}",,78.6657695829657
2026-03-18,REPORTE_PRESIDENT,2,Tabla 2 (Producción mes),"{""entidad"": ""Gas"", ""medida"": ""proy_mes""}",,78.798395516465
2026-03-18,REPORTE_PRESIDENT,2,Tabla 2 (Producción mes),"{""entidad"": ""Gas"", ""medida"": ""base_p50""}",,77.4634358912281
2026-03-18,REPORTE_PRESIDENT,2,Tabla 2 (Producción mes),"{""entidad"": ""Gas"", ""medida"": ""delta_p50""}",,1.33495962523696
2026-03-18,REPORTE_PRESIDENT,2,Tabla 2 (Producción mes),"{""entidad"": ""Gas"", ""medida"": ""compromiso""}",,77.4634358912281
2026-03-18,REPORTE_PRESIDENT,2,Tabla 2 (Producción mes),"{""entidad"": ""Gas"", ""medida"": ""delta_compromiso""}",,1.33495962523696
2026-03-18,REPORTE_PRESIDENT,2,Tabla 2 (Producción mes),"{""entidad"": ""Blancos"", ""medida"": ""real_mes""}",,14.5205783529412
2026-03-18,REPORTE_PRESIDENT,2,Tabla 2 (Producción mes),"{""entidad"": ""Blancos"", ""medida"": ""proy_mes""}",,14.6115380225806
2026-03-18,REPORTE_PRESIDENT,2,Tabla 2 (Producción mes),"{""entidad"": ""Blancos"", ""medida"": ""base_p50""}",,14.340728
2026-03-18,REPORTE_PRESIDENT,2,Tabla 2 (Producción mes),"{""entidad"": ""Blancos"", ""medida"": ""delta_p50""}",,0.270810022580639
2026-03-18,REPORTE_PRESIDENT,2,Tabla 2 (Producción mes),"{""entidad"": ""Blancos"", ""medida"": ""compromiso""}",,14.340728
2026-03-18,REPORTE_PRESIDENT,2,Tabla 2 (Producción mes),"{""entidad"": ""Blancos"", ""medida"": ""delta_compromiso""}",,0.270810022580639
2026-03-18,REPORTE_PRESIDENT,2,Tabla 2 (Producción mes),"{""entidad"": ""Ecopetrol"", ""medida"": ""real_mes""}",,593.866846029681
2026-03-18,REPORTE_PRESIDENT,2,Tabla 2 (Producción mes),"{""entidad"": ""Ecopetrol"", ""medida"": ""proy_mes""}",,596.451924435631
2026-03-18,REPORTE_PRESIDENT,2,Tabla 2 (Producción mes),"{""entidad"": ""Ecopetrol"", ""medida"": ""base_p50""}",,608.517368130771
2026-03-18,REPORTE_PRESIDENT,2,Tabla 2 (Producción mes),"{""entidad"": ""Ecopetrol"", ""medida"": ""delta_p50""}",,-12.0654436951398
2026-03-18,REPORTE_PRESIDENT,2,Tabla 2 (Producción mes),"{""entidad"": ""Ecopetrol"", ""medida"": ""compromiso""}",,608.517368130771
2026-03-18,REPORTE_PRESIDENT,2,Tabla 2 (Producción mes),"{""entidad"": ""Ecopetrol"", ""medida"": ""delta_compromiso""}",,-12.0654436951398
2026-03-18,REPORTE_PRESIDENT,2,Tabla 2 (Producción mes),"{""entidad"": ""Filiales"", ""medida"": ""real_mes""}",,133.683289021961
2026-03-18,REPORTE_PRESIDENT,2,Tabla 2 (Producción mes),"{""entidad"": ""Filiales"", ""medida"": ""proy_mes""}",,130.809156638476
2026-03-18,REPORTE_PRESIDENT,2,Tabla 2 (Producción mes),"{""entidad"": ""Filiales"", ""medida"": ""base_p50""}",,124.319138744245
2026-03-18,REPORTE_PRESIDENT,2,Tabla 2 (Producción mes),"{""entidad"": ""Filiales"", ""medida"": ""delta_p50""}",,6.49001789423112
2026-03-18,REPORTE_PRESIDENT,2,Tabla 2 (Producción mes),"{""entidad"": ""Filiales"", ""medida"": ""compromiso""}",,124.319138744245
2026-03-18,REPORTE_PRESIDENT,2,Tabla 2 (Producción mes),"{""entidad"": ""Filiales"", ""medida"": ""delta_compromiso""}",,6.49001789423112
2026-03-18,REPORTE_PRESIDENT,2,Tabla 2 (Producción mes),"{""entidad"": ""Upstream"", ""medida"": ""real_mes""}",,727.550135051641
2026-03-18,REPORTE_PRESIDENT,2,Tabla 2 (Producción mes),"{""entidad"": ""Upstream"", ""medida"": ""proy_mes""}",,727.261081074108
2026-03-18,REPORTE_PRESIDENT,2,Tabla 2 (Producción mes),"{""entidad"": ""Upstream"", ""medida"": ""base_p50""}",,732.836506875016
2026-03-18,REPORTE_PRESIDENT,2,Tabla 2 (Producción mes),"{""entidad"": ""Upstream"", ""medida"": ""delta_p50""}",,-5.57542580090876
2026-03-18,REPORTE_PRESIDENT,2,Tabla 2 (Producción mes),"{""entidad"": ""Upstream"", ""medida"": ""compromiso""}",,732.836506875016
2026-03-18,REPORTE_PRESIDENT,2,Tabla 2 (Producción mes),"{""entidad"": ""Upstream"", ""medida"": ""delta_compromiso""}",,-5.57542580090876
2026-03-19,REPORTE_PRESIDENT,1,Tabla 1 (Producción día),"{""entidad"": ""Crudo"", ""medida"": ""programa_dia""}",,502.495508
2026-03-19,REPORTE_PRESIDENT,1,Tabla 1 (Producción día),"{""entidad"": ""Gas"", ""medida"": ""programa_dia""}",,78.9999944
2026-03-19,REPORTE_PRESIDENT,1,Tabla 1 (Producción día),"{""entidad"": ""Blancos"", ""medida"": ""programa_dia""}",,14.7410447
2026-03-19,REPORTE_PRESIDENT,1,Tabla 1 (Producción día),"{""entidad"": ""Ecopetrol"", ""medida"": ""programa_dia""}",,596.2365471
2026-03-19,REPORTE_PRESIDENT,1,Tabla 1 (Producción día),"{""entidad"": ""Filiales"", ""medida"": ""real_dia""}",,130.701185631617
2026-03-19,REPORTE_PRESIDENT,1,Tabla 1 (Producción día),"{""entidad"": ""Filiales"", ""medida"": ""programa_dia""}",,127.319138744245
2026-03-19,REPORTE_PRESIDENT,1,Tabla 1 (Producción día),"{""entidad"": ""Filiales"", ""medida"": ""delta_dia""}",,3.38204688737221
2026-03-19,REPORTE_PRESIDENT,1,Tabla 1 (Producción día),"{""entidad"": ""Upstream"", ""medida"": ""programa_dia""}",,723.555685844245
2026-03-19,REPORTE_PRESIDENT,2,Tabla 2 (Producción mes),"{""entidad"": ""Crudo"", ""medida"": ""real_mes""}",,500.713800131398
2026-03-19,REPORTE_PRESIDENT,2,Tabla 2 (Producción mes),"{""entidad"": ""Crudo"", ""medida"": ""proy_mes""}",,503.103462715005
2026-03-19,REPORTE_PRESIDENT,2,Tabla 2 (Producción mes),"{""entidad"": ""Crudo"", ""medida"": ""base_p50""}",,516.713204239543
2026-03-19,REPORTE_PRESIDENT,2,Tabla 2 (Producción mes),"{""entidad"": ""Crudo"", ""medida"": ""delta_p50""}",,-13.6097415245382
2026-03-19,REPORTE_PRESIDENT,2,Tabla 2 (Producción mes),"{""entidad"": ""Crudo"", ""medida"": ""compromiso""}",,516.713204239543
2026-03-19,REPORTE_PRESIDENT,2,Tabla 2 (Producción mes),"{""entidad"": ""Crudo"", ""medida"": ""delta_compromiso""}",,-13.6097415245382
2026-03-19,REPORTE_PRESIDENT,2,Tabla 2 (Producción mes),"{""entidad"": ""Gas"", ""medida"": ""real_mes""}",,78.4280039933666
2026-03-19,REPORTE_PRESIDENT,2,Tabla 2 (Producción mes),"{""entidad"": ""Gas"", ""medida"": ""proy_mes""}",,78.6498056800193
2026-03-19,REPORTE_PRESIDENT,2,Tabla 2 (Producción mes),"{""entidad"": ""Gas"", ""medida"": ""base_p50""}",,77.4634358912281
2026-03-19,REPORTE_PRESIDENT,2,Tabla 2 (Producción mes),"{""entidad"": ""Gas"", ""medida"": ""delta_p50""}",,1.18636978879123
2026-03-19,REPORTE_PRESIDENT,2,Tabla 2 (Producción mes),"{""entidad"": ""Gas"", ""medida"": ""compromiso""}",,77.4634358912281
2026-03-19,REPORTE_PRESIDENT,2,Tabla 2 (Producción mes),"{""entidad"": ""Gas"", ""medida"": ""delta_compromiso""}",,1.18636978879123
2026-03-19,REPORTE_PRESIDENT,2,Tabla 2 (Producción mes),"{""entidad"": ""Blancos"", ""medida"": ""real_mes""}",,14.5110671111111
2026-03-19,REPORTE_PRESIDENT,2,Tabla 2 (Producción mes),"{""entidad"": ""Blancos"", ""medida"": ""proy_mes""}",,14.5988162645161
2026-03-19,REPORTE_PRESIDENT,2,Tabla 2 (Producción mes),"{""entidad"": ""Blancos"", ""medida"": ""base_p50""}",,14.340728
2026-03-19,REPORTE_PRESIDENT,2,Tabla 2 (Producción mes),"{""entidad"": ""Blancos"", ""medida"": ""delta_p50""}",,0.258088264516124
2026-03-19,REPORTE_PRESIDENT,2,Tabla 2 (Producción mes),"{""entidad"": ""Blancos"", ""medida"": ""compromiso""}",,14.340728
2026-03-19,REPORTE_PRESIDENT,2,Tabla 2 (Producción mes),"{""entidad"": ""Blancos"", ""medida"": ""delta_compromiso""}",,0.258088264516124
2026-03-19,REPORTE_PRESIDENT,2,Tabla 2 (Producción mes),"{""entidad"": ""Ecopetrol"", ""medida"": ""real_mes""}",,593.652871235875
2026-03-19,REPORTE_PRESIDENT,2,Tabla 2 (Producción mes),"{""entidad"": ""Ecopetrol"", ""medida"": ""proy_mes""}",,596.35208465954
2026-03-19,REPORTE_PRESIDENT,2,Tabla 2 (Producción mes),"{""entidad"": ""Ecopetrol"", ""medida"": ""base_p50""}",,608.517368130771
2026-03-19,REPORTE_PRESIDENT,2,Tabla 2 (Producción mes),"{""entidad"": ""Ecopetrol"", ""medida"": ""delta_p50""}",,-12.1652834712309
2026-03-19,REPORTE_PRESIDENT,2,Tabla 2 (Producción mes),"{""entidad"": ""Ecopetrol"", ""medida"": ""compromiso""}",,608.517368130771
2026-03-19,REPORTE_PRESIDENT,2,Tabla 2 (Producción mes),"{""entidad"": ""Ecopetrol"", ""medida"": ""delta_compromiso""}",,-12.1652834712309
2026-03-19,REPORTE_PRESIDENT,2,Tabla 2 (Producción mes),"{""entidad"": ""Filiales"", ""medida"": ""real_mes""}",,133.360330770345
2026-03-19,REPORTE_PRESIDENT,2,Tabla 2 (Producción mes),"{""entidad"": ""Filiales"", ""medida"": ""proy_mes""}",,131.021804824758
2026-03-19,REPORTE_PRESIDENT,2,Tabla 2 (Producción mes),"{""entidad"": ""Filiales"", ""medida"": ""base_p50""}",,124.319138744245
2026-03-19,REPORTE_PRESIDENT,2,Tabla 2 (Producción mes),"{""entidad"": ""Filiales"", ""medida"": ""delta_p50""}",,6.7026660805132
2026-03-19,REPORTE_PRESIDENT,2,Tabla 2 (Producción mes),"{""entidad"": ""Filiales"", ""medida"": ""compromiso""}",,124.319138744245
2026-03-19,REPORTE_PRESIDENT,2,Tabla 2 (Producción mes),"{""entidad"": ""Filiales"", ""medida"": ""delta_compromiso""}",,6.7026660805132
2026-03-19,REPORTE_PRESIDENT,2,Tabla 2 (Producción mes),"{""entidad"": ""Upstream"", ""medida"": ""real_mes""}",,727.013202006221
2026-03-19,REPORTE_PRESIDENT,2,Tabla 2 (Producción mes),"{""entidad"": ""Upstream"", ""medida"": ""proy_mes""}",,727.373889484299
2026-03-19,REPORTE_PRESIDENT,2,Tabla 2 (Producción mes),"{""entidad"": ""Upstream"", ""medida"": ""base_p50""}",,732.836506875016
2026-03-19,REPORTE_PRESIDENT,2,Tabla 2 (Producción mes),"{""entidad"": ""Upstream"", ""medida"": ""delta_p50""}",,-5.4626173907177
2026-03-19,REPORTE_PRESIDENT,2,Tabla 2 (Producción mes),"{""entidad"": ""Upstream"", ""medida"": ""compromiso""}",,732.836506875016
2026-03-19,REPORTE_PRESIDENT,2,Tabla 2 (Producción mes),"{""entidad"": ""Upstream"", ""medida"": ""delta_compromiso""}",,-5.4626173907177
2026-03-20,REPORTE_PRESIDENT,1,Tabla 1 (Producción día),"{""entidad"": ""Crudo"", ""medida"": ""real_dia""}",,506.26531742585
2026-03-20,REPORTE_PRESIDENT,1,Tabla 1 (Producción día),"{""entidad"": ""Crudo"", ""medida"": ""programa_dia""}",,502.495508
2026-03-20,REPORTE_PRESIDENT,1,Tabla 1 (Producción día),"{""entidad"": ""Crudo"", ""medida"": ""delta_dia""}",,3.76980942584999
2026-03-20,REPORTE_PRESIDENT,1,Tabla 1 (Producción día),"{""entidad"": ""Gas"", ""medida"": ""real_dia""}",,76.0693719526316
2026-03-20,REPORTE_PRESIDENT,1,Tabla 1 (Producción día),"{""entidad"": ""Gas"", ""medida"": ""programa_dia""}",,78.9999944
2026-03-20,REPORTE_PRESIDENT,1,Tabla 1 (Producción día),"{""entidad"": ""Gas"", ""medida"": ""delta_dia""}",,-2.93062244736841
2026-03-20,REPORTE_PRESIDENT,1,Tabla 1 (Producción día),"{""entidad"": ""Blancos"", ""medida"": ""real_dia""}",,14.177853
2026-03-20,REPORTE_PRESIDENT,1,Tabla 1 (Producción día),"{""entidad"": ""Blancos"", ""medida"": ""programa_dia""}",,14.7410447
2026-03-20,REPORTE_PRESIDENT,1,Tabla 1 (Producción día),"{""entidad"": ""Blancos"", ""medida"": ""delta_dia""}",,-0.563191700000001
2026-03-20,REPORTE_PRESIDENT,1,Tabla 1 (Producción día),"{""entidad"": ""Ecopetrol"", ""medida"": ""real_dia""}",,596.512542378481
2026-03-20,REPORTE_PRESIDENT,1,Tabla 1 (Producción día),"{""entidad"": ""Ecopetrol"", ""medida"": ""programa_dia""}",,596.2365471
2026-03-20,REPORTE_PRESIDENT,1,Tabla 1 (Producción día),"{""entidad"": ""Ecopetrol"", ""medida"": ""delta_dia""}",,0.275995278481673
2026-03-20,REPORTE_PRESIDENT,1,Tabla 1 (Producción día),"{""entidad"": ""Filiales"", ""medida"": ""real_dia""}",,131.186860131617
2026-03-20,REPORTE_PRESIDENT,1,Tabla 1 (Producción día),"{""entidad"": ""Filiales"", ""medida"": ""programa_dia""}",,127.319138744245
2026-03-20,REPORTE_PRESIDENT,1,Tabla 1 (Producción día),"{""entidad"": ""Filiales"", ""medida"": ""delta_dia""}",,3.8677213873722
2026-03-20,REPORTE_PRESIDENT,1,Tabla 1 (Producción día),"{""entidad"": ""Upstream"", ""medida"": ""real_dia""}",,727.699402510099
2026-03-20,REPORTE_PRESIDENT,1,Tabla 1 (Producción día),"{""entidad"": ""Upstream"", ""medida"": ""programa_dia""}",,723.555685844245
2026-03-20,REPORTE_PRESIDENT,1,Tabla 1 (Producción día),"{""entidad"": ""Upstream"", ""medida"": ""delta_dia""}",,4.14371666585384
2026-03-20,REPORTE_PRESIDENT,2,Tabla 2 (Producción mes),"{""entidad"": ""Crudo"", ""medida"": ""real_mes""}",,501.009555455698
2026-03-20,REPORTE_PRESIDENT,2,Tabla 2 (Producción mes),"{""entidad"": ""Crudo"", ""medida"": ""proy_mes""}",,503.227257659944
2026-03-20,REPORTE_PRESIDENT,2,Tabla 2 (Producción mes),"{""entidad"": ""Crudo"", ""medida"": ""base_p50""}",,516.713204239543
2026-03-20,REPORTE_PRESIDENT,2,Tabla 2 (Producción mes),"{""entidad"": ""Crudo"", ""medida"": ""delta_p50""}",,-13.4859465795991
2026-03-20,REPORTE_PRESIDENT,2,Tabla 2 (Producción mes),"{""entidad"": ""Crudo"", ""medida"": ""compromiso""}",,516.713204239543
2026-03-20,REPORTE_PRESIDENT,2,Tabla 2 (Producción mes),"{""entidad"": ""Crudo"", ""medida"": ""delta_compromiso""}",,-13.4859465795991
2026-03-20,REPORTE_PRESIDENT,2,Tabla 2 (Producción mes),"{""entidad"": ""Gas"", ""medida"": ""real_mes""}",,78.3045190786704
2026-03-20,REPORTE_PRESIDENT,2,Tabla 2 (Producción mes),"{""entidad"": ""Gas"", ""medida"": ""proy_mes""}",,78.5556700740238
2026-03-20,REPORTE_PRESIDENT,2,Tabla 2 (Producción mes),"{""entidad"": ""Gas"", ""medida"": ""base_p50""}",,77.4634358912281
2026-03-20,REPORTE_PRESIDENT,2,Tabla 2 (Producción mes),"{""entidad"": ""Gas"", ""medida"": ""delta_p50""}",,1.09223418279571
2026-03-20,REPORTE_PRESIDENT,2,Tabla 2 (Producción mes),"{""entidad"": ""Gas"", ""medida"": ""compromiso""}",,77.4634358912281
2026-03-20,REPORTE_PRESIDENT,2,Tabla 2 (Producción mes),"{""entidad"": ""Gas"", ""medida"": ""delta_compromiso""}",,1.09223418279571
2026-03-20,REPORTE_PRESIDENT,2,Tabla 2 (Producción mes),"{""entidad"": ""Blancos"", ""medida"": ""real_mes""}",,14.493848
2026-03-20,REPORTE_PRESIDENT,2,Tabla 2 (Producción mes),"{""entidad"": ""Blancos"", ""medida"": ""proy_mes""}",,14.580843983871
2026-03-20,REPORTE_PRESIDENT,2,Tabla 2 (Producción mes),"{""entidad"": ""Blancos"", ""medida"": ""base_p50""}",,14.340728
2026-03-20,REPORTE_PRESIDENT,2,Tabla 2 (Producción mes),"{""entidad"": ""Blancos"", ""medida"": ""delta_p50""}",,0.240115983870961
2026-03-20,REPORTE_PRESIDENT,2,Tabla 2 (Producción mes),"{""entidad"": ""Blancos"", ""medida"": ""compromiso""}",,14.340728
2026-03-20,REPORTE_PRESIDENT,2,Tabla 2 (Producción mes),"{""entidad"": ""Blancos"", ""medida"": ""delta_compromiso""}",,0.240115983870961
2026-03-20,REPORTE_PRESIDENT,2,Tabla 2 (Producción mes),"{""entidad"": ""Ecopetrol"", ""medida"": ""real_mes""}",,593.807922534369
2026-03-20,REPORTE_PRESIDENT,2,Tabla 2 (Producción mes),"{""entidad"": ""Ecopetrol"", ""medida"": ""proy_mes""}",,596.363771717839
2026-03-20,REPORTE_PRESIDENT,2,Tabla 2 (Producción mes),"{""entidad"": ""Ecopetrol"", ""medida"": ""base_p50""}",,608.517368130771
2026-03-20,REPORTE_PRESIDENT,2,Tabla 2 (Producción mes),"{""entidad"": ""Ecopetrol"", ""medida"": ""delta_p50""}",,-12.1535964129324
2026-03-20,REPORTE_PRESIDENT,2,Tabla 2 (Producción mes),"{""entidad"": ""Ecopetrol"", ""medida"": ""compromiso""}",,608.517368130771
2026-03-20,REPORTE_PRESIDENT,2,Tabla 2 (Producción mes),"{""entidad"": ""Ecopetrol"", ""medida"": ""delta_compromiso""}",,-12.1535964129324
2026-03-20,REPORTE_PRESIDENT,2,Tabla 2 (Producción mes),"{""entidad"": ""Filiales"", ""medida"": ""real_mes""}",,133.33452742824
2026-03-20,REPORTE_PRESIDENT,2,Tabla 2 (Producción mes),"{""entidad"": ""Filiales"", ""medida"": ""proy_mes""}",,131.005989873145
2026-03-20,REPORTE_PRESIDENT,2,Tabla 2 (Producción mes),"{""entidad"": ""Filiales"", ""medida"": ""base_p50""}",,124.319138744245
2026-03-20,REPORTE_PRESIDENT,2,Tabla 2 (Producción mes),"{""entidad"": ""Filiales"", ""medida"": ""delta_p50""}",,6.6868511289003
2026-03-20,REPORTE_PRESIDENT,2,Tabla 2 (Producción mes),"{""entidad"": ""Filiales"", ""medida"": ""compromiso""}",,124.319138744245
2026-03-20,REPORTE_PRESIDENT,2,Tabla 2 (Producción mes),"{""entidad"": ""Filiales"", ""medida"": ""delta_compromiso""}",,6.6868511289003
2026-03-20,REPORTE_PRESIDENT,2,Tabla 2 (Producción mes),"{""entidad"": ""Upstream"", ""medida"": ""real_mes""}",,727.142449962609
2026-03-20,REPORTE_PRESIDENT,2,Tabla 2 (Producción mes),"{""entidad"": ""Upstream"", ""medida"": ""proy_mes""}",,727.369761590984
2026-03-20,REPORTE_PRESIDENT,2,Tabla 2 (Producción mes),"{""entidad"": ""Upstream"", ""medida"": ""base_p50""}",,732.836506875016
2026-03-20,REPORTE_PRESIDENT,2,Tabla 2 (Producción mes),"{""entidad"": ""Upstream"", ""medida"": ""delta_p50""}",,-5.46674528403219
2026-03-20,REPORTE_PRESIDENT,2,Tabla 2 (Producción mes),"{""entidad"": ""Upstream"", ""medida"": ""compromiso""}",,732.836506875016
2026-03-20,REPORTE_PRESIDENT,2,Tabla 2 (Producción mes),"{""entidad"": ""Upstream"", ""medida"": ""delta_compromiso""}",,-5.46674528403219
2026-03-21,REPORTE_PRESIDENT,1,Tabla 1 (Producción día),"{""entidad"": ""Crudo"", ""medida"": ""real_dia""}",,488.74851971373
2026-03-21,REPORTE_PRESIDENT,1,Tabla 1 (Producción día),"{""entidad"": ""Crudo"", ""medida"": ""programa_dia""}",,485.9006742
2026-03-21,REPORTE_PRESIDENT,1,Tabla 1 (Producción día),"{""entidad"": ""Crudo"", ""medida"": ""delta_dia""}",,2.84784551372991
2026-03-21,REPORTE_PRESIDENT,1,Tabla 1 (Producción día),"{""entidad"": ""Gas"", ""medida"": ""real_dia""}",,79.843526
2026-03-21,REPORTE_PRESIDENT,1,Tabla 1 (Producción día),"{""entidad"": ""Gas"", ""medida"": ""programa_dia""}",,75.0170317
2026-03-21,REPORTE_PRESIDENT,1,Tabla 1 (Producción día),"{""entidad"": ""Gas"", ""medida"": ""delta_dia""}",,4.82649430000004
2026-03-21,REPORTE_PRESIDENT,1,Tabla 1 (Producción día),"{""entidad"": ""Blancos"", ""medida"": ""real_dia""}",,15.6570991
2026-03-21,REPORTE_PRESIDENT,1,Tabla 1 (Producción día),"{""entidad"": ""Blancos"", ""medida"": ""programa_dia""}",,14.173724
2026-03-21,REPORTE_PRESIDENT,1,Tabla 1 (Producción día),"{""entidad"": ""Blancos"", ""medida"": ""delta_dia""}",,1.4833751
2026-03-21,REPORTE_PRESIDENT,1,Tabla 1 (Producción día),"{""entidad"": ""Ecopetrol"", ""medida"": ""real_dia""}",,584.24914481373
2026-03-21,REPORTE_PRESIDENT,1,Tabla 1 (Producción día),"{""entidad"": ""Ecopetrol"", ""medida"": ""programa_dia""}",,575.0914299
2026-03-21,REPORTE_PRESIDENT,1,Tabla 1 (Producción día),"{""entidad"": ""Ecopetrol"", ""medida"": ""delta_dia""}",,9.15771491372993
2026-03-21,REPORTE_PRESIDENT,1,Tabla 1 (Producción día),"{""entidad"": ""Filiales"", ""medida"": ""real_dia""}",,131.304040231617
2026-03-21,REPORTE_PRESIDENT,1,Tabla 1 (Producción día),"{""entidad"": ""Filiales"", ""medida"": ""programa_dia""}",,127.319138744245
2026-03-21,REPORTE_PRESIDENT,1,Tabla 1 (Producción día),"{""entidad"": ""Filiales"", ""medida"": ""delta_dia""}",,3.98490148737221
2026-03-21,REPORTE_PRESIDENT,1,Tabla 1 (Producción día),"{""entidad"": ""Upstream"", ""medida"": ""real_dia""}",,715.553185045347
2026-03-21,REPORTE_PRESIDENT,1,Tabla 1 (Producción día),"{""entidad"": ""Upstream"", ""medida"": ""programa_dia""}",,702.410568644245
2026-03-21,REPORTE_PRESIDENT,1,Tabla 1 (Producción día),"{""entidad"": ""Upstream"", ""medida"": ""delta_dia""}",,13.1426164011021
2026-03-21,REPORTE_PRESIDENT,2,Tabla 2 (Producción mes),"{""entidad"": ""Crudo"", ""medida"": ""real_mes""}",,500.396501428453
2026-03-21,REPORTE_PRESIDENT,2,Tabla 2 (Producción mes),"{""entidad"": ""Crudo"", ""medida"": ""proy_mes""}",,501.97463109255
2026-03-21,REPORTE_PRESIDENT,2,Tabla 2 (Producción mes),"{""entidad"": ""Crudo"", ""medida"": ""base_p50""}",,516.713204239543
2026-03-21,REPORTE_PRESIDENT,2,Tabla 2 (Producción mes),"{""entidad"": ""Crudo"", ""medida"": ""delta_p50""}",,-14.738573146993
2026-03-21,REPORTE_PRESIDENT,2,Tabla 2 (Producción mes),"{""entidad"": ""Crudo"", ""medida"": ""compromiso""}",,516.713204239543
2026-03-21,REPORTE_PRESIDENT,2,Tabla 2 (Producción mes),"{""entidad"": ""Crudo"", ""medida"": ""delta_compromiso""}",,-14.738573146993
2026-03-21,REPORTE_PRESIDENT,2,Tabla 2 (Producción mes),"{""entidad"": ""Gas"", ""medida"": ""real_mes""}",,78.3814694247368
2026-03-21,REPORTE_PRESIDENT,2,Tabla 2 (Producción mes),"{""entidad"": ""Gas"", ""medida"": ""proy_mes""}",,78.3124304772495
2026-03-21,REPORTE_PRESIDENT,2,Tabla 2 (Producción mes),"{""entidad"": ""Gas"", ""medida"": ""base_p50""}",,77.4634358912281
2026-03-21,REPORTE_PRESIDENT,2,Tabla 2 (Producción mes),"{""entidad"": ""Gas"", ""medida"": ""delta_p50""}",,0.848994586021476
2026-03-21,REPORTE_PRESIDENT,2,Tabla 2 (Producción mes),"{""entidad"": ""Gas"", ""medida"": ""compromiso""}",,77.4634358912281
2026-03-21,REPORTE_PRESIDENT,2,Tabla 2 (Producción mes),"{""entidad"": ""Gas"", ""medida"": ""delta_compromiso""}",,0.848994586021476
2026-03-21,REPORTE_PRESIDENT,2,Tabla 2 (Producción mes),"{""entidad"": ""Blancos"", ""medida"": ""real_mes""}",,14.552010555
2026-03-21,REPORTE_PRESIDENT,2,Tabla 2 (Producción mes),"{""entidad"": ""Blancos"", ""medida"": ""proy_mes""}",,14.4040740709677
2026-03-21,REPORTE_PRESIDENT,2,Tabla 2 (Producción mes),"{""entidad"": ""Blancos"", ""medida"": ""base_p50""}",,14.340728
2026-03-21,REPORTE_PRESIDENT,2,Tabla 2 (Producción mes),"{""entidad"": ""Blancos"", ""medida"": ""delta_p50""}",,0.0633460709677447
2026-03-21,REPORTE_PRESIDENT,2,Tabla 2 (Producción mes),"{""entidad"": ""Blancos"", ""medida"": ""compromiso""}",,14.340728
2026-03-21,REPORTE_PRESIDENT,2,Tabla 2 (Producción mes),"{""entidad"": ""Blancos"", ""medida"": ""delta_compromiso""}",,0.0633460709677447
2026-03-21,REPORTE_PRESIDENT,2,Tabla 2 (Producción mes),"{""entidad"": ""Ecopetrol"", ""medida"": ""real_mes""}",,593.32998140819
2026-03-21,REPORTE_PRESIDENT,2,Tabla 2 (Producción mes),"{""entidad"": ""Ecopetrol"", ""medida"": ""proy_mes""}",,594.691135640768
2026-03-21,REPORTE_PRESIDENT,2,Tabla 2 (Producción mes),"{""entidad"": ""Ecopetrol"", ""medida"": ""base_p50""}",,608.517368130771
2026-03-21,REPORTE_PRESIDENT,2,Tabla 2 (Producción mes),"{""entidad"": ""Ecopetrol"", ""medida"": ""delta_p50""}",,-13.8262324900037
2026-03-21,REPORTE_PRESIDENT,2,Tabla 2 (Producción mes),"{""entidad"": ""Ecopetrol"", ""medida"": ""compromiso""}",,608.517368130771
2026-03-21,REPORTE_PRESIDENT,2,Tabla 2 (Producción mes),"{""entidad"": ""Ecopetrol"", ""medida"": ""delta_compromiso""}",,-13.8262324900037
2026-03-21,REPORTE_PRESIDENT,2,Tabla 2 (Producción mes),"{""entidad"": ""Filiales"", ""medida"": ""real_mes""}",,133.211353068409
2026-03-21,REPORTE_PRESIDENT,2,Tabla 2 (Producción mes),"{""entidad"": ""Filiales"", ""medida"": ""proy_mes""}",,131.12056734048
2026-03-21,REPORTE_PRESIDENT,2,Tabla 2 (Producción mes),"{""entidad"": ""Filiales"", ""medida"": ""base_p50""}",,124.319138744245
2026-03-21,REPORTE_PRESIDENT,2,Tabla 2 (Producción mes),"{""entidad"": ""Filiales"", ""medida"": ""delta_p50""}",,6.80142859623489
2026-03-21,REPORTE_PRESIDENT,2,Tabla 2 (Producción mes),"{""entidad"": ""Filiales"", ""medida"": ""compromiso""}",,124.319138744245
2026-03-21,REPORTE_PRESIDENT,2,Tabla 2 (Producción mes),"{""entidad"": ""Filiales"", ""medida"": ""delta_compromiso""}",,6.80142859623489
2026-03-21,REPORTE_PRESIDENT,2,Tabla 2 (Producción mes),"{""entidad"": ""Upstream"", ""medida"": ""real_mes""}",,726.541334476599
2026-03-21,REPORTE_PRESIDENT,2,Tabla 2 (Producción mes),"{""entidad"": ""Upstream"", ""medida"": ""proy_mes""}",,725.811702981247
2026-03-21,REPORTE_PRESIDENT,2,Tabla 2 (Producción mes),"{""entidad"": ""Upstream"", ""medida"": ""base_p50""}",,732.836506875016
2026-03-21,REPORTE_PRESIDENT,2,Tabla 2 (Producción mes),"{""entidad"": ""Upstream"", ""medida"": ""delta_p50""}",,-7.02480389376888
2026-03-21,REPORTE_PRESIDENT,2,Tabla 2 (Producción mes),"{""entidad"": ""Upstream"", ""medida"": ""compromiso""}",,732.836506875016
2026-03-21,REPORTE_PRESIDENT,2,Tabla 2 (Producción mes),"{""entidad"": ""Upstream"", ""medida"": ""delta_compromiso""}",,-7.02480389376888
2026-03-22,REPORTE_PRESIDENT,1,Tabla 1 (Producción día),"{""entidad"": ""Crudo"", ""medida"": ""real_dia""}",,494.83474762884
2026-03-22,REPORTE_PRESIDENT,1,Tabla 1 (Producción día),"{""entidad"": ""Crudo"", ""medida"": ""programa_dia""}",,492.4476718
2026-03-22,REPORTE_PRESIDENT,1,Tabla 1 (Producción día),"{""entidad"": ""Crudo"", ""medida"": ""delta_dia""}",,2.38707582884001
2026-03-22,REPORTE_PRESIDENT,1,Tabla 1 (Producción día),"{""entidad"": ""Gas"", ""medida"": ""real_dia""}",,81.0750238596491
2026-03-22,REPORTE_PRESIDENT,1,Tabla 1 (Producción día),"{""entidad"": ""Gas"", ""medida"": ""programa_dia""}",,76.8322653
2026-03-22,REPORTE_PRESIDENT,1,Tabla 1 (Producción día),"{""entidad"": ""Gas"", ""medida"": ""delta_dia""}",,4.2427585596491
2026-03-22,REPORTE_PRESIDENT,1,Tabla 1 (Producción día),"{""entidad"": ""Blancos"", ""medida"": ""real_dia""}",,14.128678
2026-03-22,REPORTE_PRESIDENT,1,Tabla 1 (Producción día),"{""entidad"": ""Blancos"", ""medida"": ""programa_dia""}",,14.1693204
2026-03-22,REPORTE_PRESIDENT,1,Tabla 1 (Producción día),"{""entidad"": ""Blancos"", ""medida"": ""delta_dia""}",,-0.0406423999999976
2026-03-22,REPORTE_PRESIDENT,1,Tabla 1 (Producción día),"{""entidad"": ""Ecopetrol"", ""medida"": ""real_dia""}",,590.038449488489
2026-03-22,REPORTE_PRESIDENT,1,Tabla 1 (Producción día),"{""entidad"": ""Ecopetrol"", ""medida"": ""programa_dia""}",,583.4492575
2026-03-22,REPORTE_PRESIDENT,1,Tabla 1 (Producción día),"{""entidad"": ""Ecopetrol"", ""medida"": ""delta_dia""}",,6.58919198848923
2026-03-22,REPORTE_PRESIDENT,1,Tabla 1 (Producción día),"{""entidad"": ""Filiales"", ""medida"": ""real_dia""}",,130.798977131617
2026-03-22,REPORTE_PRESIDENT,1,Tabla 1 (Producción día),"{""entidad"": ""Filiales"", ""medida"": ""programa_dia""}",,127.319138744245
2026-03-22,REPORTE_PRESIDENT,1,Tabla 1 (Producción día),"{""entidad"": ""Filiales"", ""medida"": ""delta_dia""}",,3.47983838737221
2026-03-22,REPORTE_PRESIDENT,1,Tabla 1 (Producción día),"{""entidad"": ""Upstream"", ""medida"": ""real_dia""}",,720.837426620106
2026-03-22,REPORTE_PRESIDENT,1,Tabla 1 (Producción día),"{""entidad"": ""Upstream"", ""medida"": ""programa_dia""}",,710.768396244245
2026-03-22,REPORTE_PRESIDENT,1,Tabla 1 (Producción día),"{""entidad"": ""Upstream"", ""medida"": ""delta_dia""}",,10.0690303758614
2026-03-22,REPORTE_PRESIDENT,2,Tabla 2 (Producción mes),"{""entidad"": ""Crudo"", ""medida"": ""real_mes""}",,500.131656403588
2026-03-22,REPORTE_PRESIDENT,2,Tabla 2 (Producción mes),"{""entidad"": ""Crudo"", ""medida"": ""proy_mes""}",,502.051633805656
2026-03-22,REPORTE_PRESIDENT,2,Tabla 2 (Producción mes),"{""entidad"": ""Crudo"", ""medida"": ""base_p50""}",,516.713204239543
2026-03-22,REPORTE_PRESIDENT,2,Tabla 2 (Producción mes),"{""entidad"": ""Crudo"", ""medida"": ""delta_p50""}",,-14.6615704338868
2026-03-22,REPORTE_PRESIDENT,2,Tabla 2 (Producción mes),"{""entidad"": ""Crudo"", ""medida"": ""compromiso""}",,516.713204239543
2026-03-22,REPORTE_PRESIDENT,2,Tabla 2 (Producción mes),"{""entidad"": ""Crudo"", ""medida"": ""delta_compromiso""}",,-14.6615704338868
2026-03-22,REPORTE_PRESIDENT,2,Tabla 2 (Producción mes),"{""entidad"": ""Gas"", ""medida"": ""real_mes""}",,78.5097339216374
2026-03-22,REPORTE_PRESIDENT,2,Tabla 2 (Producción mes),"{""entidad"": ""Gas"", ""medida"": ""proy_mes""}",,78.4492936565931
2026-03-22,REPORTE_PRESIDENT,2,Tabla 2 (Producción mes),"{""entidad"": ""Gas"", ""medida"": ""base_p50""}",,77.4634358912281
2026-03-22,REPORTE_PRESIDENT,2,Tabla 2 (Producción mes),"{""entidad"": ""Gas"", ""medida"": ""delta_p50""}",,0.985857765365026
2026-03-22,REPORTE_PRESIDENT,2,Tabla 2 (Producción mes),"{""entidad"": ""Gas"", ""medida"": ""compromiso""}",,77.4634358912281
2026-03-22,REPORTE_PRESIDENT,2,Tabla 2 (Producción mes),"{""entidad"": ""Gas"", ""medida"": ""delta_compromiso""}",,0.985857765365026
2026-03-22,REPORTE_PRESIDENT,2,Tabla 2 (Producción mes),"{""entidad"": ""Blancos"", ""medida"": ""real_mes""}",,14.5318518619048
2026-03-22,REPORTE_PRESIDENT,2,Tabla 2 (Producción mes),"{""entidad"": ""Blancos"", ""medida"": ""proy_mes""}",,14.4027630258065
2026-03-22,REPORTE_PRESIDENT,2,Tabla 2 (Producción mes),"{""entidad"": ""Blancos"", ""medida"": ""base_p50""}",,14.340728
2026-03-22,REPORTE_PRESIDENT,2,Tabla 2 (Producción mes),"{""entidad"": ""Blancos"", ""medida"": ""delta_p50""}",,0.0620350258064537
2026-03-22,REPORTE_PRESIDENT,2,Tabla 2 (Producción mes),"{""entidad"": ""Blancos"", ""medida"": ""compromiso""}",,14.340728
2026-03-22,REPORTE_PRESIDENT,2,Tabla 2 (Producción mes),"{""entidad"": ""Blancos"", ""medida"": ""delta_compromiso""}",,0.0620350258064537
2026-03-22,REPORTE_PRESIDENT,2,Tabla 2 (Producción mes),"{""entidad"": ""Ecopetrol"", ""medida"": ""real_mes""}",,593.17324218713
2026-03-22,REPORTE_PRESIDENT,2,Tabla 2 (Producción mes),"{""entidad"": ""Ecopetrol"", ""medida"": ""proy_mes""}",,594.903690488056
2026-03-22,REPORTE_PRESIDENT,2,Tabla 2 (Producción mes),"{""entidad"": ""Ecopetrol"", ""medida"": ""base_p50""}",,608.517368130771
2026-03-22,REPORTE_PRESIDENT,2,Tabla 2 (Producción mes),"{""entidad"": ""Ecopetrol"", ""medida"": ""delta_p50""}",,-13.6136776427153
2026-03-22,REPORTE_PRESIDENT,2,Tabla 2 (Producción mes),"{""entidad"": ""Ecopetrol"", ""medida"": ""compromiso""}",,608.517368130771
2026-03-22,REPORTE_PRESIDENT,2,Tabla 2 (Producción mes),"{""entidad"": ""Ecopetrol"", ""medida"": ""delta_compromiso""}",,-13.6136776427153
2026-03-22,REPORTE_PRESIDENT,2,Tabla 2 (Producción mes),"{""entidad"": ""Filiales"", ""medida"": ""real_mes""}",,133.070620880943
2026-03-22,REPORTE_PRESIDENT,2,Tabla 2 (Producción mes),"{""entidad"": ""Filiales"", ""medida"": ""proy_mes""}",,131.215304062653
2026-03-22,REPORTE_PRESIDENT,2,Tabla 2 (Producción mes),"{""entidad"": ""Filiales"", ""medida"": ""base_p50""}",,124.319138744245
2026-03-22,REPORTE_PRESIDENT,2,Tabla 2 (Producción mes),"{""entidad"": ""Filiales"", ""medida"": ""delta_p50""}",,6.89616531840817
2026-03-22,REPORTE_PRESIDENT,2,Tabla 2 (Producción mes),"{""entidad"": ""Filiales"", ""medida"": ""compromiso""}",,124.319138744245
2026-03-22,REPORTE_PRESIDENT,2,Tabla 2 (Producción mes),"{""entidad"": ""Filiales"", ""medida"": ""delta_compromiso""}",,6.89616531840817
2026-03-22,REPORTE_PRESIDENT,2,Tabla 2 (Producción mes),"{""entidad"": ""Upstream"", ""medida"": ""real_mes""}",,726.243863068073
2026-03-22,REPORTE_PRESIDENT,2,Tabla 2 (Producción mes),"{""entidad"": ""Upstream"", ""medida"": ""proy_mes""}",,726.118994550709
2026-03-22,REPORTE_PRESIDENT,2,Tabla 2 (Producción mes),"{""entidad"": ""Upstream"", ""medida"": ""base_p50""}",,732.836506875016
2026-03-22,REPORTE_PRESIDENT,2,Tabla 2 (Producción mes),"{""entidad"": ""Upstream"", ""medida"": ""delta_p50""}",,-6.71751232430711
2026-03-22,REPORTE_PRESIDENT,2,Tabla 2 (Producción mes),"{""entidad"": ""Upstream"", ""medida"": ""compromiso""}",,732.836506875016
2026-03-22,REPORTE_PRESIDENT,2,Tabla 2 (Producción mes),"{""entidad"": ""Upstream"", ""medida"": ""delta_compromiso""}",,-6.71751232430711
2026-03-23,REPORTE_PRESIDENT,1,Tabla 1 (Producción día),"{""entidad"": ""Crudo"", ""medida"": ""programa_dia""}",,497.7127592
2026-03-23,REPORTE_PRESIDENT,1,Tabla 1 (Producción día),"{""entidad"": ""Gas"", ""medida"": ""programa_dia""}",,77.8628149
2026-03-23,REPORTE_PRESIDENT,1,Tabla 1 (Producción día),"{""entidad"": ""Blancos"", ""medida"": ""programa_dia""}",,14.165488
2026-03-23,REPORTE_PRESIDENT,1,Tabla 1 (Producción día),"{""entidad"": ""Ecopetrol"", ""medida"": ""programa_dia""}",,589.7410621
2026-03-23,REPORTE_PRESIDENT,1,Tabla 1 (Producción día),"{""entidad"": ""Filiales"", ""medida"": ""real_dia""}",,0
2026-03-23,REPORTE_PRESIDENT,1,Tabla 1 (Producción día),"{""entidad"": ""Filiales"", ""medida"": ""programa_dia""}",,127.319138744245
2026-03-23,REPORTE_PRESIDENT,1,Tabla 1 (Producción día),"{""entidad"": ""Filiales"", ""medida"": ""delta_dia""}",,-127.319138744245
2026-03-23,REPORTE_PRESIDENT,1,Tabla 1 (Producción día),"{""entidad"": ""Upstream"", ""medida"": ""programa_dia""}",,717.060200844245
2026-03-23,REPORTE_PRESIDENT,2,Tabla 2 (Producción mes),"{""entidad"": ""Crudo"", ""medida"": ""real_mes""}",,500.072282385426
2026-03-23,REPORTE_PRESIDENT,2,Tabla 2 (Producción mes),"{""entidad"": ""Crudo"", ""medida"": ""proy_mes""}",,502.179924921915
2026-03-23,REPORTE_PRESIDENT,2,Tabla 2 (Producción mes),"{""entidad"": ""Crudo"", ""medida"": ""base_p50""}",,516.713204239543
2026-03-23,REPORTE_PRESIDENT,2,Tabla 2 (Producción mes),"{""entidad"": ""Crudo"", ""medida"": ""delta_p50""}",,-14.5332793176282
2026-03-23,REPORTE_PRESIDENT,2,Tabla 2 (Producción mes),"{""entidad"": ""Crudo"", ""medida"": ""compromiso""}",,516.713204239543
2026-03-23,REPORTE_PRESIDENT,2,Tabla 2 (Producción mes),"{""entidad"": ""Crudo"", ""medida"": ""delta_compromiso""}",,-14.5332793176282
2026-03-23,REPORTE_PRESIDENT,2,Tabla 2 (Producción mes),"{""entidad"": ""Gas"", ""medida"": ""real_mes""}",,78.6104267900319
2026-03-23,REPORTE_PRESIDENT,2,Tabla 2 (Producción mes),"{""entidad"": ""Gas"", ""medida"": ""proy_mes""}",,78.5476636380871
2026-03-23,REPORTE_PRESIDENT,2,Tabla 2 (Producción mes),"{""entidad"": ""Gas"", ""medida"": ""base_p50""}",,77.4634358912281
2026-03-23,REPORTE_PRESIDENT,2,Tabla 2 (Producción mes),"{""entidad"": ""Gas"", ""medida"": ""delta_p50""}",,1.08422774685907
2026-03-23,REPORTE_PRESIDENT,2,Tabla 2 (Producción mes),"{""entidad"": ""Gas"", ""medida"": ""compromiso""}",,77.4634358912281
2026-03-23,REPORTE_PRESIDENT,2,Tabla 2 (Producción mes),"{""entidad"": ""Gas"", ""medida"": ""delta_compromiso""}",,1.08422774685907
2026-03-23,REPORTE_PRESIDENT,2,Tabla 2 (Producción mes),"{""entidad"": ""Blancos"", ""medida"": ""real_mes""}",,14.4598604590909
2026-03-23,REPORTE_PRESIDENT,2,Tabla 2 (Producción mes),"{""entidad"": ""Blancos"", ""medida"": ""proy_mes""}",,14.3634554741935
2026-03-23,REPORTE_PRESIDENT,2,Tabla 2 (Producción mes),"{""entidad"": ""Blancos"", ""medida"": ""base_p50""}",,14.340728
2026-03-23,REPORTE_PRESIDENT,2,Tabla 2 (Producción mes),"{""entidad"": ""Blancos"", ""medida"": ""delta_p50""}",,0.0227274741935481
2026-03-23,REPORTE_PRESIDENT,2,Tabla 2 (Producción mes),"{""entidad"": ""Blancos"", ""medida"": ""compromiso""}",,14.340728
2026-03-23,REPORTE_PRESIDENT,2,Tabla 2 (Producción mes),"{""entidad"": ""Blancos"", ""medida"": ""delta_compromiso""}",,0.0227274741935481
2026-03-23,REPORTE_PRESIDENT,2,Tabla 2 (Producción mes),"{""entidad"": ""Ecopetrol"", ""medida"": ""real_mes""}",,593.142569634549
2026-03-23,REPORTE_PRESIDENT,2,Tabla 2 (Producción mes),"{""entidad"": ""Ecopetrol"", ""medida"": ""proy_mes""}",,595.091044034196
2026-03-23,REPORTE_PRESIDENT,2,Tabla 2 (Producción mes),"{""entidad"": ""Ecopetrol"", ""medida"": ""base_p50""}",,608.517368130771
2026-03-23,REPORTE_PRESIDENT,2,Tabla 2 (Producción mes),"{""entidad"": ""Ecopetrol"", ""medida"": ""delta_p50""}",,-13.4263240965756
2026-03-23,REPORTE_PRESIDENT,2,Tabla 2 (Producción mes),"{""entidad"": ""Ecopetrol"", ""medida"": ""compromiso""}",,608.517368130771
2026-03-23,REPORTE_PRESIDENT,2,Tabla 2 (Producción mes),"{""entidad"": ""Ecopetrol"", ""medida"": ""delta_compromiso""}",,-13.4263240965756
2026-03-23,REPORTE_PRESIDENT,2,Tabla 2 (Producción mes),"{""entidad"": ""Filiales"", ""medida"": ""real_mes""}",,132.979949287792
2026-03-23,REPORTE_PRESIDENT,2,Tabla 2 (Producción mes),"{""entidad"": ""Filiales"", ""medida"": ""proy_mes""}",,131.336488162246
2026-03-23,REPORTE_PRESIDENT,2,Tabla 2 (Producción mes),"{""entidad"": ""Filiales"", ""medida"": ""base_p50""}",,124.319138744245
2026-03-23,REPORTE_PRESIDENT,2,Tabla 2 (Producción mes),"{""entidad"": ""Filiales"", ""medida"": ""delta_p50""}",,7.01734941800082
2026-03-23,REPORTE_PRESIDENT,2,Tabla 2 (Producción mes),"{""entidad"": ""Filiales"", ""medida"": ""compromiso""}",,124.319138744245
2026-03-23,REPORTE_PRESIDENT,2,Tabla 2 (Producción mes),"{""entidad"": ""Filiales"", ""medida"": ""delta_compromiso""}",,7.01734941800082
2026-03-23,REPORTE_PRESIDENT,2,Tabla 2 (Producción mes),"{""entidad"": ""Upstream"", ""medida"": ""real_mes""}",,726.12251892234
2026-03-23,REPORTE_PRESIDENT,2,Tabla 2 (Producción mes),"{""entidad"": ""Upstream"", ""medida"": ""proy_mes""}",,726.427532196441
2026-03-23,REPORTE_PRESIDENT,2,Tabla 2 (Producción mes),"{""entidad"": ""Upstream"", ""medida"": ""base_p50""}",,732.836506875016
2026-03-23,REPORTE_PRESIDENT,2,Tabla 2 (Producción mes),"{""entidad"": ""Upstream"", ""medida"": ""delta_p50""}",,-6.40897467857485
2026-03-23,REPORTE_PRESIDENT,2,Tabla 2 (Producción mes),"{""entidad"": ""Upstream"", ""medida"": ""compromiso""}",,732.836506875016
2026-03-23,REPORTE_PRESIDENT,2,Tabla 2 (Producción mes),"{""entidad"": ""Upstream"", ""medida"": ""delta_compromiso""}",,-6.40897467857485
2026-03-24,REPORTE_PRESIDENT,1,Tabla 1 (Producción día),"{""entidad"": ""Crudo"", ""medida"": ""real_dia""}",,499.582063164981
2026-03-24,REPORTE_PRESIDENT,1,Tabla 1 (Producción día),"{""entidad"": ""Crudo"", ""medida"": ""programa_dia""}",,497.7127592
2026-03-24,REPORTE_PRESIDENT,1,Tabla 1 (Producción día),"{""entidad"": ""Crudo"", ""medida"": ""delta_dia""}",,1.86930396498099
2026-03-24,REPORTE_PRESIDENT,1,Tabla 1 (Producción día),"{""entidad"": ""Gas"", ""medida"": ""real_dia""}",,80.0304084035088
2026-03-24,REPORTE_PRESIDENT,1,Tabla 1 (Producción día),"{""entidad"": ""Gas"", ""medida"": ""programa_dia""}",,77.8628149
2026-03-24,REPORTE_PRESIDENT,1,Tabla 1 (Producción día),"{""entidad"": ""Gas"", ""medida"": ""delta_dia""}",,2.16759350350874
2026-03-24,REPORTE_PRESIDENT,1,Tabla 1 (Producción día),"{""entidad"": ""Blancos"", ""medida"": ""real_dia""}",,13.6771889
2026-03-24,REPORTE_PRESIDENT,1,Tabla 1 (Producción día),"{""entidad"": ""Blancos"", ""medida"": ""programa_dia""}",,14.165488
2026-03-24,REPORTE_PRESIDENT,1,Tabla 1 (Producción día),"{""entidad"": ""Blancos"", ""medida"": ""delta_dia""}",,-0.488299099999999
2026-03-24,REPORTE_PRESIDENT,1,Tabla 1 (Producción día),"{""entidad"": ""Ecopetrol"", ""medida"": ""real_dia""}",,593.28966046849
2026-03-24,REPORTE_PRESIDENT,1,Tabla 1 (Producción día),"{""entidad"": ""Ecopetrol"", ""medida"": ""programa_dia""}",,589.7410621
2026-03-24,REPORTE_PRESIDENT,1,Tabla 1 (Producción día),"{""entidad"": ""Ecopetrol"", ""medida"": ""delta_dia""}",,3.54859836848971
2026-03-24,REPORTE_PRESIDENT,1,Tabla 1 (Producción día),"{""entidad"": ""Filiales"", ""medida"": ""real_dia""}",,129.557689131617
2026-03-24,REPORTE_PRESIDENT,1,Tabla 1 (Producción día),"{""entidad"": ""Filiales"", ""medida"": ""programa_dia""}",,127.319138744245
2026-03-24,REPORTE_PRESIDENT,1,Tabla 1 (Producción día),"{""entidad"": ""Filiales"", ""medida"": ""delta_dia""}",,2.23855038737224
2026-03-24,REPORTE_PRESIDENT,1,Tabla 1 (Producción día),"{""entidad"": ""Upstream"", ""medida"": ""real_dia""}",,722.847349600107
2026-03-24,REPORTE_PRESIDENT,1,Tabla 1 (Producción día),"{""entidad"": ""Upstream"", ""medida"": ""programa_dia""}",,717.060200844245
2026-03-24,REPORTE_PRESIDENT,1,Tabla 1 (Producción día),"{""entidad"": ""Upstream"", ""medida"": ""delta_dia""}",,5.78714875586195
2026-03-24,REPORTE_PRESIDENT,2,Tabla 2 (Producción mes),"{""entidad"": ""Crudo"", ""medida"": ""real_mes""}",,500.051424434751
2026-03-24,REPORTE_PRESIDENT,2,Tabla 2 (Producción mes),"{""entidad"": ""Crudo"", ""medida"": ""proy_mes""}",,502.240563319332
2026-03-24,REPORTE_PRESIDENT,2,Tabla 2 (Producción mes),"{""entidad"": ""Crudo"", ""medida"": ""base_p50""}",,516.713204239543
2026-03-24,REPORTE_PRESIDENT,2,Tabla 2 (Producción mes),"{""entidad"": ""Crudo"", ""medida"": ""delta_p50""}",,-14.4726409202115
2026-03-24,REPORTE_PRESIDENT,2,Tabla 2 (Producción mes),"{""entidad"": ""Crudo"", ""medida"": ""compromiso""}",,516.713204239543
2026-03-24,REPORTE_PRESIDENT,2,Tabla 2 (Producción mes),"{""entidad"": ""Crudo"", ""medida"": ""delta_compromiso""}",,-14.4726409202115
2026-03-24,REPORTE_PRESIDENT,2,Tabla 2 (Producción mes),"{""entidad"": ""Gas"", ""medida"": ""real_mes""}",,78.6721651210526
2026-03-24,REPORTE_PRESIDENT,2,Tabla 2 (Producción mes),"{""entidad"": ""Gas"", ""medida"": ""proy_mes""}",,78.6175860091681
2026-03-24,REPORTE_PRESIDENT,2,Tabla 2 (Producción mes),"{""entidad"": ""Gas"", ""medida"": ""base_p50""}",,77.4634358912281
2026-03-24,REPORTE_PRESIDENT,2,Tabla 2 (Producción mes),"{""entidad"": ""Gas"", ""medida"": ""delta_p50""}",,1.15415011794001
2026-03-24,REPORTE_PRESIDENT,2,Tabla 2 (Producción mes),"{""entidad"": ""Gas"", ""medida"": ""compromiso""}",,77.4634358912281
2026-03-24,REPORTE_PRESIDENT,2,Tabla 2 (Producción mes),"{""entidad"": ""Gas"", ""medida"": ""delta_compromiso""}",,1.15415011794001
2026-03-24,REPORTE_PRESIDENT,2,Tabla 2 (Producción mes),"{""entidad"": ""Blancos"", ""medida"": ""real_mes""}",,14.4258312608696
2026-03-24,REPORTE_PRESIDENT,2,Tabla 2 (Producción mes),"{""entidad"": ""Blancos"", ""medida"": ""proy_mes""}",,14.3477038903226
2026-03-24,REPORTE_PRESIDENT,2,Tabla 2 (Producción mes),"{""entidad"": ""Blancos"", ""medida"": ""base_p50""}",,14.340728
2026-03-24,REPORTE_PRESIDENT,2,Tabla 2 (Producción mes),"{""entidad"": ""Blancos"", ""medida"": ""delta_p50""}",,0.00697589032257895
2026-03-24,REPORTE_PRESIDENT,2,Tabla 2 (Producción mes),"{""entidad"": ""Blancos"", ""medida"": ""compromiso""}",,14.340728
2026-03-24,REPORTE_PRESIDENT,2,Tabla 2 (Producción mes),"{""entidad"": ""Blancos"", ""medida"": ""delta_compromiso""}",,0.00697589032257895
2026-03-24,REPORTE_PRESIDENT,2,Tabla 2 (Producción mes),"{""entidad"": ""Ecopetrol"", ""medida"": ""real_mes""}",,593.149420816674
2026-03-24,REPORTE_PRESIDENT,2,Tabla 2 (Producción mes),"{""entidad"": ""Ecopetrol"", ""medida"": ""proy_mes""}",,595.205853218822
2026-03-24,REPORTE_PRESIDENT,2,Tabla 2 (Producción mes),"{""entidad"": ""Ecopetrol"", ""medida"": ""base_p50""}",,608.517368130771
2026-03-24,REPORTE_PRESIDENT,2,Tabla 2 (Producción mes),"{""entidad"": ""Ecopetrol"", ""medida"": ""delta_p50""}",,-13.311514911949
2026-03-24,REPORTE_PRESIDENT,2,Tabla 2 (Producción mes),"{""entidad"": ""Ecopetrol"", ""medida"": ""compromiso""}",,608.517368130771
2026-03-24,REPORTE_PRESIDENT,2,Tabla 2 (Producción mes),"{""entidad"": ""Ecopetrol"", ""medida"": ""delta_compromiso""}",,-13.311514911949
2026-03-24,REPORTE_PRESIDENT,2,Tabla 2 (Producción mes),"{""entidad"": ""Filiales"", ""medida"": ""real_mes""}",,132.701025194045
2026-03-24,REPORTE_PRESIDENT,2,Tabla 2 (Producción mes),"{""entidad"": ""Filiales"", ""medida"": ""proy_mes""}",,131.312151271516
2026-03-24,REPORTE_PRESIDENT,2,Tabla 2 (Producción mes),"{""entidad"": ""Filiales"", ""medida"": ""base_p50""}",,124.319138744245
2026-03-24,REPORTE_PRESIDENT,2,Tabla 2 (Producción mes),"{""entidad"": ""Filiales"", ""medida"": ""delta_p50""}",,6.99301252727089
2026-03-24,REPORTE_PRESIDENT,2,Tabla 2 (Producción mes),"{""entidad"": ""Filiales"", ""medida"": ""compromiso""}",,124.319138744245
2026-03-24,REPORTE_PRESIDENT,2,Tabla 2 (Producción mes),"{""entidad"": ""Filiales"", ""medida"": ""delta_compromiso""}",,6.99301252727089
2026-03-24,REPORTE_PRESIDENT,2,Tabla 2 (Producción mes),"{""entidad"": ""Upstream"", ""medida"": ""real_mes""}",,725.850446010718
2026-03-24,REPORTE_PRESIDENT,2,Tabla 2 (Producción mes),"{""entidad"": ""Upstream"", ""medida"": ""proy_mes""}",,726.518004490338
2026-03-24,REPORTE_PRESIDENT,2,Tabla 2 (Producción mes),"{""entidad"": ""Upstream"", ""medida"": ""base_p50""}",,732.836506875016
2026-03-24,REPORTE_PRESIDENT,2,Tabla 2 (Producción mes),"{""entidad"": ""Upstream"", ""medida"": ""delta_p50""}",,-6.31850238467814
2026-03-24,REPORTE_PRESIDENT,2,Tabla 2 (Producción mes),"{""entidad"": ""Upstream"", ""medida"": ""compromiso""}",,732.836506875016
2026-03-24,REPORTE_PRESIDENT,2,Tabla 2 (Producción mes),"{""entidad"": ""Upstream"", ""medida"": ""delta_compromiso""}",,-6.31850238467814
2026-03-25,REPORTE_PRESIDENT,1,Tabla 1 (Producción día),"{""entidad"": ""Crudo"", ""medida"": ""programa_dia""}",,504.8687372
2026-03-25,REPORTE_PRESIDENT,1,Tabla 1 (Producción día),"{""entidad"": ""Gas"", ""medida"": ""programa_dia""}",,78.3228325
2026-03-25,REPORTE_PRESIDENT,1,Tabla 1 (Producción día),"{""entidad"": ""Blancos"", ""medida"": ""programa_dia""}",,14.1285885
2026-03-25,REPORTE_PRESIDENT,1,Tabla 1 (Producción día),"{""entidad"": ""Ecopetrol"", ""medida"": ""programa_dia""}",,597.3201582
2026-03-25,REPORTE_PRESIDENT,1,Tabla 1 (Producción día),"{""entidad"": ""Filiales"", ""medida"": ""real_dia""}",,0
2026-03-25,REPORTE_PRESIDENT,1,Tabla 1 (Producción día),"{""entidad"": ""Filiales"", ""medida"": ""programa_dia""}",,127.319138744245
2026-03-25,REPORTE_PRESIDENT,1,Tabla 1 (Producción día),"{""entidad"": ""Filiales"", ""medida"": ""delta_dia""}",,-127.319138744245
2026-03-25,REPORTE_PRESIDENT,1,Tabla 1 (Producción día),"{""entidad"": ""Upstream"", ""medida"": ""programa_dia""}",,724.639296944245
2026-03-25,REPORTE_PRESIDENT,2,Tabla 2 (Producción mes),"{""entidad"": ""Crudo"", ""medida"": ""real_mes""}",,500.172899952752
2026-03-25,REPORTE_PRESIDENT,2,Tabla 2 (Producción mes),"{""entidad"": ""Crudo"", ""medida"": ""proy_mes""}",,502.237247331163
2026-03-25,REPORTE_PRESIDENT,2,Tabla 2 (Producción mes),"{""entidad"": ""Crudo"", ""medida"": ""base_p50""}",,516.713204239543
2026-03-25,REPORTE_PRESIDENT,2,Tabla 2 (Producción mes),"{""entidad"": ""Crudo"", ""medida"": ""delta_p50""}",,-14.4759569083802
2026-03-25,REPORTE_PRESIDENT,2,Tabla 2 (Producción mes),"{""entidad"": ""Crudo"", ""medida"": ""compromiso""}",,516.713204239543
2026-03-25,REPORTE_PRESIDENT,2,Tabla 2 (Producción mes),"{""entidad"": ""Crudo"", ""medida"": ""delta_compromiso""}",,-14.4759569083802
2026-03-25,REPORTE_PRESIDENT,2,Tabla 2 (Producción mes),"{""entidad"": ""Gas"", ""medida"": ""real_mes""}",,78.6965267907164
2026-03-25,REPORTE_PRESIDENT,2,Tabla 2 (Producción mes),"{""entidad"": ""Gas"", ""medida"": ""proy_mes""}",,78.6651867057159
2026-03-25,REPORTE_PRESIDENT,2,Tabla 2 (Producción mes),"{""entidad"": ""Gas"", ""medida"": ""base_p50""}",,77.4634358912281
2026-03-25,REPORTE_PRESIDENT,2,Tabla 2 (Producción mes),"{""entidad"": ""Gas"", ""medida"": ""delta_p50""}",,1.20175081448785
2026-03-25,REPORTE_PRESIDENT,2,Tabla 2 (Producción mes),"{""entidad"": ""Gas"", ""medida"": ""compromiso""}",,77.4634358912281
2026-03-25,REPORTE_PRESIDENT,2,Tabla 2 (Producción mes),"{""entidad"": ""Gas"", ""medida"": ""delta_compromiso""}",,1.20175081448785
2026-03-25,REPORTE_PRESIDENT,2,Tabla 2 (Producción mes),"{""entidad"": ""Blancos"", ""medida"": ""real_mes""}",,14.4173757083333
2026-03-25,REPORTE_PRESIDENT,2,Tabla 2 (Producción mes),"{""entidad"": ""Blancos"", ""medida"": ""proy_mes""}",,14.3500133258065
2026-03-25,REPORTE_PRESIDENT,2,Tabla 2 (Producción mes),"{""entidad"": ""Blancos"", ""medida"": ""base_p50""}",,14.340728
2026-03-25,REPORTE_PRESIDENT,2,Tabla 2 (Producción mes),"{""entidad"": ""Blancos"", ""medida"": ""delta_p50""}",,0.00928532580645047
2026-03-25,REPORTE_PRESIDENT,2,Tabla 2 (Producción mes),"{""entidad"": ""Blancos"", ""medida"": ""compromiso""}",,14.340728
2026-03-25,REPORTE_PRESIDENT,2,Tabla 2 (Producción mes),"{""entidad"": ""Blancos"", ""medida"": ""delta_compromiso""}",,0.00928532580645047
2026-03-25,REPORTE_PRESIDENT,2,Tabla 2 (Producción mes),"{""entidad"": ""Ecopetrol"", ""medida"": ""real_mes""}",,593.286802451802
2026-03-25,REPORTE_PRESIDENT,2,Tabla 2 (Producción mes),"{""entidad"": ""Ecopetrol"", ""medida"": ""proy_mes""}",,595.252447362685
2026-03-25,REPORTE_PRESIDENT,2,Tabla 2 (Producción mes),"{""entidad"": ""Ecopetrol"", ""medida"": ""base_p50""}",,608.517368130771
2026-03-25,REPORTE_PRESIDENT,2,Tabla 2 (Producción mes),"{""entidad"": ""Ecopetrol"", ""medida"": ""delta_p50""}",,-13.2649207680859
2026-03-25,REPORTE_PRESIDENT,2,Tabla 2 (Producción mes),"{""entidad"": ""Ecopetrol"", ""medida"": ""compromiso""}",,608.517368130771
2026-03-25,REPORTE_PRESIDENT,2,Tabla 2 (Producción mes),"{""entidad"": ""Ecopetrol"", ""medida"": ""delta_compromiso""}",,-13.2649207680859
2026-03-25,REPORTE_PRESIDENT,2,Tabla 2 (Producción mes),"{""entidad"": ""Filiales"", ""medida"": ""real_mes""}",,132.854340850178
2026-03-25,REPORTE_PRESIDENT,2,Tabla 2 (Producción mes),"{""entidad"": ""Filiales"", ""medida"": ""proy_mes""}",,131.604456503677
2026-03-25,REPORTE_PRESIDENT,2,Tabla 2 (Producción mes),"{""entidad"": ""Filiales"", ""medida"": ""base_p50""}",,124.319138744245
2026-03-25,REPORTE_PRESIDENT,2,Tabla 2 (Producción mes),"{""entidad"": ""Filiales"", ""medida"": ""delta_p50""}",,7.28531775943186
2026-03-25,REPORTE_PRESIDENT,2,Tabla 2 (Producción mes),"{""entidad"": ""Filiales"", ""medida"": ""compromiso""}",,124.319138744245
2026-03-25,REPORTE_PRESIDENT,2,Tabla 2 (Producción mes),"{""entidad"": ""Filiales"", ""medida"": ""delta_compromiso""}",,7.28531775943186
2026-03-25,REPORTE_PRESIDENT,2,Tabla 2 (Producción mes),"{""entidad"": ""Upstream"", ""medida"": ""real_mes""}",,726.14114330198
2026-03-25,REPORTE_PRESIDENT,2,Tabla 2 (Producción mes),"{""entidad"": ""Upstream"", ""medida"": ""proy_mes""}",,726.856903866362
2026-03-25,REPORTE_PRESIDENT,2,Tabla 2 (Producción mes),"{""entidad"": ""Upstream"", ""medida"": ""base_p50""}",,732.836506875016
2026-03-25,REPORTE_PRESIDENT,2,Tabla 2 (Producción mes),"{""entidad"": ""Upstream"", ""medida"": ""delta_p50""}",,-5.97960300865407
2026-03-25,REPORTE_PRESIDENT,2,Tabla 2 (Producción mes),"{""entidad"": ""Upstream"", ""medida"": ""compromiso""}",,732.836506875016
2026-03-25,REPORTE_PRESIDENT,2,Tabla 2 (Producción mes),"{""entidad"": ""Upstream"", ""medida"": ""delta_compromiso""}",,-5.97960300865407
2026-03-26,REPORTE_PRESIDENT,1,Tabla 1 (Producción día),"{""entidad"": ""Crudo"", ""medida"": ""real_dia""}",,500.067245979875
2026-03-26,REPORTE_PRESIDENT,1,Tabla 1 (Producción día),"{""entidad"": ""Crudo"", ""medida"": ""programa_dia""}",,504.8687372
2026-03-26,REPORTE_PRESIDENT,1,Tabla 1 (Producción día),"{""entidad"": ""Crudo"", ""medida"": ""delta_dia""}",,-4.8014912201254
2026-03-26,REPORTE_PRESIDENT,1,Tabla 1 (Producción día),"{""entidad"": ""Gas"", ""medida"": ""real_dia""}",,78.4262096280702
2026-03-26,REPORTE_PRESIDENT,1,Tabla 1 (Producción día),"{""entidad"": ""Gas"", ""medida"": ""programa_dia""}",,78.3228325
2026-03-26,REPORTE_PRESIDENT,1,Tabla 1 (Producción día),"{""entidad"": ""Gas"", ""medida"": ""delta_dia""}",,0.103377128070193
2026-03-26,REPORTE_PRESIDENT,1,Tabla 1 (Producción día),"{""entidad"": ""Blancos"", ""medida"": ""real_dia""}",,14.933726025
2026-03-26,REPORTE_PRESIDENT,1,Tabla 1 (Producción día),"{""entidad"": ""Blancos"", ""medida"": ""programa_dia""}",,14.1285885
2026-03-26,REPORTE_PRESIDENT,1,Tabla 1 (Producción día),"{""entidad"": ""Blancos"", ""medida"": ""delta_dia""}",,0.805137524999999
2026-03-26,REPORTE_PRESIDENT,1,Tabla 1 (Producción día),"{""entidad"": ""Ecopetrol"", ""medida"": ""real_dia""}",,593.427181632945
2026-03-26,REPORTE_PRESIDENT,1,Tabla 1 (Producción día),"{""entidad"": ""Ecopetrol"", ""medida"": ""programa_dia""}",,597.3201582
2026-03-26,REPORTE_PRESIDENT,1,Tabla 1 (Producción día),"{""entidad"": ""Ecopetrol"", ""medida"": ""delta_dia""}",,-3.89297656705514
2026-03-26,REPORTE_PRESIDENT,1,Tabla 1 (Producción día),"{""entidad"": ""Filiales"", ""medida"": ""real_dia""}",,129.790093234483
2026-03-26,REPORTE_PRESIDENT,1,Tabla 1 (Producción día),"{""entidad"": ""Filiales"", ""medida"": ""programa_dia""}",,127.319138744245
2026-03-26,REPORTE_PRESIDENT,1,Tabla 1 (Producción día),"{""entidad"": ""Filiales"", ""medida"": ""delta_dia""}",,2.47095449023848
2026-03-26,REPORTE_PRESIDENT,1,Tabla 1 (Producción día),"{""entidad"": ""Upstream"", ""medida"": ""real_dia""}",,723.217274867428
2026-03-26,REPORTE_PRESIDENT,1,Tabla 1 (Producción día),"{""entidad"": ""Upstream"", ""medida"": ""programa_dia""}",,724.639296944245
2026-03-26,REPORTE_PRESIDENT,1,Tabla 1 (Producción día),"{""entidad"": ""Upstream"", ""medida"": ""delta_dia""}",,-1.42202207681669
2026-03-26,REPORTE_PRESIDENT,2,Tabla 2 (Producción mes),"{""entidad"": ""Crudo"", ""medida"": ""real_mes""}",,500.189675083936
2026-03-26,REPORTE_PRESIDENT,2,Tabla 2 (Producción mes),"{""entidad"": ""Crudo"", ""medida"": ""proy_mes""}",,502.099297041884
2026-03-26,REPORTE_PRESIDENT,2,Tabla 2 (Producción mes),"{""entidad"": ""Crudo"", ""medida"": ""base_p50""}",,516.713204239543
2026-03-26,REPORTE_PRESIDENT,2,Tabla 2 (Producción mes),"{""entidad"": ""Crudo"", ""medida"": ""delta_p50""}",,-14.6139071976595
2026-03-26,REPORTE_PRESIDENT,2,Tabla 2 (Producción mes),"{""entidad"": ""Crudo"", ""medida"": ""compromiso""}",,516.713204239543
2026-03-26,REPORTE_PRESIDENT,2,Tabla 2 (Producción mes),"{""entidad"": ""Crudo"", ""medida"": ""delta_compromiso""}",,-14.6139071976595
2026-03-26,REPORTE_PRESIDENT,2,Tabla 2 (Producción mes),"{""entidad"": ""Gas"", ""medida"": ""real_mes""}",,78.6857141042105
2026-03-26,REPORTE_PRESIDENT,2,Tabla 2 (Producción mes),"{""entidad"": ""Gas"", ""medida"": ""proy_mes""}",,78.6685214517827
2026-03-26,REPORTE_PRESIDENT,2,Tabla 2 (Producción mes),"{""entidad"": ""Gas"", ""medida"": ""base_p50""}",,77.4634358912281
2026-03-26,REPORTE_PRESIDENT,2,Tabla 2 (Producción mes),"{""entidad"": ""Gas"", ""medida"": ""delta_p50""}",,1.20508556055459
2026-03-26,REPORTE_PRESIDENT,2,Tabla 2 (Producción mes),"{""entidad"": ""Gas"", ""medida"": ""compromiso""}",,77.4634358912281
2026-03-26,REPORTE_PRESIDENT,2,Tabla 2 (Producción mes),"{""entidad"": ""Gas"", ""medida"": ""delta_compromiso""}",,1.20508556055459
2026-03-26,REPORTE_PRESIDENT,2,Tabla 2 (Producción mes),"{""entidad"": ""Blancos"", ""medida"": ""real_mes""}",,14.441666921
2026-03-26,REPORTE_PRESIDENT,2,Tabla 2 (Producción mes),"{""entidad"": ""Blancos"", ""medida"": ""proy_mes""}",,14.3789187298387
2026-03-26,REPORTE_PRESIDENT,2,Tabla 2 (Producción mes),"{""entidad"": ""Blancos"", ""medida"": ""base_p50""}",,14.340728
2026-03-26,REPORTE_PRESIDENT,2,Tabla 2 (Producción mes),"{""entidad"": ""Blancos"", ""medida"": ""delta_p50""}",,0.0381907298387105
2026-03-26,REPORTE_PRESIDENT,2,Tabla 2 (Producción mes),"{""entidad"": ""Blancos"", ""medida"": ""compromiso""}",,14.340728
2026-03-26,REPORTE_PRESIDENT,2,Tabla 2 (Producción mes),"{""entidad"": ""Blancos"", ""medida"": ""delta_compromiso""}",,0.0381907298387105
2026-03-26,REPORTE_PRESIDENT,2,Tabla 2 (Producción mes),"{""entidad"": ""Ecopetrol"", ""medida"": ""real_mes""}",,593.317056109146
2026-03-26,REPORTE_PRESIDENT,2,Tabla 2 (Producción mes),"{""entidad"": ""Ecopetrol"", ""medida"": ""proy_mes""}",,595.146737223505
2026-03-26,REPORTE_PRESIDENT,2,Tabla 2 (Producción mes),"{""entidad"": ""Ecopetrol"", ""medida"": ""base_p50""}",,608.517368130771
2026-03-26,REPORTE_PRESIDENT,2,Tabla 2 (Producción mes),"{""entidad"": ""Ecopetrol"", ""medida"": ""delta_p50""}",,-13.3706309072662
2026-03-26,REPORTE_PRESIDENT,2,Tabla 2 (Producción mes),"{""entidad"": ""Ecopetrol"", ""medida"": ""compromiso""}",,608.517368130771
2026-03-26,REPORTE_PRESIDENT,2,Tabla 2 (Producción mes),"{""entidad"": ""Ecopetrol"", ""medida"": ""delta_compromiso""}",,-13.3706309072662
2026-03-26,REPORTE_PRESIDENT,2,Tabla 2 (Producción mes),"{""entidad"": ""Filiales"", ""medida"": ""real_mes""}",,132.70181094555
2026-03-26,REPORTE_PRESIDENT,2,Tabla 2 (Producción mes),"{""entidad"": ""Filiales"", ""medida"": ""proy_mes""}",,131.660003422717
2026-03-26,REPORTE_PRESIDENT,2,Tabla 2 (Producción mes),"{""entidad"": ""Filiales"", ""medida"": ""base_p50""}",,124.319138744245
2026-03-26,REPORTE_PRESIDENT,2,Tabla 2 (Producción mes),"{""entidad"": ""Filiales"", ""medida"": ""delta_p50""}",,7.34086467847182
2026-03-26,REPORTE_PRESIDENT,2,Tabla 2 (Producción mes),"{""entidad"": ""Filiales"", ""medida"": ""compromiso""}",,124.319138744245
2026-03-26,REPORTE_PRESIDENT,2,Tabla 2 (Producción mes),"{""entidad"": ""Filiales"", ""medida"": ""delta_compromiso""}",,7.34086467847182
2026-03-26,REPORTE_PRESIDENT,2,Tabla 2 (Producción mes),"{""entidad"": ""Upstream"", ""medida"": ""real_mes""}",,726.018867054696
2026-03-26,REPORTE_PRESIDENT,2,Tabla 2 (Producción mes),"{""entidad"": ""Upstream"", ""medida"": ""proy_mes""}",,726.806740646222
2026-03-26,REPORTE_PRESIDENT,2,Tabla 2 (Producción mes),"{""entidad"": ""Upstream"", ""medida"": ""base_p50""}",,732.836506875016
2026-03-26,REPORTE_PRESIDENT,2,Tabla 2 (Producción mes),"{""entidad"": ""Upstream"", ""medida"": ""delta_p50""}",,-6.02976622879441
2026-03-26,REPORTE_PRESIDENT,2,Tabla 2 (Producción mes),"{""entidad"": ""Upstream"", ""medida"": ""compromiso""}",,732.836506875016
2026-03-26,REPORTE_PRESIDENT,2,Tabla 2 (Producción mes),"{""entidad"": ""Upstream"", ""medida"": ""delta_compromiso""}",,-6.02976622879441
2026-03-27,REPORTE_PRESIDENT,1,Tabla 1 (Producción día),"{""entidad"": ""Crudo"", ""medida"": ""real_dia""}",,506.226843004331
2026-03-27,REPORTE_PRESIDENT,1,Tabla 1 (Producción día),"{""entidad"": ""Crudo"", ""medida"": ""programa_dia""}",,506.6266029
2026-03-27,REPORTE_PRESIDENT,1,Tabla 1 (Producción día),"{""entidad"": ""Crudo"", ""medida"": ""delta_dia""}",,-0.399759895668637
2026-03-27,REPORTE_PRESIDENT,1,Tabla 1 (Producción día),"{""entidad"": ""Gas"", ""medida"": ""real_dia""}",,77.9858553508772
2026-03-27,REPORTE_PRESIDENT,1,Tabla 1 (Producción día),"{""entidad"": ""Gas"", ""medida"": ""programa_dia""}",,78.168237
2026-03-27,REPORTE_PRESIDENT,1,Tabla 1 (Producción día),"{""entidad"": ""Gas"", ""medida"": ""delta_dia""}",,-0.182381649122817
2026-03-27,REPORTE_PRESIDENT,1,Tabla 1 (Producción día),"{""entidad"": ""Blancos"", ""medida"": ""real_dia""}",,13.96235
2026-03-27,REPORTE_PRESIDENT,1,Tabla 1 (Producción día),"{""entidad"": ""Blancos"", ""medida"": ""programa_dia""}",,14.1421019
2026-03-27,REPORTE_PRESIDENT,1,Tabla 1 (Producción día),"{""entidad"": ""Blancos"", ""medida"": ""delta_dia""}",,-0.179751900000003
2026-03-27,REPORTE_PRESIDENT,1,Tabla 1 (Producción día),"{""entidad"": ""Ecopetrol"", ""medida"": ""real_dia""}",,598.175048355209
2026-03-27,REPORTE_PRESIDENT,1,Tabla 1 (Producción día),"{""entidad"": ""Ecopetrol"", ""medida"": ""programa_dia""}",,598.9369418
2026-03-27,REPORTE_PRESIDENT,1,Tabla 1 (Producción día),"{""entidad"": ""Ecopetrol"", ""medida"": ""delta_dia""}",,-0.76189344479144
2026-03-27,REPORTE_PRESIDENT,1,Tabla 1 (Producción día),"{""entidad"": ""Filiales"", ""medida"": ""real_dia""}",,129.913159634484
2026-03-27,REPORTE_PRESIDENT,1,Tabla 1 (Producción día),"{""entidad"": ""Filiales"", ""medida"": ""programa_dia""}",,127.319138744245
2026-03-27,REPORTE_PRESIDENT,1,Tabla 1 (Producción día),"{""entidad"": ""Filiales"", ""medida"": ""delta_dia""}",,2.59402089023851
2026-03-27,REPORTE_PRESIDENT,1,Tabla 1 (Producción día),"{""entidad"": ""Upstream"", ""medida"": ""real_dia""}",,728.088207989692
2026-03-27,REPORTE_PRESIDENT,1,Tabla 1 (Producción día),"{""entidad"": ""Upstream"", ""medida"": ""programa_dia""}",,726.256080544245
2026-03-27,REPORTE_PRESIDENT,1,Tabla 1 (Producción día),"{""entidad"": ""Upstream"", ""medida"": ""delta_dia""}",,1.8321274454471
2026-03-27,REPORTE_PRESIDENT,2,Tabla 2 (Producción mes),"{""entidad"": ""Crudo"", ""medida"": ""real_mes""}",,500.422958601466
2026-03-27,REPORTE_PRESIDENT,2,Tabla 2 (Producción mes),"{""entidad"": ""Crudo"", ""medida"": ""proy_mes""}",,502.087311352842
2026-03-27,REPORTE_PRESIDENT,2,Tabla 2 (Producción mes),"{""entidad"": ""Crudo"", ""medida"": ""base_p50""}",,516.713204239543
2026-03-27,REPORTE_PRESIDENT,2,Tabla 2 (Producción mes),"{""entidad"": ""Crudo"", ""medida"": ""delta_p50""}",,-14.6258928867009
2026-03-27,REPORTE_PRESIDENT,2,Tabla 2 (Producción mes),"{""entidad"": ""Crudo"", ""medida"": ""compromiso""}",,516.713204239543
2026-03-27,REPORTE_PRESIDENT,2,Tabla 2 (Producción mes),"{""entidad"": ""Crudo"", ""medida"": ""delta_compromiso""}",,-14.6258928867009
2026-03-27,REPORTE_PRESIDENT,2,Tabla 2 (Producción mes),"{""entidad"": ""Gas"", ""medida"": ""real_mes""}",,78.6675591711201
2026-03-27,REPORTE_PRESIDENT,2,Tabla 2 (Producción mes),"{""entidad"": ""Gas"", ""medida"": ""proy_mes""}",,78.6699875435201
2026-03-27,REPORTE_PRESIDENT,2,Tabla 2 (Producción mes),"{""entidad"": ""Gas"", ""medida"": ""base_p50""}",,77.4634358912281
2026-03-27,REPORTE_PRESIDENT,2,Tabla 2 (Producción mes),"{""entidad"": ""Gas"", ""medida"": ""delta_p50""}",,1.20655165229203
2026-03-27,REPORTE_PRESIDENT,2,Tabla 2 (Producción mes),"{""entidad"": ""Gas"", ""medida"": ""compromiso""}",,77.4634358912281
2026-03-27,REPORTE_PRESIDENT,2,Tabla 2 (Producción mes),"{""entidad"": ""Gas"", ""medida"": ""delta_compromiso""}",,1.20655165229203
2026-03-27,REPORTE_PRESIDENT,2,Tabla 2 (Producción mes),"{""entidad"": ""Blancos"", ""medida"": ""real_mes""}",,14.4229628807692
2026-03-27,REPORTE_PRESIDENT,2,Tabla 2 (Producción mes),"{""entidad"": ""Blancos"", ""medida"": ""proy_mes""}",,14.3728948580645
2026-03-27,REPORTE_PRESIDENT,2,Tabla 2 (Producción mes),"{""entidad"": ""Blancos"", ""medida"": ""base_p50""}",,14.340728
2026-03-27,REPORTE_PRESIDENT,2,Tabla 2 (Producción mes),"{""entidad"": ""Blancos"", ""medida"": ""delta_p50""}",,0.0321668580645174
2026-03-27,REPORTE_PRESIDENT,2,Tabla 2 (Producción mes),"{""entidad"": ""Blancos"", ""medida"": ""compromiso""}",,14.340728
2026-03-27,REPORTE_PRESIDENT,2,Tabla 2 (Producción mes),"{""entidad"": ""Blancos"", ""medida"": ""delta_compromiso""}",,0.0321668580645174
2026-03-27,REPORTE_PRESIDENT,2,Tabla 2 (Producción mes),"{""entidad"": ""Ecopetrol"", ""medida"": ""real_mes""}",,593.513480653355
2026-03-27,REPORTE_PRESIDENT,2,Tabla 2 (Producción mes),"{""entidad"": ""Ecopetrol"", ""medida"": ""proy_mes""}",,595.130193754427
2026-03-27,REPORTE_PRESIDENT,2,Tabla 2 (Producción mes),"{""entidad"": ""Ecopetrol"", ""medida"": ""base_p50""}",,608.517368130771
2026-03-27,REPORTE_PRESIDENT,2,Tabla 2 (Producción mes),"{""entidad"": ""Ecopetrol"", ""medida"": ""delta_p50""}",,-13.3871743763443
2026-03-27,REPORTE_PRESIDENT,2,Tabla 2 (Producción mes),"{""entidad"": ""Ecopetrol"", ""medida"": ""compromiso""}",,608.517368130771
2026-03-27,REPORTE_PRESIDENT,2,Tabla 2 (Producción mes),"{""entidad"": ""Ecopetrol"", ""medida"": ""delta_compromiso""}",,-13.3871743763443
2026-03-27,REPORTE_PRESIDENT,2,Tabla 2 (Producción mes),"{""entidad"": ""Filiales"", ""medida"": ""real_mes""}",,132.610132048971
2026-03-27,REPORTE_PRESIDENT,2,Tabla 2 (Producción mes),"{""entidad"": ""Filiales"", ""medida"": ""proy_mes""}",,131.756746032079
2026-03-27,REPORTE_PRESIDENT,2,Tabla 2 (Producción mes),"{""entidad"": ""Filiales"", ""medida"": ""base_p50""}",,124.319138744245
2026-03-27,REPORTE_PRESIDENT,2,Tabla 2 (Producción mes),"{""entidad"": ""Filiales"", ""medida"": ""delta_p50""}",,7.43760728783435
2026-03-27,REPORTE_PRESIDENT,2,Tabla 2 (Producción mes),"{""entidad"": ""Filiales"", ""medida"": ""compromiso""}",,124.319138744245
2026-03-27,REPORTE_PRESIDENT,2,Tabla 2 (Producción mes),"{""entidad"": ""Filiales"", ""medida"": ""delta_compromiso""}",,7.43760728783435
2026-03-27,REPORTE_PRESIDENT,2,Tabla 2 (Producción mes),"{""entidad"": ""Upstream"", ""medida"": ""real_mes""}",,726.123612702326
2026-03-27,REPORTE_PRESIDENT,2,Tabla 2 (Producción mes),"{""entidad"": ""Upstream"", ""medida"": ""proy_mes""}",,726.886939786506
2026-03-27,REPORTE_PRESIDENT,2,Tabla 2 (Producción mes),"{""entidad"": ""Upstream"", ""medida"": ""base_p50""}",,732.836506875016
2026-03-27,REPORTE_PRESIDENT,2,Tabla 2 (Producción mes),"{""entidad"": ""Upstream"", ""medida"": ""delta_p50""}",,-5.94956708850998
2026-03-27,REPORTE_PRESIDENT,2,Tabla 2 (Producción mes),"{""entidad"": ""Upstream"", ""medida"": ""compromiso""}",,732.836506875016
2026-03-27,REPORTE_PRESIDENT,2,Tabla 2 (Producción mes),"{""entidad"": ""Upstream"", ""medida"": ""delta_compromiso""}",,-5.94956708850998
2026-03-28,REPORTE_PRESIDENT,1,Tabla 1 (Producción día),"{""entidad"": ""Crudo"", ""medida"": ""real_dia""}",,492.464957416333
2026-03-28,REPORTE_PRESIDENT,1,Tabla 1 (Producción día),"{""entidad"": ""Crudo"", ""medida"": ""programa_dia""}",,505.6102219
2026-03-28,REPORTE_PRESIDENT,1,Tabla 1 (Producción día),"{""entidad"": ""Crudo"", ""medida"": ""delta_dia""}",,-13.145264483667
2026-03-28,REPORTE_PRESIDENT,1,Tabla 1 (Producción día),"{""entidad"": ""Gas"", ""medida"": ""real_dia""}",,80.4176019994602
2026-03-28,REPORTE_PRESIDENT,1,Tabla 1 (Producción día),"{""entidad"": ""Gas"", ""medida"": ""programa_dia""}",,78.4503663
2026-03-28,REPORTE_PRESIDENT,1,Tabla 1 (Producción día),"{""entidad"": ""Gas"", ""medida"": ""delta_dia""}",,1.96723569946019
2026-03-28,REPORTE_PRESIDENT,1,Tabla 1 (Producción día),"{""entidad"": ""Blancos"", ""medida"": ""real_dia""}",,14.101018
2026-03-28,REPORTE_PRESIDENT,1,Tabla 1 (Producción día),"{""entidad"": ""Blancos"", ""medida"": ""programa_dia""}",,14.5113934
2026-03-28,REPORTE_PRESIDENT,1,Tabla 1 (Producción día),"{""entidad"": ""Blancos"", ""medida"": ""delta_dia""}",,-0.4103754
2026-03-28,REPORTE_PRESIDENT,1,Tabla 1 (Producción día),"{""entidad"": ""Ecopetrol"", ""medida"": ""real_dia""}",,586.983577415793
2026-03-28,REPORTE_PRESIDENT,1,Tabla 1 (Producción día),"{""entidad"": ""Ecopetrol"", ""medida"": ""programa_dia""}",,598.5719816
2026-03-28,REPORTE_PRESIDENT,1,Tabla 1 (Producción día),"{""entidad"": ""Ecopetrol"", ""medida"": ""delta_dia""}",,-11.5884041842069
2026-03-28,REPORTE_PRESIDENT,1,Tabla 1 (Producción día),"{""entidad"": ""Filiales"", ""medida"": ""real_dia""}",,130.297565834484
2026-03-28,REPORTE_PRESIDENT,1,Tabla 1 (Producción día),"{""entidad"": ""Filiales"", ""medida"": ""programa_dia""}",,127.319138744245
2026-03-28,REPORTE_PRESIDENT,1,Tabla 1 (Producción día),"{""entidad"": ""Filiales"", ""medida"": ""delta_dia""}",,2.97842709023851
2026-03-28,REPORTE_PRESIDENT,1,Tabla 1 (Producción día),"{""entidad"": ""Upstream"", ""medida"": ""real_dia""}",,717.281143250277
2026-03-28,REPORTE_PRESIDENT,1,Tabla 1 (Producción día),"{""entidad"": ""Upstream"", ""medida"": ""programa_dia""}",,725.891120344245
2026-03-28,REPORTE_PRESIDENT,1,Tabla 1 (Producción día),"{""entidad"": ""Upstream"", ""medida"": ""delta_dia""}",,-8.60997709396838
2026-03-28,REPORTE_PRESIDENT,2,Tabla 2 (Producción mes),"{""entidad"": ""Crudo"", ""medida"": ""real_mes""}",,500.128215615864
2026-03-28,REPORTE_PRESIDENT,2,Tabla 2 (Producción mes),"{""entidad"": ""Crudo"", ""medida"": ""proy_mes""}",,500.984817081559
2026-03-28,REPORTE_PRESIDENT,2,Tabla 2 (Producción mes),"{""entidad"": ""Crudo"", ""medida"": ""base_p50""}",,516.713204239543
2026-03-28,REPORTE_PRESIDENT,2,Tabla 2 (Producción mes),"{""entidad"": ""Crudo"", ""medida"": ""delta_p50""}",,-15.7283871579843
2026-03-28,REPORTE_PRESIDENT,2,Tabla 2 (Producción mes),"{""entidad"": ""Crudo"", ""medida"": ""compromiso""}",,516.713204239543
2026-03-28,REPORTE_PRESIDENT,2,Tabla 2 (Producción mes),"{""entidad"": ""Crudo"", ""medida"": ""delta_compromiso""}",,-15.7283871579843
2026-03-28,REPORTE_PRESIDENT,2,Tabla 2 (Producción mes),"{""entidad"": ""Gas"", ""medida"": ""real_mes""}",,78.7323742076473
2026-03-28,REPORTE_PRESIDENT,2,Tabla 2 (Producción mes),"{""entidad"": ""Gas"", ""medida"": ""proy_mes""}",,78.7636032937573
2026-03-28,REPORTE_PRESIDENT,2,Tabla 2 (Producción mes),"{""entidad"": ""Gas"", ""medida"": ""base_p50""}",,77.4634358912281
2026-03-28,REPORTE_PRESIDENT,2,Tabla 2 (Producción mes),"{""entidad"": ""Gas"", ""medida"": ""delta_p50""}",,1.30016740252927
2026-03-28,REPORTE_PRESIDENT,2,Tabla 2 (Producción mes),"{""entidad"": ""Gas"", ""medida"": ""compromiso""}",,77.4634358912281
2026-03-28,REPORTE_PRESIDENT,2,Tabla 2 (Producción mes),"{""entidad"": ""Gas"", ""medida"": ""delta_compromiso""}",,1.30016740252927
2026-03-28,REPORTE_PRESIDENT,2,Tabla 2 (Producción mes),"{""entidad"": ""Blancos"", ""medida"": ""real_mes""}",,14.4110389962963
2026-03-28,REPORTE_PRESIDENT,2,Tabla 2 (Producción mes),"{""entidad"": ""Blancos"", ""medida"": ""proy_mes""}",,14.3996717806452
2026-03-28,REPORTE_PRESIDENT,2,Tabla 2 (Producción mes),"{""entidad"": ""Blancos"", ""medida"": ""base_p50""}",,14.340728
2026-03-28,REPORTE_PRESIDENT,2,Tabla 2 (Producción mes),"{""entidad"": ""Blancos"", ""medida"": ""delta_p50""}",,0.058943780645162
2026-03-28,REPORTE_PRESIDENT,2,Tabla 2 (Producción mes),"{""entidad"": ""Blancos"", ""medida"": ""compromiso""}",,14.340728
2026-03-28,REPORTE_PRESIDENT,2,Tabla 2 (Producción mes),"{""entidad"": ""Blancos"", ""medida"": ""delta_compromiso""}",,0.058943780645162
2026-03-28,REPORTE_PRESIDENT,2,Tabla 2 (Producción mes),"{""entidad"": ""Ecopetrol"", ""medida"": ""real_mes""}",,593.271628819808
2026-03-28,REPORTE_PRESIDENT,2,Tabla 2 (Producción mes),"{""entidad"": ""Ecopetrol"", ""medida"": ""proy_mes""}",,594.148092155961
2026-03-28,REPORTE_PRESIDENT,2,Tabla 2 (Producción mes),"{""entidad"": ""Ecopetrol"", ""medida"": ""base_p50""}",,608.517368130771
2026-03-28,REPORTE_PRESIDENT,2,Tabla 2 (Producción mes),"{""entidad"": ""Ecopetrol"", ""medida"": ""delta_p50""}",,-14.3692759748099
2026-03-28,REPORTE_PRESIDENT,2,Tabla 2 (Producción mes),"{""entidad"": ""Ecopetrol"", ""medida"": ""compromiso""}",,608.517368130771
2026-03-28,REPORTE_PRESIDENT,2,Tabla 2 (Producción mes),"{""entidad"": ""Ecopetrol"", ""medida"": ""delta_compromiso""}",,-14.3692759748099
2026-03-28,REPORTE_PRESIDENT,2,Tabla 2 (Producción mes),"{""entidad"": ""Filiales"", ""medida"": ""real_mes""}",,132.372666633619
2026-03-28,REPORTE_PRESIDENT,2,Tabla 2 (Producción mes),"{""entidad"": ""Filiales"", ""medida"": ""proy_mes""}",,131.720598518861
2026-03-28,REPORTE_PRESIDENT,2,Tabla 2 (Producción mes),"{""entidad"": ""Filiales"", ""medida"": ""base_p50""}",,124.319138744245
2026-03-28,REPORTE_PRESIDENT,2,Tabla 2 (Producción mes),"{""entidad"": ""Filiales"", ""medida"": ""delta_p50""}",,7.40145977461624
2026-03-28,REPORTE_PRESIDENT,2,Tabla 2 (Producción mes),"{""entidad"": ""Filiales"", ""medida"": ""compromiso""}",,124.319138744245
2026-03-28,REPORTE_PRESIDENT,2,Tabla 2 (Producción mes),"{""entidad"": ""Filiales"", ""medida"": ""delta_compromiso""}",,7.40145977461624
2026-03-28,REPORTE_PRESIDENT,2,Tabla 2 (Producción mes),"{""entidad"": ""Upstream"", ""medida"": ""real_mes""}",,725.644295453427
2026-03-28,REPORTE_PRESIDENT,2,Tabla 2 (Producción mes),"{""entidad"": ""Upstream"", ""medida"": ""proy_mes""}",,725.868690674823
2026-03-28,REPORTE_PRESIDENT,2,Tabla 2 (Producción mes),"{""entidad"": ""Upstream"", ""medida"": ""base_p50""}",,732.836506875016
2026-03-28,REPORTE_PRESIDENT,2,Tabla 2 (Producción mes),"{""entidad"": ""Upstream"", ""medida"": ""delta_p50""}",,-6.96781620019362
2026-03-28,REPORTE_PRESIDENT,2,Tabla 2 (Producción mes),"{""entidad"": ""Upstream"", ""medida"": ""compromiso""}",,732.836506875016
2026-03-28,REPORTE_PRESIDENT,2,Tabla 2 (Producción mes),"{""entidad"": ""Upstream"", ""medida"": ""delta_compromiso""}",,-6.96781620019362
2026-03-29,REPORTE_PRESIDENT,1,Tabla 1 (Producción día),"{""entidad"": ""Crudo"", ""medida"": ""real_dia""}",,500.408029410358
2026-03-29,REPORTE_PRESIDENT,1,Tabla 1 (Producción día),"{""entidad"": ""Crudo"", ""medida"": ""programa_dia""}",,506.1639629
2026-03-29,REPORTE_PRESIDENT,1,Tabla 1 (Producción día),"{""entidad"": ""Crudo"", ""medida"": ""delta_dia""}",,-5.75593348964156
2026-03-29,REPORTE_PRESIDENT,1,Tabla 1 (Producción día),"{""entidad"": ""Gas"", ""medida"": ""real_dia""}",,81.4591783338531
2026-03-29,REPORTE_PRESIDENT,1,Tabla 1 (Producción día),"{""entidad"": ""Gas"", ""medida"": ""programa_dia""}",,78.9866943
2026-03-29,REPORTE_PRESIDENT,1,Tabla 1 (Producción día),"{""entidad"": ""Gas"", ""medida"": ""delta_dia""}",,2.47248403385316
2026-03-29,REPORTE_PRESIDENT,1,Tabla 1 (Producción día),"{""entidad"": ""Blancos"", ""medida"": ""real_dia""}",,14.353793
2026-03-29,REPORTE_PRESIDENT,1,Tabla 1 (Producción día),"{""entidad"": ""Blancos"", ""medida"": ""programa_dia""}",,14.5166128
2026-03-29,REPORTE_PRESIDENT,1,Tabla 1 (Producción día),"{""entidad"": ""Blancos"", ""medida"": ""delta_dia""}",,-0.162819800000001
2026-03-29,REPORTE_PRESIDENT,1,Tabla 1 (Producción día),"{""entidad"": ""Ecopetrol"", ""medida"": ""real_dia""}",,596.221000744212
2026-03-29,REPORTE_PRESIDENT,1,Tabla 1 (Producción día),"{""entidad"": ""Ecopetrol"", ""medida"": ""programa_dia""}",,599.66727
2026-03-29,REPORTE_PRESIDENT,1,Tabla 1 (Producción día),"{""entidad"": ""Ecopetrol"", ""medida"": ""delta_dia""}",,-3.44626925578837
2026-03-29,REPORTE_PRESIDENT,1,Tabla 1 (Producción día),"{""entidad"": ""Filiales"", ""medida"": ""real_dia""}",,131.708690434483
2026-03-29,REPORTE_PRESIDENT,1,Tabla 1 (Producción día),"{""entidad"": ""Filiales"", ""medida"": ""programa_dia""}",,127.319138744245
2026-03-29,REPORTE_PRESIDENT,1,Tabla 1 (Producción día),"{""entidad"": ""Filiales"", ""medida"": ""delta_dia""}",,4.38955169023848
2026-03-29,REPORTE_PRESIDENT,1,Tabla 1 (Producción día),"{""entidad"": ""Upstream"", ""medida"": ""real_dia""}",,727.929691178695
2026-03-29,REPORTE_PRESIDENT,1,Tabla 1 (Producción día),"{""entidad"": ""Upstream"", ""medida"": ""programa_dia""}",,726.986408744245
2026-03-29,REPORTE_PRESIDENT,1,Tabla 1 (Producción día),"{""entidad"": ""Upstream"", ""medida"": ""delta_dia""}",,0.943282434450111
2026-03-29,REPORTE_PRESIDENT,2,Tabla 2 (Producción mes),"{""entidad"": ""Crudo"", ""medida"": ""real_mes""}",,500.137363224922
2026-03-29,REPORTE_PRESIDENT,2,Tabla 2 (Producción mes),"{""entidad"": ""Crudo"", ""medida"": ""proy_mes""}",,500.798377912833
2026-03-29,REPORTE_PRESIDENT,2,Tabla 2 (Producción mes),"{""entidad"": ""Crudo"", ""medida"": ""base_p50""}",,516.713204239543
2026-03-29,REPORTE_PRESIDENT,2,Tabla 2 (Producción mes),"{""entidad"": ""Crudo"", ""medida"": ""delta_p50""}",,-15.9148263267104
2026-03-29,REPORTE_PRESIDENT,2,Tabla 2 (Producción mes),"{""entidad"": ""Crudo"", ""medida"": ""compromiso""}",,516.713204239543
2026-03-29,REPORTE_PRESIDENT,2,Tabla 2 (Producción mes),"{""entidad"": ""Crudo"", ""medida"": ""delta_compromiso""}",,-15.9148263267104
2026-03-29,REPORTE_PRESIDENT,2,Tabla 2 (Producción mes),"{""entidad"": ""Gas"", ""medida"": ""real_mes""}",,78.8296961872366
2026-03-29,REPORTE_PRESIDENT,2,Tabla 2 (Producción mes),"{""entidad"": ""Gas"", ""medida"": ""proy_mes""}",,78.8433031433105
2026-03-29,REPORTE_PRESIDENT,2,Tabla 2 (Producción mes),"{""entidad"": ""Gas"", ""medida"": ""base_p50""}",,77.4634358912281
2026-03-29,REPORTE_PRESIDENT,2,Tabla 2 (Producción mes),"{""entidad"": ""Gas"", ""medida"": ""delta_p50""}",,1.37986725208241
2026-03-29,REPORTE_PRESIDENT,2,Tabla 2 (Producción mes),"{""entidad"": ""Gas"", ""medida"": ""compromiso""}",,77.4634358912281
2026-03-29,REPORTE_PRESIDENT,2,Tabla 2 (Producción mes),"{""entidad"": ""Gas"", ""medida"": ""delta_compromiso""}",,1.37986725208241
2026-03-29,REPORTE_PRESIDENT,2,Tabla 2 (Producción mes),"{""entidad"": ""Blancos"", ""medida"": ""real_mes""}",,14.4089944964286
2026-03-29,REPORTE_PRESIDENT,2,Tabla 2 (Producción mes),"{""entidad"": ""Blancos"", ""medida"": ""proy_mes""}",,14.3944195290323
2026-03-29,REPORTE_PRESIDENT,2,Tabla 2 (Producción mes),"{""entidad"": ""Blancos"", ""medida"": ""base_p50""}",,14.340728
2026-03-29,REPORTE_PRESIDENT,2,Tabla 2 (Producción mes),"{""entidad"": ""Blancos"", ""medida"": ""delta_p50""}",,0.0536915290322568
2026-03-29,REPORTE_PRESIDENT,2,Tabla 2 (Producción mes),"{""entidad"": ""Blancos"", ""medida"": ""compromiso""}",,14.340728
2026-03-29,REPORTE_PRESIDENT,2,Tabla 2 (Producción mes),"{""entidad"": ""Blancos"", ""medida"": ""delta_compromiso""}",,0.0536915290322568
2026-03-29,REPORTE_PRESIDENT,2,Tabla 2 (Producción mes),"{""entidad"": ""Ecopetrol"", ""medida"": ""real_mes""}",,593.376053908587
2026-03-29,REPORTE_PRESIDENT,2,Tabla 2 (Producción mes),"{""entidad"": ""Ecopetrol"", ""medida"": ""proy_mes""}",,594.036100585176
2026-03-29,REPORTE_PRESIDENT,2,Tabla 2 (Producción mes),"{""entidad"": ""Ecopetrol"", ""medida"": ""base_p50""}",,608.517368130771
2026-03-29,REPORTE_PRESIDENT,2,Tabla 2 (Producción mes),"{""entidad"": ""Ecopetrol"", ""medida"": ""delta_p50""}",,-14.4812675455958
2026-03-29,REPORTE_PRESIDENT,2,Tabla 2 (Producción mes),"{""entidad"": ""Ecopetrol"", ""medida"": ""compromiso""}",,608.517368130771
2026-03-29,REPORTE_PRESIDENT,2,Tabla 2 (Producción mes),"{""entidad"": ""Ecopetrol"", ""medida"": ""delta_compromiso""}",,-14.4812675455958
2026-03-29,REPORTE_PRESIDENT,2,Tabla 2 (Producción mes),"{""entidad"": ""Filiales"", ""medida"": ""real_mes""}",,132.54066748365
2026-03-29,REPORTE_PRESIDENT,2,Tabla 2 (Producción mes),"{""entidad"": ""Filiales"", ""medida"": ""proy_mes""}",,132.035358250804
2026-03-29,REPORTE_PRESIDENT,2,Tabla 2 (Producción mes),"{""entidad"": ""Filiales"", ""medida"": ""base_p50""}",,124.319138744245
2026-03-29,REPORTE_PRESIDENT,2,Tabla 2 (Producción mes),"{""entidad"": ""Filiales"", ""medida"": ""delta_p50""}",,7.71621950655943
2026-03-29,REPORTE_PRESIDENT,2,Tabla 2 (Producción mes),"{""entidad"": ""Filiales"", ""medida"": ""compromiso""}",,124.319138744245
2026-03-29,REPORTE_PRESIDENT,2,Tabla 2 (Producción mes),"{""entidad"": ""Filiales"", ""medida"": ""delta_compromiso""}",,7.71621950655943
2026-03-29,REPORTE_PRESIDENT,2,Tabla 2 (Producción mes),"{""entidad"": ""Upstream"", ""medida"": ""real_mes""}",,725.916721392237
2026-03-29,REPORTE_PRESIDENT,2,Tabla 2 (Producción mes),"{""entidad"": ""Upstream"", ""medida"": ""proy_mes""}",,726.07145883598
2026-03-29,REPORTE_PRESIDENT,2,Tabla 2 (Producción mes),"{""entidad"": ""Upstream"", ""medida"": ""base_p50""}",,732.836506875016
2026-03-29,REPORTE_PRESIDENT,2,Tabla 2 (Producción mes),"{""entidad"": ""Upstream"", ""medida"": ""delta_p50""}",,-6.7650480390364
2026-03-29,REPORTE_PRESIDENT,2,Tabla 2 (Producción mes),"{""entidad"": ""Upstream"", ""medida"": ""compromiso""}",,732.836506875016
2026-03-29,REPORTE_PRESIDENT,2,Tabla 2 (Producción mes),"{""entidad"": ""Upstream"", ""medida"": ""delta_compromiso""}",,-6.7650480390364
2026-03-30,REPORTE_PRESIDENT,1,Tabla 1 (Producción día),"{""entidad"": ""Crudo"", ""medida"": ""real_dia""}",,499.162382605681
2026-03-30,REPORTE_PRESIDENT,1,Tabla 1 (Producción día),"{""entidad"": ""Crudo"", ""medida"": ""programa_dia""}",,506.7210978
2026-03-30,REPORTE_PRESIDENT,1,Tabla 1 (Producción día),"{""entidad"": ""Crudo"", ""medida"": ""delta_dia""}",,-7.55871519431867
2026-03-30,REPORTE_PRESIDENT,1,Tabla 1 (Producción día),"{""entidad"": ""Gas"", ""medida"": ""real_dia""}",,81.1593098859649
2026-03-30,REPORTE_PRESIDENT,1,Tabla 1 (Producción día),"{""entidad"": ""Gas"", ""medida"": ""programa_dia""}",,79.0293805
2026-03-30,REPORTE_PRESIDENT,1,Tabla 1 (Producción día),"{""entidad"": ""Gas"", ""medida"": ""delta_dia""}",,2.1299293859649
2026-03-30,REPORTE_PRESIDENT,1,Tabla 1 (Producción día),"{""entidad"": ""Blancos"", ""medida"": ""real_dia""}",,14.442627
2026-03-30,REPORTE_PRESIDENT,1,Tabla 1 (Producción día),"{""entidad"": ""Blancos"", ""medida"": ""programa_dia""}",,14.5182587
2026-03-30,REPORTE_PRESIDENT,1,Tabla 1 (Producción día),"{""entidad"": ""Blancos"", ""medida"": ""delta_dia""}",,-0.0756317000000006
2026-03-30,REPORTE_PRESIDENT,1,Tabla 1 (Producción día),"{""entidad"": ""Ecopetrol"", ""medida"": ""real_dia""}",,594.764319491646
2026-03-30,REPORTE_PRESIDENT,1,Tabla 1 (Producción día),"{""entidad"": ""Ecopetrol"", ""medida"": ""programa_dia""}",,600.268737
2026-03-30,REPORTE_PRESIDENT,1,Tabla 1 (Producción día),"{""entidad"": ""Ecopetrol"", ""medida"": ""delta_dia""}",,-5.50441750835375
2026-03-30,REPORTE_PRESIDENT,1,Tabla 1 (Producción día),"{""entidad"": ""Filiales"", ""medida"": ""real_dia""}",,134.571001134484
2026-03-30,REPORTE_PRESIDENT,1,Tabla 1 (Producción día),"{""entidad"": ""Filiales"", ""medida"": ""programa_dia""}",,127.319138744245
2026-03-30,REPORTE_PRESIDENT,1,Tabla 1 (Producción día),"{""entidad"": ""Filiales"", ""medida"": ""delta_dia""}",,7.2518623902385
2026-03-30,REPORTE_PRESIDENT,1,Tabla 1 (Producción día),"{""entidad"": ""Upstream"", ""medida"": ""real_dia""}",,729.33532062613
2026-03-30,REPORTE_PRESIDENT,1,Tabla 1 (Producción día),"{""entidad"": ""Upstream"", ""medida"": ""programa_dia""}",,727.587875744245
2026-03-30,REPORTE_PRESIDENT,1,Tabla 1 (Producción día),"{""entidad"": ""Upstream"", ""medida"": ""delta_dia""}",,1.74744488188469
2026-03-30,REPORTE_PRESIDENT,2,Tabla 2 (Producción mes),"{""entidad"": ""Crudo"", ""medida"": ""real_mes""}",,500.103655823734
2026-03-30,REPORTE_PRESIDENT,2,Tabla 2 (Producción mes),"{""entidad"": ""Crudo"", ""medida"": ""proy_mes""}",,500.554466648009
2026-03-30,REPORTE_PRESIDENT,2,Tabla 2 (Producción mes),"{""entidad"": ""Crudo"", ""medida"": ""base_p50""}",,516.713204239543
2026-03-30,REPORTE_PRESIDENT,2,Tabla 2 (Producción mes),"{""entidad"": ""Crudo"", ""medida"": ""delta_p50""}",,-16.1587375915341
2026-03-30,REPORTE_PRESIDENT,2,Tabla 2 (Producción mes),"{""entidad"": ""Crudo"", ""medida"": ""compromiso""}",,516.713204239543
2026-03-30,REPORTE_PRESIDENT,2,Tabla 2 (Producción mes),"{""entidad"": ""Crudo"", ""medida"": ""delta_compromiso""}",,-16.1587375915341
2026-03-30,REPORTE_PRESIDENT,2,Tabla 2 (Producción mes),"{""entidad"": ""Gas"", ""medida"": ""real_mes""}",,78.9099661819117
2026-03-30,REPORTE_PRESIDENT,2,Tabla 2 (Producción mes),"{""entidad"": ""Gas"", ""medida"": ""proy_mes""}",,78.9119529992077
2026-03-30,REPORTE_PRESIDENT,2,Tabla 2 (Producción mes),"{""entidad"": ""Gas"", ""medida"": ""base_p50""}",,77.4634358912281
2026-03-30,REPORTE_PRESIDENT,2,Tabla 2 (Producción mes),"{""entidad"": ""Gas"", ""medida"": ""delta_p50""}",,1.44851710797961
2026-03-30,REPORTE_PRESIDENT,2,Tabla 2 (Producción mes),"{""entidad"": ""Gas"", ""medida"": ""compromiso""}",,77.4634358912281
2026-03-30,REPORTE_PRESIDENT,2,Tabla 2 (Producción mes),"{""entidad"": ""Gas"", ""medida"": ""delta_compromiso""}",,1.44851710797961
2026-03-30,REPORTE_PRESIDENT,2,Tabla 2 (Producción mes),"{""entidad"": ""Blancos"", ""medida"": ""real_mes""}",,14.410154237931
2026-03-30,REPORTE_PRESIDENT,2,Tabla 2 (Producción mes),"{""entidad"": ""Blancos"", ""medida"": ""proy_mes""}",,14.3919797967742
2026-03-30,REPORTE_PRESIDENT,2,Tabla 2 (Producción mes),"{""entidad"": ""Blancos"", ""medida"": ""base_p50""}",,14.340728
2026-03-30,REPORTE_PRESIDENT,2,Tabla 2 (Producción mes),"{""entidad"": ""Blancos"", ""medida"": ""delta_p50""}",,0.0512517967741957
2026-03-30,REPORTE_PRESIDENT,2,Tabla 2 (Producción mes),"{""entidad"": ""Blancos"", ""medida"": ""compromiso""}",,14.340728
2026-03-30,REPORTE_PRESIDENT,2,Tabla 2 (Producción mes),"{""entidad"": ""Blancos"", ""medida"": ""delta_compromiso""}",,0.0512517967741957
2026-03-30,REPORTE_PRESIDENT,2,Tabla 2 (Producción mes),"{""entidad"": ""Ecopetrol"", ""medida"": ""real_mes""}",,593.423776243577
2026-03-30,REPORTE_PRESIDENT,2,Tabla 2 (Producción mes),"{""entidad"": ""Ecopetrol"", ""medida"": ""proy_mes""}",,593.858399443991
2026-03-30,REPORTE_PRESIDENT,2,Tabla 2 (Producción mes),"{""entidad"": ""Ecopetrol"", ""medida"": ""base_p50""}",,608.517368130771
2026-03-30,REPORTE_PRESIDENT,2,Tabla 2 (Producción mes),"{""entidad"": ""Ecopetrol"", ""medida"": ""delta_p50""}",,-14.6589686867803
2026-03-30,REPORTE_PRESIDENT,2,Tabla 2 (Producción mes),"{""entidad"": ""Ecopetrol"", ""medida"": ""compromiso""}",,608.517368130771
2026-03-30,REPORTE_PRESIDENT,2,Tabla 2 (Producción mes),"{""entidad"": ""Ecopetrol"", ""medida"": ""delta_compromiso""}",,-14.6589686867803
2026-03-30,REPORTE_PRESIDENT,2,Tabla 2 (Producción mes),"{""entidad"": ""Filiales"", ""medida"": ""real_mes""}",,132.715920368162
2026-03-30,REPORTE_PRESIDENT,2,Tabla 2 (Producción mes),"{""entidad"": ""Filiales"", ""medida"": ""proy_mes""}",,132.367740908554
2026-03-30,REPORTE_PRESIDENT,2,Tabla 2 (Producción mes),"{""entidad"": ""Filiales"", ""medida"": ""base_p50""}",,124.319138744245
2026-03-30,REPORTE_PRESIDENT,2,Tabla 2 (Producción mes),"{""entidad"": ""Filiales"", ""medida"": ""delta_p50""}",,8.04860216430906
2026-03-30,REPORTE_PRESIDENT,2,Tabla 2 (Producción mes),"{""entidad"": ""Filiales"", ""medida"": ""compromiso""}",,124.319138744245
2026-03-30,REPORTE_PRESIDENT,2,Tabla 2 (Producción mes),"{""entidad"": ""Filiales"", ""medida"": ""delta_compromiso""}",,8.04860216430906
2026-03-30,REPORTE_PRESIDENT,2,Tabla 2 (Producción mes),"{""entidad"": ""Upstream"", ""medida"": ""real_mes""}",,726.139696611738
2026-03-30,REPORTE_PRESIDENT,2,Tabla 2 (Producción mes),"{""entidad"": ""Upstream"", ""medida"": ""proy_mes""}",,726.226140352545
2026-03-30,REPORTE_PRESIDENT,2,Tabla 2 (Producción mes),"{""entidad"": ""Upstream"", ""medida"": ""base_p50""}",,732.836506875016
2026-03-30,REPORTE_PRESIDENT,2,Tabla 2 (Producción mes),"{""entidad"": ""Upstream"", ""medida"": ""delta_p50""}",,-6.61036652247128
2026-03-30,REPORTE_PRESIDENT,2,Tabla 2 (Producción mes),"{""entidad"": ""Upstream"", ""medida"": ""compromiso""}",,732.836506875016
2026-03-30,REPORTE_PRESIDENT,2,Tabla 2 (Producción mes),"{""entidad"": ""Upstream"", ""medida"": ""delta_compromiso""}",,-6.61036652247128
2026-03-31,REPORTE_PRESIDENT,1,Tabla 1 (Producción día),"{""entidad"": ""Crudo"", ""medida"": ""real_dia""}",,499.25704127929
2026-03-31,REPORTE_PRESIDENT,1,Tabla 1 (Producción día),"{""entidad"": ""Crudo"", ""medida"": ""programa_dia""}",,506.9800961
2026-03-31,REPORTE_PRESIDENT,1,Tabla 1 (Producción día),"{""entidad"": ""Crudo"", ""medida"": ""delta_dia""}",,-7.72305482070993
2026-03-31,REPORTE_PRESIDENT,1,Tabla 1 (Producción día),"{""entidad"": ""Gas"", ""medida"": ""real_dia""}",,80.2323747105263
2026-03-31,REPORTE_PRESIDENT,1,Tabla 1 (Producción día),"{""entidad"": ""Gas"", ""medida"": ""programa_dia""}",,79.0405401
2026-03-31,REPORTE_PRESIDENT,1,Tabla 1 (Producción día),"{""entidad"": ""Gas"", ""medida"": ""delta_dia""}",,1.19183461052633
2026-03-31,REPORTE_PRESIDENT,1,Tabla 1 (Producción día),"{""entidad"": ""Blancos"", ""medida"": ""real_dia""}",,12.935205
2026-03-31,REPORTE_PRESIDENT,1,Tabla 1 (Producción día),"{""entidad"": ""Blancos"", ""medida"": ""programa_dia""}",,14.2122071
2026-03-31,REPORTE_PRESIDENT,1,Tabla 1 (Producción día),"{""entidad"": ""Blancos"", ""medida"": ""delta_dia""}",,-1.2770021
2026-03-31,REPORTE_PRESIDENT,1,Tabla 1 (Producción día),"{""entidad"": ""Ecopetrol"", ""medida"": ""real_dia""}",,592.424620989816
2026-03-31,REPORTE_PRESIDENT,1,Tabla 1 (Producción día),"{""entidad"": ""Ecopetrol"", ""medida"": ""programa_dia""}",,600.2328433
2026-03-31,REPORTE_PRESIDENT,1,Tabla 1 (Producción día),"{""entidad"": ""Ecopetrol"", ""medida"": ""delta_dia""}",,-7.80822231018351
2026-03-31,REPORTE_PRESIDENT,1,Tabla 1 (Producción día),"{""entidad"": ""Filiales"", ""medida"": ""real_dia""}",,134.008408748511
2026-03-31,REPORTE_PRESIDENT,1,Tabla 1 (Producción día),"{""entidad"": ""Filiales"", ""medida"": ""programa_dia""}",,127.319138744245
2026-03-31,REPORTE_PRESIDENT,1,Tabla 1 (Producción día),"{""entidad"": ""Filiales"", ""medida"": ""delta_dia""}",,6.68927000426564
2026-03-31,REPORTE_PRESIDENT,1,Tabla 1 (Producción día),"{""entidad"": ""Upstream"", ""medida"": ""real_dia""}",,726.433029738327
2026-03-31,REPORTE_PRESIDENT,1,Tabla 1 (Producción día),"{""entidad"": ""Upstream"", ""medida"": ""programa_dia""}",,727.551982044245
2026-03-31,REPORTE_PRESIDENT,1,Tabla 1 (Producción día),"{""entidad"": ""Upstream"", ""medida"": ""delta_dia""}",,-1.1189523059179
2026-03-31,REPORTE_PRESIDENT,2,Tabla 2 (Producción mes),"{""entidad"": ""Crudo"", ""medida"": ""real_mes""}",,500.109573374006
2026-03-31,REPORTE_PRESIDENT,2,Tabla 2 (Producción mes),"{""entidad"": ""Crudo"", ""medida"": ""proy_mes""}",,500.338372655489
2026-03-31,REPORTE_PRESIDENT,2,Tabla 2 (Producción mes),"{""entidad"": ""Crudo"", ""medida"": ""base_p50""}",,516.713204239543
2026-03-31,REPORTE_PRESIDENT,2,Tabla 2 (Producción mes),"{""entidad"": ""Crudo"", ""medida"": ""delta_p50""}",,-16.3748315840538
2026-03-31,REPORTE_PRESIDENT,2,Tabla 2 (Producción mes),"{""entidad"": ""Crudo"", ""medida"": ""compromiso""}",,516.713204239543
2026-03-31,REPORTE_PRESIDENT,2,Tabla 2 (Producción mes),"{""entidad"": ""Crudo"", ""medida"": ""delta_compromiso""}",,-16.3748315840538
2026-03-31,REPORTE_PRESIDENT,2,Tabla 2 (Producción mes),"{""entidad"": ""Gas"", ""medida"": ""real_mes""}",,78.9559996831579
2026-03-31,REPORTE_PRESIDENT,2,Tabla 2 (Producción mes),"{""entidad"": ""Gas"", ""medida"": ""proy_mes""}",,78.952289486927
2026-03-31,REPORTE_PRESIDENT,2,Tabla 2 (Producción mes),"{""entidad"": ""Gas"", ""medida"": ""base_p50""}",,77.4634358912281
2026-03-31,REPORTE_PRESIDENT,2,Tabla 2 (Producción mes),"{""entidad"": ""Gas"", ""medida"": ""delta_p50""}",,1.48885359569893
2026-03-31,REPORTE_PRESIDENT,2,Tabla 2 (Producción mes),"{""entidad"": ""Gas"", ""medida"": ""compromiso""}",,77.4634358912281
2026-03-31,REPORTE_PRESIDENT,2,Tabla 2 (Producción mes),"{""entidad"": ""Gas"", ""medida"": ""delta_compromiso""}",,1.48885359569893
2026-03-31,REPORTE_PRESIDENT,2,Tabla 2 (Producción mes),"{""entidad"": ""Blancos"", ""medida"": ""real_mes""}",,14.36145293
2026-03-31,REPORTE_PRESIDENT,2,Tabla 2 (Producción mes),"{""entidad"": ""Blancos"", ""medida"": ""proy_mes""}",,14.3512348903226
2026-03-31,REPORTE_PRESIDENT,2,Tabla 2 (Producción mes),"{""entidad"": ""Blancos"", ""medida"": ""base_p50""}",,14.340728
2026-03-31,REPORTE_PRESIDENT,2,Tabla 2 (Producción mes),"{""entidad"": ""Blancos"", ""medida"": ""delta_p50""}",,0.0105068903225831
2026-03-31,REPORTE_PRESIDENT,2,Tabla 2 (Producción mes),"{""entidad"": ""Blancos"", ""medida"": ""compromiso""}",,14.340728
2026-03-31,REPORTE_PRESIDENT,2,Tabla 2 (Producción mes),"{""entidad"": ""Blancos"", ""medida"": ""delta_compromiso""}",,0.0105068903225831
2026-03-31,REPORTE_PRESIDENT,2,Tabla 2 (Producción mes),"{""entidad"": ""Ecopetrol"", ""medida"": ""real_mes""}",,593.427025987163
2026-03-31,REPORTE_PRESIDENT,2,Tabla 2 (Producción mes),"{""entidad"": ""Ecopetrol"", ""medida"": ""proy_mes""}",,593.641897032739
2026-03-31,REPORTE_PRESIDENT,2,Tabla 2 (Producción mes),"{""entidad"": ""Ecopetrol"", ""medida"": ""base_p50""}",,608.517368130771
2026-03-31,REPORTE_PRESIDENT,2,Tabla 2 (Producción mes),"{""entidad"": ""Ecopetrol"", ""medida"": ""delta_p50""}",,-14.8754710980323
2026-03-31,REPORTE_PRESIDENT,2,Tabla 2 (Producción mes),"{""entidad"": ""Ecopetrol"", ""medida"": ""compromiso""}",,608.517368130771
2026-03-31,REPORTE_PRESIDENT,2,Tabla 2 (Producción mes),"{""entidad"": ""Ecopetrol"", ""medida"": ""delta_compromiso""}",,-14.8754710980323
2026-03-31,REPORTE_PRESIDENT,2,Tabla 2 (Producción mes),"{""entidad"": ""Filiales"", ""medida"": ""real_mes""}",,132.99643603849
2026-03-31,REPORTE_PRESIDENT,2,Tabla 2 (Producción mes),"{""entidad"": ""Filiales"", ""medida"": ""proy_mes""}",,132.813297416095
2026-03-31,REPORTE_PRESIDENT,2,Tabla 2 (Producción mes),"{""entidad"": ""Filiales"", ""medida"": ""base_p50""}",,124.319138744245
2026-03-31,REPORTE_PRESIDENT,2,Tabla 2 (Producción mes),"{""entidad"": ""Filiales"", ""medida"": ""delta_p50""}",,8.49415867184975
2026-03-31,REPORTE_PRESIDENT,2,Tabla 2 (Producción mes),"{""entidad"": ""Filiales"", ""medida"": ""compromiso""}",,124.319138744245
2026-03-31,REPORTE_PRESIDENT,2,Tabla 2 (Producción mes),"{""entidad"": ""Filiales"", ""medida"": ""delta_compromiso""}",,8.49415867184975
2026-03-31,REPORTE_PRESIDENT,2,Tabla 2 (Producción mes),"{""entidad"": ""Upstream"", ""medida"": ""real_mes""}",,726.423462025653
2026-03-31,REPORTE_PRESIDENT,2,Tabla 2 (Producción mes),"{""entidad"": ""Upstream"", ""medida"": ""proy_mes""}",,726.455194448834
2026-03-31,REPORTE_PRESIDENT,2,Tabla 2 (Producción mes),"{""entidad"": ""Upstream"", ""medida"": ""base_p50""}",,732.836506875016
2026-03-31,REPORTE_PRESIDENT,2,Tabla 2 (Producción mes),"{""entidad"": ""Upstream"", ""medida"": ""delta_p50""}",,-6.3813124261826
2026-03-31,REPORTE_PRESIDENT,2,Tabla 2 (Producción mes),"{""entidad"": ""Upstream"", ""medida"": ""compromiso""}",,732.836506875016
2026-03-31,REPORTE_PRESIDENT,2,Tabla 2 (Producción mes),"{""entidad"": ""Upstream"", ""medida"": ""delta_compromiso""}",,-6.3813124261826
